model,poly_feature,coef_standardized_poly,abs_coef_standardized_poly,alpha,backend
RidgePoly2_torch,intercept,43.80514933971465,43.80514933971465,429.7004704320844,torch_cuda
RidgePoly2_torch,mag_skewness phase_jump_k_max_abs,5.165847434336599,5.165847434336599,429.7004704320844,torch_cuda
RidgePoly2_torch,mag_skewness phase_jump_m_max_abs,4.9224467847457225,4.9224467847457225,429.7004704320844,torch_cuda
RidgePoly2_torch,mag_skewness,-4.072400675723696,4.072400675723696,429.7004704320844,torch_cuda
RidgePoly2_torch,svd_sigma_ratio^2,3.5394740398949387,3.5394740398949387,429.7004704320844,torch_cuda
RidgePoly2_torch,phase_circular_mean^2,-2.6883982135053843,2.6883982135053843,429.7004704320844,torch_cuda
RidgePoly2_torch,phase_jump_m_max_abs svd_sigma_ratio,-2.508413013280064,2.508413013280064,429.7004704320844,torch_cuda
RidgePoly2_torch,mag_dynamic_range_db svd_sigma_ratio,-2.4210157255508706,2.4210157255508706,429.7004704320844,torch_cuda
RidgePoly2_torch,phase_circular_variance,2.3125635561233064,2.3125635561233064,429.7004704320844,torch_cuda
RidgePoly2_torch,phase_coherence,-2.312563556121619,2.312563556121619,429.7004704320844,torch_cuda
RidgePoly2_torch,mag_min phase_jump_k_max_abs,2.253788279374963,2.253788279374963,429.7004704320844,torch_cuda
RidgePoly2_torch,mag_percentile_1 mag_skewness,2.168614772885233,2.168614772885233,429.7004704320844,torch_cuda
RidgePoly2_torch,phase_jump_k_max_abs pdp_los_peak_power,-2.1111865044275993,2.1111865044275993,429.7004704320844,torch_cuda
RidgePoly2_torch,mag_min phase_jump_m_max_abs,2.104706651413337,2.104706651413337,429.7004704320844,torch_cuda
RidgePoly2_torch,mag_min mag_skewness,-2.0332394102916487,2.0332394102916487,429.7004704320844,torch_cuda
RidgePoly2_torch,mag_min pdp_los_peak_power,1.930778991547009,1.930778991547009,429.7004704320844,torch_cuda
RidgePoly2_torch,mag_percentile_5 svd_sigma_2,1.9027841701023829,1.9027841701023829,429.7004704320844,torch_cuda
RidgePoly2_torch,phase_jump_k_max_abs svd_sigma_ratio,-1.8664793283891765,1.8664793283891765,429.7004704320844,torch_cuda
RidgePoly2_torch,mag_var mag_energy_total,-1.7972910728772227,1.7972910728772227,429.7004704320844,torch_cuda
RidgePoly2_torch,mag_var pdp_total_energy,-1.797291072877015,1.797291072877015,429.7004704320844,torch_cuda
RidgePoly2_torch,mag_skewness pdp_los_peak_power,1.7408876948912109,1.7408876948912109,429.7004704320844,torch_cuda
RidgePoly2_torch,mag_dynamic_range_db phase_jump_m_max_abs,1.7239965729208933,1.7239965729208933,429.7004704320844,torch_cuda
RidgePoly2_torch,mag_skewness svd_sigma_ratio,-1.69674867164774,1.69674867164774,429.7004704320844,torch_cuda
RidgePoly2_torch,phase_unwrap_k_mean phase_jump_k_max_abs,-1.6717122153512234,1.6717122153512234,429.7004704320844,torch_cuda
RidgePoly2_torch,mag_percentile_50,1.6488760251527514,1.6488760251527514,429.7004704320844,torch_cuda
RidgePoly2_torch,pdp_total_energy,1.6059247245684807,1.6059247245684807,429.7004704320844,torch_cuda
RidgePoly2_torch,mag_energy_total,1.605924724568272,1.605924724568272,429.7004704320844,torch_cuda
RidgePoly2_torch,mag_min mag_entropy_normalized,-1.6043822985403005,1.6043822985403005,429.7004704320844,torch_cuda
RidgePoly2_torch,mag_min mag_entropy,-1.604382298540237,1.604382298540237,429.7004704320844,torch_cuda
RidgePoly2_torch,phase_jump_m_max_abs pdp_los_peak_power,-1.592912950604779,1.592912950604779,429.7004704320844,torch_cuda
RidgePoly2_torch,mag_var pdp_los_peak_power,-1.5735197521544562,1.5735197521544562,429.7004704320844,torch_cuda
RidgePoly2_torch,phase_unwrap_k_mean phase_jump_m_max_abs,-1.5424538075633123,1.5424538075633123,429.7004704320844,torch_cuda
RidgePoly2_torch,mag_percentile_25,1.5313326544895176,1.5313326544895176,429.7004704320844,torch_cuda
RidgePoly2_torch,mag_dynamic_range_db mag_skewness,1.493732315981772,1.493732315981772,429.7004704320844,torch_cuda
RidgePoly2_torch,phase_circular_mean pdp_los_peak_power,-1.4212494988510702,1.4212494988510702,429.7004704320844,torch_cuda
RidgePoly2_torch,mag_entropy_normalized mag_skewness,-1.4140597290335792,1.4140597290335792,429.7004704320844,torch_cuda
RidgePoly2_torch,mag_entropy mag_skewness,-1.4140597290332806,1.4140597290332806,429.7004704320844,torch_cuda
RidgePoly2_torch,mag_dynamic_range_db phase_jump_k_max_abs,1.3989923419391352,1.3989923419391352,429.7004704320844,torch_cuda
RidgePoly2_torch,mag_entropy^2,-1.3904546939719815,1.3904546939719815,429.7004704320844,torch_cuda
RidgePoly2_torch,mag_entropy_normalized^2,-1.3904546939718938,1.3904546939718938,429.7004704320844,torch_cuda
RidgePoly2_torch,mag_entropy mag_entropy_normalized,-1.3904546939715259,1.3904546939715259,429.7004704320844,torch_cuda
RidgePoly2_torch,mag_percentile_5 mag_skewness,1.3781747636766155,1.3781747636766155,429.7004704320844,torch_cuda
RidgePoly2_torch,mag_percentile_50 phase_jump_k_max_abs,-1.3667134850666662,1.3667134850666662,429.7004704320844,torch_cuda
RidgePoly2_torch,phase_circular_mean svd_sigma_ratio,-1.3481534490942517,1.3481534490942517,429.7004704320844,torch_cuda
RidgePoly2_torch,mag_percentile_1 mag_entropy,1.3378128458454053,1.3378128458454053,429.7004704320844,torch_cuda
RidgePoly2_torch,mag_percentile_1 mag_entropy_normalized,1.337812845844595,1.337812845844595,429.7004704320844,torch_cuda
RidgePoly2_torch,mag_percentile_1 doppler_spread,1.3281936147753797,1.3281936147753797,429.7004704320844,torch_cuda
RidgePoly2_torch,mag_min phase_coherence,1.32438780055455,1.32438780055455,429.7004704320844,torch_cuda
RidgePoly2_torch,mag_min phase_circular_variance,-1.324387800553943,1.324387800553943,429.7004704320844,torch_cuda
RidgePoly2_torch,mag_max mag_entropy,-1.3214905303782885,1.3214905303782885,429.7004704320844,torch_cuda
RidgePoly2_torch,mag_max mag_entropy_normalized,-1.3214905303777966,1.3214905303777966,429.7004704320844,torch_cuda
RidgePoly2_torch,mag_percentile_25 svd_sigma_2,1.2873919691756324,1.2873919691756324,429.7004704320844,torch_cuda
RidgePoly2_torch,phase_jump_k_max_abs svd_spectral_flatness,-1.2727535217018349,1.2727535217018349,429.7004704320844,torch_cuda
RidgePoly2_torch,phase_jump_m_max_abs^2,1.2714134122779903,1.2714134122779903,429.7004704320844,torch_cuda
RidgePoly2_torch,mag_percentile_25 phase_jump_k_max_abs,-1.2587031568081086,1.2587031568081086,429.7004704320844,torch_cuda
RidgePoly2_torch,mag_var mag_min,1.2505629941285148,1.2505629941285148,429.7004704320844,torch_cuda
RidgePoly2_torch,mag_percentile_1 svd_sigma_2,1.2296142608137026,1.2296142608137026,429.7004704320844,torch_cuda
RidgePoly2_torch,mag_var mag_dynamic_range_linear,-1.2141287306104456,1.2141287306104456,429.7004704320844,torch_cuda
RidgePoly2_torch,mag_skewness dH_dt_max,1.2026091877396334,1.2026091877396334,429.7004704320844,torch_cuda
RidgePoly2_torch,mag_min mag_percentile_1,1.1905371218410874,1.1905371218410874,429.7004704320844,torch_cuda
RidgePoly2_torch,mag_var mag_entropy_normalized,-1.1775590957655793,1.1775590957655793,429.7004704320844,torch_cuda
RidgePoly2_torch,mag_var mag_entropy,-1.1775590957654358,1.1775590957654358,429.7004704320844,torch_cuda
RidgePoly2_torch,mag_dynamic_range_linear mag_entropy,-1.1546875258718385,1.1546875258718385,429.7004704320844,torch_cuda
RidgePoly2_torch,mag_dynamic_range_linear mag_entropy_normalized,-1.154687525871705,1.154687525871705,429.7004704320844,torch_cuda
RidgePoly2_torch,mag_var mag_max,-1.1540399846892002,1.1540399846892002,429.7004704320844,torch_cuda
RidgePoly2_torch,mag_percentile_1,-1.1504743349765874,1.1504743349765874,429.7004704320844,torch_cuda
RidgePoly2_torch,mag_percentile_50 phase_jump_m_max_abs,-1.135115204279625,1.135115204279625,429.7004704320844,torch_cuda
RidgePoly2_torch,mag_energy_total phase_circular_mean,-1.1292302995977914,1.1292302995977914,429.7004704320844,torch_cuda
RidgePoly2_torch,phase_circular_mean pdp_total_energy,-1.1292302995974435,1.1292302995974435,429.7004704320844,torch_cuda
RidgePoly2_torch,mag_percentile_1 svd_sigma_ratio,-1.1239327105013148,1.1239327105013148,429.7004704320844,torch_cuda
RidgePoly2_torch,svd_sigma_1,1.0979814608084346,1.0979814608084346,429.7004704320844,torch_cuda
RidgePoly2_torch,mag_min phase_unwrap_k_mean,1.093356439241006,1.093356439241006,429.7004704320844,torch_cuda
RidgePoly2_torch,mag_min mag_dynamic_range_db,1.0872642205537892,1.0872642205537892,429.7004704320844,torch_cuda
RidgePoly2_torch,svd_sigma_ratio,1.083830413534219,1.083830413534219,429.7004704320844,torch_cuda
RidgePoly2_torch,pdp_papr_linear,-1.0793487228582874,1.0793487228582874,429.7004704320844,torch_cuda
RidgePoly2_torch,pdp_los_ratio,-1.0793485766788988,1.0793485766788988,429.7004704320844,torch_cuda
RidgePoly2_torch,mag_mean,1.077662692640788,1.077662692640788,429.7004704320844,torch_cuda
RidgePoly2_torch,mag_min mag_percentile_50,1.0764548075989246,1.0764548075989246,429.7004704320844,torch_cuda
RidgePoly2_torch,mag_percentile_5 mag_entropy_normalized,1.0641875088424868,1.0641875088424868,429.7004704320844,torch_cuda
RidgePoly2_torch,mag_percentile_5 mag_entropy,1.0641875088419939,1.0641875088419939,429.7004704320844,torch_cuda
RidgePoly2_torch,mag_rms,1.0625841288237676,1.0625841288237676,429.7004704320844,torch_cuda
RidgePoly2_torch,phase_circular_mean,1.0591232881814083,1.0591232881814083,429.7004704320844,torch_cuda
RidgePoly2_torch,mag_percentile_5 phase_circular_mean,-1.0522349280829069,1.0522349280829069,429.7004704320844,torch_cuda
RidgePoly2_torch,mag_energy_total mag_skewness,1.0455001187365565,1.0455001187365565,429.7004704320844,torch_cuda
RidgePoly2_torch,mag_skewness pdp_total_energy,1.0455001187359707,1.0455001187359707,429.7004704320844,torch_cuda
RidgePoly2_torch,phase_circular_mean doppler_spread,1.0327301246126828,1.0327301246126828,429.7004704320844,torch_cuda
RidgePoly2_torch,mag_min phase_circular_mean,-1.0301745037710355,1.0301745037710355,429.7004704320844,torch_cuda
RidgePoly2_torch,svd_spectral_flatness,1.0037924716847697,1.0037924716847697,429.7004704320844,torch_cuda
RidgePoly2_torch,mag_min mag_percentile_25,0.9902000672294629,0.9902000672294629,429.7004704320844,torch_cuda
RidgePoly2_torch,phase_unwrap_m_mean,-0.9886367529940631,0.9886367529940631,429.7004704320844,torch_cuda
RidgePoly2_torch,svd_spectral_flatness^2,-0.9724730577566478,0.9724730577566478,429.7004704320844,torch_cuda
RidgePoly2_torch,mag_excess_kurtosis phase_jump_k_max_abs,-0.968784260054551,0.968784260054551,429.7004704320844,torch_cuda
RidgePoly2_torch,mag_kurtosis phase_jump_k_max_abs,-0.9687842600543465,0.9687842600543465,429.7004704320844,torch_cuda
RidgePoly2_torch,dH_dt_max doppler_spread,-0.9687573942352204,0.9687573942352204,429.7004704320844,torch_cuda
RidgePoly2_torch,dH_dt_max^2,0.935779650188881,0.935779650188881,429.7004704320844,torch_cuda
RidgePoly2_torch,pdp_los_peak_power dH_dt_max,-0.9208712396532494,0.9208712396532494,429.7004704320844,torch_cuda
RidgePoly2_torch,mag_percentile_25 phase_jump_m_max_abs,-0.9066684418358756,0.9066684418358756,429.7004704320844,torch_cuda
RidgePoly2_torch,mag_percentile_50 doppler_variance_energy,-0.8965659200812653,0.8965659200812653,429.7004704320844,torch_cuda
RidgePoly2_torch,mag_percentile_50 dH_dt_mean,-0.894677954645085,0.894677954645085,429.7004704320844,torch_cuda
RidgePoly2_torch,phase_jump_m_max_abs svd_spectral_flatness,-0.8914040638792939,0.8914040638792939,429.7004704320844,torch_cuda
RidgePoly2_torch,mag_excess_kurtosis phase_jump_m_max_abs,-0.8904641612238807,0.8904641612238807,429.7004704320844,torch_cuda
RidgePoly2_torch,mag_kurtosis phase_jump_m_max_abs,-0.890464161223449,0.890464161223449,429.7004704320844,torch_cuda
RidgePoly2_torch,mag_entropy svd_sigma_ratio,0.8903757344922933,0.8903757344922933,429.7004704320844,torch_cuda
RidgePoly2_torch,mag_entropy_normalized svd_sigma_ratio,0.8903757344922354,0.8903757344922354,429.7004704320844,torch_cuda
RidgePoly2_torch,phase_unwrap_m_mean dH_dt_max,0.8894351903277106,0.8894351903277106,429.7004704320844,torch_cuda
RidgePoly2_torch,mag_var,0.8894021074670161,0.8894021074670161,429.7004704320844,torch_cuda
RidgePoly2_torch,mag_var mag_dynamic_range_db,-0.8869171029686512,0.8869171029686512,429.7004704320844,torch_cuda
RidgePoly2_torch,mag_percentile_5 svd_spectral_flatness,0.8848803430836092,0.8848803430836092,429.7004704320844,torch_cuda
RidgePoly2_torch,mag_rms mag_min,0.8829841270550718,0.8829841270550718,429.7004704320844,torch_cuda
RidgePoly2_torch,mag_var mag_percentile_50,-0.8717809249172083,0.8717809249172083,429.7004704320844,torch_cuda
RidgePoly2_torch,mag_mean phase_jump_k_max_abs,-0.8679855091254521,0.8679855091254521,429.7004704320844,torch_cuda
RidgePoly2_torch,mag_mean mag_min,0.8631826882122982,0.8631826882122982,429.7004704320844,torch_cuda
RidgePoly2_torch,mag_min mag_percentile_99,0.8616199042822833,0.8616199042822833,429.7004704320844,torch_cuda
RidgePoly2_torch,phase_jump_m_max_abs dH_dt_max,0.8598246459385146,0.8598246459385146,429.7004704320844,torch_cuda
RidgePoly2_torch,mag_rms phase_jump_k_max_abs,-0.8559458684657332,0.8559458684657332,429.7004704320844,torch_cuda
RidgePoly2_torch,mag_percentile_75,0.8514385777314285,0.8514385777314285,429.7004704320844,torch_cuda
RidgePoly2_torch,mag_var mag_percentile_99,-0.8474551793396526,0.8474551793396526,429.7004704320844,torch_cuda
RidgePoly2_torch,phase_circular_mean phase_jump_m_max_abs,0.8432559377643006,0.8432559377643006,429.7004704320844,torch_cuda
RidgePoly2_torch,doppler_spread,0.8428583604720423,0.8428583604720423,429.7004704320844,torch_cuda
RidgePoly2_torch,mag_percentile_1 svd_spectral_flatness,0.84228831706921,0.84228831706921,429.7004704320844,torch_cuda
RidgePoly2_torch,mag_energy_total mag_percentile_5,0.8395605360901728,0.8395605360901728,429.7004704320844,torch_cuda
RidgePoly2_torch,mag_percentile_5 pdp_total_energy,0.8395605360899558,0.8395605360899558,429.7004704320844,torch_cuda
RidgePoly2_torch,svd_sigma_ratio svd_spectral_flatness,-0.8293478649289793,0.8293478649289793,429.7004704320844,torch_cuda
RidgePoly2_torch,mag_var pdp_rms_delay_spread,-0.8277352835406052,0.8277352835406052,429.7004704320844,torch_cuda
RidgePoly2_torch,svd_sigma_2 svd_sigma_ratio,-0.8255803338048021,0.8255803338048021,429.7004704320844,torch_cuda
RidgePoly2_torch,mag_var phase_jump_m_max_abs,-0.8250553830486338,0.8250553830486338,429.7004704320844,torch_cuda
RidgePoly2_torch,phase_circular_mean doppler_centroid,-0.8249245285238426,0.8249245285238426,429.7004704320844,torch_cuda
RidgePoly2_torch,mag_var^2,-0.8249066710849315,0.8249066710849315,429.7004704320844,torch_cuda
RidgePoly2_torch,mag_energy_total phase_jump_k_max_abs,-0.8169138194774391,0.8169138194774391,429.7004704320844,torch_cuda
RidgePoly2_torch,phase_jump_k_max_abs pdp_total_energy,-0.8169138194766437,0.8169138194766437,429.7004704320844,torch_cuda
RidgePoly2_torch,mag_entropy svd_sigma_2,-0.8145657747945756,0.8145657747945756,429.7004704320844,torch_cuda
RidgePoly2_torch,mag_entropy_normalized svd_sigma_2,-0.814565774794424,0.814565774794424,429.7004704320844,torch_cuda
RidgePoly2_torch,phase_circular_mean svd_spectral_flatness,-0.8136097073464255,0.8136097073464255,429.7004704320844,torch_cuda
RidgePoly2_torch,mag_percentile_5 mag_dynamic_range_db,0.8114034479213859,0.8114034479213859,429.7004704320844,torch_cuda
RidgePoly2_torch,mag_percentile_25 mag_skewness,0.811364064395551,0.811364064395551,429.7004704320844,torch_cuda
RidgePoly2_torch,mag_dynamic_range_db phase_unwrap_k_mean,-0.8105136613323515,0.8105136613323515,429.7004704320844,torch_cuda
RidgePoly2_torch,mag_percentile_5 pdp_los_ratio,-0.8101767812987407,0.8101767812987407,429.7004704320844,torch_cuda
RidgePoly2_torch,mag_percentile_5 pdp_papr_linear,-0.810176581023673,0.810176581023673,429.7004704320844,torch_cuda
RidgePoly2_torch,phase_jump_k_max_abs svd_sigma_1,-0.8080376564755131,0.8080376564755131,429.7004704320844,torch_cuda
RidgePoly2_torch,mag_var svd_sigma_1,-0.8074784434684148,0.8074784434684148,429.7004704320844,torch_cuda
RidgePoly2_torch,mag_percentile_5 svd_sigma_ratio,-0.8063238743281903,0.8063238743281903,429.7004704320844,torch_cuda
RidgePoly2_torch,mag_var mag_percentile_95,-0.7998493859140093,0.7998493859140093,429.7004704320844,torch_cuda
RidgePoly2_torch,mag_mean svd_sigma_2,0.793796090867361,0.793796090867361,429.7004704320844,torch_cuda
RidgePoly2_torch,mag_energy_total phase_unwrap_k_mean,-0.7932042795599807,0.7932042795599807,429.7004704320844,torch_cuda
RidgePoly2_torch,phase_unwrap_k_mean pdp_total_energy,-0.7932042795599226,0.7932042795599226,429.7004704320844,torch_cuda
RidgePoly2_torch,mag_min svd_sigma_1,0.784630058702581,0.784630058702581,429.7004704320844,torch_cuda
RidgePoly2_torch,mag_percentile_50 dH_dt_max,-0.7828079527243742,0.7828079527243742,429.7004704320844,torch_cuda
RidgePoly2_torch,mag_percentile_25 mag_entropy,0.7412627065235461,0.7412627065235461,429.7004704320844,torch_cuda
RidgePoly2_torch,mag_percentile_25 mag_entropy_normalized,0.7412627065232199,0.7412627065232199,429.7004704320844,torch_cuda
RidgePoly2_torch,mag_min pdp_total_energy,0.74043304023146,0.74043304023146,429.7004704320844,torch_cuda
RidgePoly2_torch,mag_energy_total mag_min,0.7404330402309691,0.7404330402309691,429.7004704320844,torch_cuda
RidgePoly2_torch,phase_circular_mean phase_unwrap_k_mean,-0.736396161643405,0.736396161643405,429.7004704320844,torch_cuda
RidgePoly2_torch,mag_skewness doppler_variance_energy,0.7319210777173599,0.7319210777173599,429.7004704320844,torch_cuda
RidgePoly2_torch,phase_unwrap_k_mean svd_spectral_flatness,-0.7315668587953194,0.7315668587953194,429.7004704320844,torch_cuda
RidgePoly2_torch,mag_skewness dH_dt_mean,0.7300140577734175,0.7300140577734175,429.7004704320844,torch_cuda
RidgePoly2_torch,phase_jump_m_max_abs svd_sigma_2,0.7268686513980226,0.7268686513980226,429.7004704320844,torch_cuda
RidgePoly2_torch,mag_var mag_rms,-0.7256149981272032,0.7256149981272032,429.7004704320844,torch_cuda
RidgePoly2_torch,phase_unwrap_m_mean pdp_los_peak_power,-0.7238667015371251,0.7238667015371251,429.7004704320844,torch_cuda
RidgePoly2_torch,phase_jump_k_max_abs pdp_papr_linear,-0.7230568701182235,0.7230568701182235,429.7004704320844,torch_cuda
RidgePoly2_torch,phase_jump_k_max_abs pdp_los_ratio,-0.7230567274733319,0.7230567274733319,429.7004704320844,torch_cuda
RidgePoly2_torch,mag_min svd_spectral_flatness,0.7215879351783443,0.7215879351783443,429.7004704320844,torch_cuda
RidgePoly2_torch,mag_var mag_percentile_75,-0.7191534251689888,0.7191534251689888,429.7004704320844,torch_cuda
RidgePoly2_torch,mag_var svd_spectral_flatness,-0.7178356619087625,0.7178356619087625,429.7004704320844,torch_cuda
RidgePoly2_torch,mag_rms svd_sigma_2,0.7127651018914916,0.7127651018914916,429.7004704320844,torch_cuda
RidgePoly2_torch,phase_unwrap_k_slope_mean dH_dt_mean,0.7098339665192592,0.7098339665192592,429.7004704320844,torch_cuda
RidgePoly2_torch,phase_unwrap_k_slope_mean doppler_variance_energy,0.7092734393596295,0.7092734393596295,429.7004704320844,torch_cuda
RidgePoly2_torch,mag_var svd_sigma_2,-0.7082830160236766,0.7082830160236766,429.7004704320844,torch_cuda
RidgePoly2_torch,mag_percentile_99 mag_skewness,0.7049910016829093,0.7049910016829093,429.7004704320844,torch_cuda
RidgePoly2_torch,mag_max mag_min,0.7048251082908432,0.7048251082908432,429.7004704320844,torch_cuda
RidgePoly2_torch,phase_jump_k_max_abs dH_dt_max,0.7015942546140803,0.7015942546140803,429.7004704320844,torch_cuda
RidgePoly2_torch,mag_mean mag_var,-0.6983220127183551,0.6983220127183551,429.7004704320844,torch_cuda
RidgePoly2_torch,mag_skewness svd_sigma_1,0.6968217972919194,0.6968217972919194,429.7004704320844,torch_cuda
RidgePoly2_torch,dH_dt_max doppler_variance_energy,0.694441691495547,0.694441691495547,429.7004704320844,torch_cuda
RidgePoly2_torch,mag_min mag_percentile_95,0.6936103758441219,0.6936103758441219,429.7004704320844,torch_cuda
RidgePoly2_torch,dH_dt_mean dH_dt_max,0.6924023934401367,0.6924023934401367,429.7004704320844,torch_cuda
RidgePoly2_torch,mag_percentile_1 phase_unwrap_m_mean,-0.6885285899407443,0.6885285899407443,429.7004704320844,torch_cuda
RidgePoly2_torch,mag_var phase_jump_k_max_abs,-0.6857942754886474,0.6857942754886474,429.7004704320844,torch_cuda
RidgePoly2_torch,mag_dynamic_range_linear phase_circular_mean,0.6844386678745393,0.6844386678745393,429.7004704320844,torch_cuda
RidgePoly2_torch,mag_var doppler_spread,-0.6820205305872706,0.6820205305872706,429.7004704320844,torch_cuda
RidgePoly2_torch,mag_mean mag_skewness,0.6788587287130964,0.6788587287130964,429.7004704320844,torch_cuda
RidgePoly2_torch,mag_percentile_25 pdp_total_energy,0.674075932966529,0.674075932966529,429.7004704320844,torch_cuda
RidgePoly2_torch,mag_energy_total mag_percentile_25,0.674075932965379,0.674075932965379,429.7004704320844,torch_cuda
RidgePoly2_torch,phase_jump_m_max_abs pdp_papr_linear,-0.67228178105303,0.67228178105303,429.7004704320844,torch_cuda
RidgePoly2_torch,phase_jump_m_max_abs pdp_los_ratio,-0.6722816370940595,0.6722816370940595,429.7004704320844,torch_cuda
RidgePoly2_torch,mag_min mag_dynamic_range_linear,0.6676430183353174,0.6676430183353174,429.7004704320844,torch_cuda
RidgePoly2_torch,mag_rms mag_skewness,0.6620742969581981,0.6620742969581981,429.7004704320844,torch_cuda
RidgePoly2_torch,mag_percentile_25^2,0.6591989016963511,0.6591989016963511,429.7004704320844,torch_cuda
RidgePoly2_torch,phase_jump_m_max_abs phase_jump_k_max_abs,0.6567593356211064,0.6567593356211064,429.7004704320844,torch_cuda
RidgePoly2_torch,mag_percentile_1 pdp_rms_delay_spread,0.6527840396773218,0.6527840396773218,429.7004704320844,torch_cuda
RidgePoly2_torch,svd_spectral_flatness dH_dt_max,0.650550319674844,0.650550319674844,429.7004704320844,torch_cuda
RidgePoly2_torch,mag_entropy,-0.6497318124693943,0.6497318124693943,429.7004704320844,torch_cuda
RidgePoly2_torch,mag_entropy_normalized,-0.6497318124692631,0.6497318124692631,429.7004704320844,torch_cuda
RidgePoly2_torch,pdp_los_ratio doppler_spread,0.6419917061680397,0.6419917061680397,429.7004704320844,torch_cuda
RidgePoly2_torch,pdp_papr_linear doppler_spread,0.6419916758698996,0.6419916758698996,429.7004704320844,torch_cuda
RidgePoly2_torch,mag_percentile_1 phase_jump_m_max_abs,0.6417294654472663,0.6417294654472663,429.7004704320844,torch_cuda
RidgePoly2_torch,pdp_los_ratio svd_spectral_flatness,0.6409247714041698,0.6409247714041698,429.7004704320844,torch_cuda
RidgePoly2_torch,pdp_papr_linear svd_spectral_flatness,0.6409245718957262,0.6409245718957262,429.7004704320844,torch_cuda
RidgePoly2_torch,mag_rms phase_jump_m_max_abs,-0.6392194293363841,0.6392194293363841,429.7004704320844,torch_cuda
RidgePoly2_torch,mag_percentile_95 mag_skewness,0.63758392697267,0.63758392697267,429.7004704320844,torch_cuda
RidgePoly2_torch,mag_mean phase_jump_m_max_abs,-0.6366856129096199,0.6366856129096199,429.7004704320844,torch_cuda
RidgePoly2_torch,pdp_los_peak_power,0.6353139798863152,0.6353139798863152,429.7004704320844,torch_cuda
RidgePoly2_torch,mag_entropy_normalized svd_spectral_flatness,-0.6302962689849156,0.6302962689849156,429.7004704320844,torch_cuda
RidgePoly2_torch,mag_entropy svd_spectral_flatness,-0.6302962689848707,0.6302962689848707,429.7004704320844,torch_cuda
RidgePoly2_torch,phase_unwrap_m_var svd_sigma_2,-0.6291449993689024,0.6291449993689024,429.7004704320844,torch_cuda
RidgePoly2_torch,mag_percentile_5 doppler_spread,0.626824509236426,0.626824509236426,429.7004704320844,torch_cuda
RidgePoly2_torch,mag_dynamic_range_db,-0.62485457649738,0.62485457649738,429.7004704320844,torch_cuda
RidgePoly2_torch,mag_max phase_circular_mean,0.6220446829454818,0.6220446829454818,429.7004704320844,torch_cuda
RidgePoly2_torch,pdp_total_energy svd_sigma_ratio,-0.6212158787635857,0.6212158787635857,429.7004704320844,torch_cuda
RidgePoly2_torch,mag_energy_total svd_sigma_ratio,-0.6212158787630937,0.6212158787630937,429.7004704320844,torch_cuda
RidgePoly2_torch,mag_var phase_unwrap_k_mean,-0.6201922439995325,0.6201922439995325,429.7004704320844,torch_cuda
RidgePoly2_torch,mag_max mag_percentile_5,0.6165453024227263,0.6165453024227263,429.7004704320844,torch_cuda
RidgePoly2_torch,mag_percentile_5 mag_dynamic_range_linear,0.6158937461040073,0.6158937461040073,429.7004704320844,torch_cuda
RidgePoly2_torch,mag_entropy_normalized pdp_los_peak_power,0.6106584833070648,0.6106584833070648,429.7004704320844,torch_cuda
RidgePoly2_torch,mag_entropy pdp_los_peak_power,0.6106584833060513,0.6106584833060513,429.7004704320844,torch_cuda
RidgePoly2_torch,pdp_rms_delay_spread svd_spectral_flatness,-0.609296819160512,0.609296819160512,429.7004704320844,torch_cuda
RidgePoly2_torch,phase_jump_m_max_abs svd_sigma_1,-0.5956395872902401,0.5956395872902401,429.7004704320844,torch_cuda
RidgePoly2_torch,phase_coherence phase_jump_k_max_abs,0.5791672609304661,0.5791672609304661,429.7004704320844,torch_cuda
RidgePoly2_torch,phase_circular_variance phase_jump_k_max_abs,-0.5791672609303691,0.5791672609303691,429.7004704320844,torch_cuda
RidgePoly2_torch,phase_jump_k_max_abs^2,-0.5738546354825419,0.5738546354825419,429.7004704320844,torch_cuda
RidgePoly2_torch,mag_percentile_1 svd_energy_ratio_mode1,-0.5709367910713145,0.5709367910713145,429.7004704320844,torch_cuda
RidgePoly2_torch,mag_max mag_percentile_25,0.5705639060866315,0.5705639060866315,429.7004704320844,torch_cuda
RidgePoly2_torch,mag_percentile_1 phase_jump_m_rms_abs,0.5701952861365185,0.5701952861365185,429.7004704320844,torch_cuda
RidgePoly2_torch,mag_percentile_1 phase_unwrap_m_slope_rms,0.5701952861362277,0.5701952861362277,429.7004704320844,torch_cuda
RidgePoly2_torch,mag_min mag_kurtosis,0.5685857139741894,0.5685857139741894,429.7004704320844,torch_cuda
RidgePoly2_torch,mag_min mag_excess_kurtosis,0.5685857139739314,0.5685857139739314,429.7004704320844,torch_cuda
RidgePoly2_torch,mag_percentile_1 phase_jump_m_mean_abs,0.567562752835959,0.567562752835959,429.7004704320844,torch_cuda
RidgePoly2_torch,mag_min mag_percentile_75,0.5672476031161361,0.5672476031161361,429.7004704320844,torch_cuda
RidgePoly2_torch,pdp_rms_delay_spread pdp_los_ratio,0.5664596371007474,0.5664596371007474,429.7004704320844,torch_cuda
RidgePoly2_torch,pdp_papr_linear pdp_rms_delay_spread,0.566459436238035,0.566459436238035,429.7004704320844,torch_cuda
RidgePoly2_torch,svd_sigma_1 dH_dt_max,-0.5657004517511451,0.5657004517511451,429.7004704320844,torch_cuda
RidgePoly2_torch,mag_percentile_1 phase_jump_k_var_abs,0.5644229877850273,0.5644229877850273,429.7004704320844,torch_cuda
RidgePoly2_torch,pdp_rms_delay_spread svd_sigma_2,-0.5638475399072055,0.5638475399072055,429.7004704320844,torch_cuda
RidgePoly2_torch,phase_jump_m_mean_abs svd_sigma_2,-0.5542962946404711,0.5542962946404711,429.7004704320844,torch_cuda
RidgePoly2_torch,mag_percentile_1 phase_circular_mean,-0.5524781316163916,0.5524781316163916,429.7004704320844,torch_cuda
RidgePoly2_torch,mag_percentile_25 mag_dynamic_range_linear,0.552108581360029,0.552108581360029,429.7004704320844,torch_cuda
RidgePoly2_torch,mag_min pdp_papr_linear,0.5520909618799639,0.5520909618799639,429.7004704320844,torch_cuda
RidgePoly2_torch,mag_min pdp_los_ratio,0.5520908244176712,0.5520908244176712,429.7004704320844,torch_cuda
RidgePoly2_torch,mag_skewness phase_coherence,0.5494010202315626,0.5494010202315626,429.7004704320844,torch_cuda
RidgePoly2_torch,mag_skewness phase_circular_variance,-0.5494010202309495,0.5494010202309495,429.7004704320844,torch_cuda
RidgePoly2_torch,mag_percentile_1 phase_unwrap_k_var,-0.5480439236925834,0.5480439236925834,429.7004704320844,torch_cuda
RidgePoly2_torch,mag_percentile_75 mag_skewness,0.5470537569401894,0.5470537569401894,429.7004704320844,torch_cuda
RidgePoly2_torch,mag_var mag_percentile_25,-0.5459736717362902,0.5459736717362902,429.7004704320844,torch_cuda
RidgePoly2_torch,mag_percentile_25 mag_percentile_50,0.5452898445454964,0.5452898445454964,429.7004704320844,torch_cuda
RidgePoly2_torch,phase_jump_k_mean_abs svd_sigma_2,-0.5444453855448568,0.5444453855448568,429.7004704320844,torch_cuda
RidgePoly2_torch,svd_sigma_1 svd_sigma_2,0.543797703680829,0.543797703680829,429.7004704320844,torch_cuda
RidgePoly2_torch,mag_var mag_skewness,0.5412231987336472,0.5412231987336472,429.7004704320844,torch_cuda
RidgePoly2_torch,svd_sigma_2 svd_energy_ratio_mode1,0.5409677928555469,0.5409677928555469,429.7004704320844,torch_cuda
RidgePoly2_torch,mag_percentile_50 svd_sigma_2,0.5402293748684331,0.5402293748684331,429.7004704320844,torch_cuda
RidgePoly2_torch,mag_percentile_50 phase_unwrap_k_mean,-0.5388078542267727,0.5388078542267727,429.7004704320844,torch_cuda
RidgePoly2_torch,mag_percentile_50 mag_skewness,0.5367069864028556,0.5367069864028556,429.7004704320844,torch_cuda
RidgePoly2_torch,mag_percentile_5 pdp_rms_delay_spread,0.5343706213984935,0.5343706213984935,429.7004704320844,torch_cuda
RidgePoly2_torch,mag_percentile_75 svd_sigma_2,0.5335447482439154,0.5335447482439154,429.7004704320844,torch_cuda
RidgePoly2_torch,mag_entropy_normalized phase_jump_m_max_abs,-0.5328283859492292,0.5328283859492292,429.7004704320844,torch_cuda
RidgePoly2_torch,mag_entropy phase_jump_m_max_abs,-0.5328283859487749,0.5328283859487749,429.7004704320844,torch_cuda
RidgePoly2_torch,phase_unwrap_k_mean dH_dt_mean,0.5321857475114502,0.5321857475114502,429.7004704320844,torch_cuda
RidgePoly2_torch,phase_unwrap_k_mean doppler_variance_energy,0.531795917393415,0.531795917393415,429.7004704320844,torch_cuda
RidgePoly2_torch,mag_percentile_1 phase_unwrap_m_slope_var,0.5305497808655062,0.5305497808655062,429.7004704320844,torch_cuda
RidgePoly2_torch,mag_percentile_1 phase_jump_k_rms_abs,0.5274686838559538,0.5274686838559538,429.7004704320844,torch_cuda
RidgePoly2_torch,mag_percentile_1 phase_unwrap_k_slope_rms,0.5274686838557643,0.5274686838557643,429.7004704320844,torch_cuda
RidgePoly2_torch,phase_unwrap_m_slope_rms svd_spectral_flatness,-0.5252888948210809,0.5252888948210809,429.7004704320844,torch_cuda
RidgePoly2_torch,phase_jump_m_rms_abs svd_spectral_flatness,-0.5252888948210477,0.5252888948210477,429.7004704320844,torch_cuda
RidgePoly2_torch,pdp_los_ratio svd_energy_ratio_mode1,-0.5251172042518897,0.5251172042518897,429.7004704320844,torch_cuda
RidgePoly2_torch,pdp_papr_linear svd_energy_ratio_mode1,-0.5251170040549149,0.5251170040549149,429.7004704320844,torch_cuda
RidgePoly2_torch,mag_percentile_1 phase_unwrap_k_slope_var,0.5220904213202272,0.5220904213202272,429.7004704320844,torch_cuda
RidgePoly2_torch,phase_unwrap_m_slope_mean dH_dt_mean,-0.518636314856861,0.518636314856861,429.7004704320844,torch_cuda
RidgePoly2_torch,mag_skewness pdp_los_ratio,0.5165419460279174,0.5165419460279174,429.7004704320844,torch_cuda
RidgePoly2_torch,mag_skewness pdp_papr_linear,0.5165417812865447,0.5165417812865447,429.7004704320844,torch_cuda
RidgePoly2_torch,phase_unwrap_k_slope_rms svd_sigma_2,-0.5162702876676554,0.5162702876676554,429.7004704320844,torch_cuda
RidgePoly2_torch,phase_jump_k_rms_abs svd_sigma_2,-0.5162702876670789,0.5162702876670789,429.7004704320844,torch_cuda
RidgePoly2_torch,mag_percentile_1 phase_unwrap_k_slope_mean,0.5158498049036231,0.5158498049036231,429.7004704320844,torch_cuda
RidgePoly2_torch,mag_dynamic_range_linear phase_unwrap_k_mean,-0.5153305086310961,0.5153305086310961,429.7004704320844,torch_cuda
RidgePoly2_torch,phase_jump_m_mean_abs pdp_los_ratio,0.5149578010437263,0.5149578010437263,429.7004704320844,torch_cuda
RidgePoly2_torch,phase_jump_m_mean_abs pdp_papr_linear,0.5149576006742412,0.5149576006742412,429.7004704320844,torch_cuda
RidgePoly2_torch,phase_jump_m_mean_abs svd_spectral_flatness,-0.5146797586161723,0.5146797586161723,429.7004704320844,torch_cuda
RidgePoly2_torch,mag_percentile_1 pdp_mean_delay,0.5133225782089749,0.5133225782089749,429.7004704320844,torch_cuda
RidgePoly2_torch,doppler_centroid,0.5127983071214114,0.5127983071214114,429.7004704320844,torch_cuda
RidgePoly2_torch,mag_rms mag_percentile_25,0.512526906276145,0.512526906276145,429.7004704320844,torch_cuda
RidgePoly2_torch,mag_mean mag_percentile_25,0.5121947612106917,0.5121947612106917,429.7004704320844,torch_cuda
RidgePoly2_torch,pdp_los_peak_power svd_sigma_ratio,-0.5102646736839558,0.5102646736839558,429.7004704320844,torch_cuda
RidgePoly2_torch,phase_circular_mean pdp_rms_delay_spread,-0.5071062833839832,0.5071062833839832,429.7004704320844,torch_cuda
RidgePoly2_torch,mag_percentile_1 phase_jump_m_var_abs,0.5061575566942922,0.5061575566942922,429.7004704320844,torch_cuda
RidgePoly2_torch,phase_unwrap_m_slope_mean doppler_variance_energy,-0.506129760209826,0.506129760209826,429.7004704320844,torch_cuda
RidgePoly2_torch,mag_entropy pdp_papr_linear,0.5032618208092233,0.5032618208092233,429.7004704320844,torch_cuda
RidgePoly2_torch,mag_entropy_normalized pdp_papr_linear,0.5032618208092132,0.5032618208092132,429.7004704320844,torch_cuda
RidgePoly2_torch,mag_entropy pdp_los_ratio,0.5032617011627332,0.5032617011627332,429.7004704320844,torch_cuda
RidgePoly2_torch,mag_entropy_normalized pdp_los_ratio,0.5032617011622511,0.5032617011622511,429.7004704320844,torch_cuda
RidgePoly2_torch,mag_percentile_1 phase_jump_k_mean_abs,0.5019262517540467,0.5019262517540467,429.7004704320844,torch_cuda
RidgePoly2_torch,phase_unwrap_k_mean pdp_los_ratio,0.5008566126756211,0.5008566126756211,429.7004704320844,torch_cuda
RidgePoly2_torch,phase_unwrap_k_mean pdp_papr_linear,0.5008564130216614,0.5008564130216614,429.7004704320844,torch_cuda
RidgePoly2_torch,phase_unwrap_k_mean svd_sigma_2,-0.5002358615150065,0.5002358615150065,429.7004704320844,torch_cuda
RidgePoly2_torch,svd_spectral_flatness doppler_centroid,0.5001746700517037,0.5001746700517037,429.7004704320844,torch_cuda
RidgePoly2_torch,phase_jump_m_rms_abs pdp_los_ratio,0.4997845773005871,0.4997845773005871,429.7004704320844,torch_cuda
RidgePoly2_torch,phase_unwrap_m_slope_rms pdp_los_ratio,0.49978457730039216,0.49978457730039216,429.7004704320844,torch_cuda
RidgePoly2_torch,phase_jump_m_rms_abs pdp_papr_linear,0.4997843771155154,0.4997843771155154,429.7004704320844,torch_cuda
RidgePoly2_torch,phase_unwrap_m_slope_rms pdp_papr_linear,0.4997843771147505,0.4997843771147505,429.7004704320844,torch_cuda
RidgePoly2_torch,svd_energy_ratio_mode1 svd_spectral_flatness,0.4966966478743057,0.4966966478743057,429.7004704320844,torch_cuda
RidgePoly2_torch,phase_jump_k_var_abs pdp_los_ratio,0.49468508618898654,0.49468508618898654,429.7004704320844,torch_cuda
RidgePoly2_torch,phase_jump_k_var_abs pdp_papr_linear,0.49468488625853796,0.49468488625853796,429.7004704320844,torch_cuda
RidgePoly2_torch,phase_unwrap_k_mean pdp_los_peak_power,-0.49230629773311435,0.49230629773311435,429.7004704320844,torch_cuda
RidgePoly2_torch,phase_unwrap_m_mean svd_sigma_2,0.4920548272780521,0.4920548272780521,429.7004704320844,torch_cuda
RidgePoly2_torch,phase_jump_k_max_abs pdp_rms_delay_spread,-0.49141884487219667,0.49141884487219667,429.7004704320844,torch_cuda
RidgePoly2_torch,mag_percentile_1 phase_unwrap_m_var,0.4907079506124536,0.4907079506124536,429.7004704320844,torch_cuda
RidgePoly2_torch,phase_unwrap_m_slope_var svd_sigma_2,-0.4895770252297504,0.4895770252297504,429.7004704320844,torch_cuda
RidgePoly2_torch,phase_unwrap_m_slope_rms svd_sigma_2,-0.4894478629599169,0.4894478629599169,429.7004704320844,torch_cuda
RidgePoly2_torch,phase_jump_m_rms_abs svd_sigma_2,-0.489447862959733,0.489447862959733,429.7004704320844,torch_cuda
RidgePoly2_torch,mag_percentile_25 mag_percentile_75,0.48756074947109523,0.48756074947109523,429.7004704320844,torch_cuda
RidgePoly2_torch,pdp_los_ratio^2,-0.4871582999246088,0.4871582999246088,429.7004704320844,torch_cuda
RidgePoly2_torch,pdp_papr_linear pdp_los_ratio,-0.4871581009523412,0.4871581009523412,429.7004704320844,torch_cuda
RidgePoly2_torch,pdp_papr_linear^2,-0.4871579019796652,0.4871579019796652,429.7004704320844,torch_cuda
RidgePoly2_torch,pdp_total_energy doppler_spread,-0.48706781737559357,0.48706781737559357,429.7004704320844,torch_cuda
RidgePoly2_torch,mag_energy_total doppler_spread,-0.48706781737541827,0.48706781737541827,429.7004704320844,torch_cuda
RidgePoly2_torch,phase_unwrap_k_slope_var svd_sigma_2,-0.48574940351725043,0.48574940351725043,429.7004704320844,torch_cuda
RidgePoly2_torch,mag_percentile_99 phase_jump_k_max_abs,-0.4843471581839822,0.4843471581839822,429.7004704320844,torch_cuda
RidgePoly2_torch,mag_skewness svd_spectral_flatness,0.48369478021904744,0.48369478021904744,429.7004704320844,torch_cuda
RidgePoly2_torch,phase_jump_k_var_abs svd_spectral_flatness,-0.4817037593227272,0.4817037593227272,429.7004704320844,torch_cuda
RidgePoly2_torch,mag_min mag_percentile_5,0.4816161541138006,0.4816161541138006,429.7004704320844,torch_cuda
RidgePoly2_torch,phase_unwrap_m_slope_var pdp_los_ratio,0.4815547351189061,0.4815547351189061,429.7004704320844,torch_cuda
RidgePoly2_torch,phase_unwrap_m_slope_var pdp_papr_linear,0.48155453511762153,0.48155453511762153,429.7004704320844,torch_cuda
RidgePoly2_torch,phase_unwrap_k_slope_rms pdp_los_ratio,0.480730601839299,0.480730601839299,429.7004704320844,torch_cuda
RidgePoly2_torch,phase_jump_k_rms_abs pdp_los_ratio,0.4807306018392229,0.4807306018392229,429.7004704320844,torch_cuda
RidgePoly2_torch,phase_unwrap_k_slope_rms pdp_papr_linear,0.48073040175966486,0.48073040175966486,429.7004704320844,torch_cuda
RidgePoly2_torch,phase_jump_k_rms_abs pdp_papr_linear,0.48073040175884285,0.48073040175884285,429.7004704320844,torch_cuda
RidgePoly2_torch,svd_sigma_ratio dH_dt_max,-0.47917014910321715,0.47917014910321715,429.7004704320844,torch_cuda
RidgePoly2_torch,dH_dt_mean,0.47742345459551633,0.47742345459551633,429.7004704320844,torch_cuda
RidgePoly2_torch,mag_percentile_1 pdp_los_ratio,-0.47630044020188134,0.47630044020188134,429.7004704320844,torch_cuda
RidgePoly2_torch,mag_percentile_1 pdp_papr_linear,-0.4763002435922838,0.4763002435922838,429.7004704320844,torch_cuda
RidgePoly2_torch,mag_var phase_circular_mean,0.47605418125683685,0.47605418125683685,429.7004704320844,torch_cuda
RidgePoly2_torch,mag_percentile_5 phase_jump_m_rms_abs,0.47482673337800296,0.47482673337800296,429.7004704320844,torch_cuda
RidgePoly2_torch,mag_percentile_5 phase_unwrap_m_slope_rms,0.47482673337793563,0.47482673337793563,429.7004704320844,torch_cuda
RidgePoly2_torch,pdp_papr_linear svd_sigma_2,0.4732977768406163,0.4732977768406163,429.7004704320844,torch_cuda
RidgePoly2_torch,pdp_los_ratio svd_sigma_2,0.47329764247273937,0.47329764247273937,429.7004704320844,torch_cuda
RidgePoly2_torch,mag_percentile_25 phase_unwrap_k_mean,-0.4715411924090238,0.4715411924090238,429.7004704320844,torch_cuda
RidgePoly2_torch,doppler_variance_energy,0.4714323713297442,0.4714323713297442,429.7004704320844,torch_cuda
RidgePoly2_torch,mag_entropy_normalized pdp_total_energy,-0.47001802754719046,0.47001802754719046,429.7004704320844,torch_cuda
RidgePoly2_torch,mag_energy_total mag_entropy,-0.4700180275469938,0.4700180275469938,429.7004704320844,torch_cuda
RidgePoly2_torch,mag_energy_total mag_entropy_normalized,-0.47001802754679806,0.47001802754679806,429.7004704320844,torch_cuda
RidgePoly2_torch,mag_entropy pdp_total_energy,-0.4700180275467715,0.4700180275467715,429.7004704320844,torch_cuda
RidgePoly2_torch,mag_max phase_unwrap_k_mean,-0.4684392354135342,0.4684392354135342,429.7004704320844,torch_cuda
RidgePoly2_torch,phase_unwrap_k_slope_var pdp_los_ratio,0.46765989617942094,0.46765989617942094,429.7004704320844,torch_cuda
RidgePoly2_torch,phase_unwrap_k_slope_var pdp_papr_linear,0.4676596961642801,0.4676596961642801,429.7004704320844,torch_cuda
RidgePoly2_torch,mag_skewness svd_sigma_2,0.4674084433894051,0.4674084433894051,429.7004704320844,torch_cuda
RidgePoly2_torch,phase_jump_k_rms_abs svd_spectral_flatness,-0.4672619357993451,0.4672619357993451,429.7004704320844,torch_cuda
RidgePoly2_torch,phase_unwrap_k_slope_rms svd_spectral_flatness,-0.4672619357993023,0.4672619357993023,429.7004704320844,torch_cuda
RidgePoly2_torch,mag_dynamic_range_db pdp_papr_linear,-0.4645085723433164,0.4645085723433164,429.7004704320844,torch_cuda
RidgePoly2_torch,mag_dynamic_range_db pdp_los_ratio,-0.464508385218612,0.464508385218612,429.7004704320844,torch_cuda
RidgePoly2_torch,phase_jump_k_mean_abs pdp_los_ratio,0.4611244108446176,0.4611244108446176,429.7004704320844,torch_cuda
RidgePoly2_torch,phase_jump_k_mean_abs pdp_papr_linear,0.4611242108304402,0.4611242108304402,429.7004704320844,torch_cuda
RidgePoly2_torch,phase_unwrap_k_slope_mean dH_dt_max,0.4580314228671196,0.4580314228671196,429.7004704320844,torch_cuda
RidgePoly2_torch,pdp_mean_delay pdp_los_ratio,0.45794636319840915,0.45794636319840915,429.7004704320844,torch_cuda
RidgePoly2_torch,pdp_papr_linear pdp_mean_delay,0.45794616334195803,0.45794616334195803,429.7004704320844,torch_cuda
RidgePoly2_torch,phase_unwrap_m_slope_var svd_spectral_flatness,-0.4569142363655618,0.4569142363655618,429.7004704320844,torch_cuda
RidgePoly2_torch,phase_unwrap_k_var pdp_los_ratio,-0.4568939332669526,0.4568939332669526,429.7004704320844,torch_cuda
RidgePoly2_torch,phase_unwrap_k_var pdp_papr_linear,-0.45689373322234855,0.45689373322234855,429.7004704320844,torch_cuda
RidgePoly2_torch,mag_percentile_50^2,0.45548048112148654,0.45548048112148654,429.7004704320844,torch_cuda
RidgePoly2_torch,mag_var phase_unwrap_m_slope_rms,-0.4510822566459274,0.4510822566459274,429.7004704320844,torch_cuda
RidgePoly2_torch,mag_var phase_jump_m_rms_abs,-0.4510822566457203,0.4510822566457203,429.7004704320844,torch_cuda
RidgePoly2_torch,phase_unwrap_m_var pdp_los_ratio,0.4497824352136137,0.4497824352136137,429.7004704320844,torch_cuda
RidgePoly2_torch,phase_unwrap_m_var pdp_papr_linear,0.44978223471183926,0.44978223471183926,429.7004704320844,torch_cuda
RidgePoly2_torch,phase_jump_m_var_abs pdp_los_ratio,0.44823028460417935,0.44823028460417935,429.7004704320844,torch_cuda
RidgePoly2_torch,phase_jump_m_var_abs pdp_papr_linear,0.4482300849810096,0.4482300849810096,429.7004704320844,torch_cuda
RidgePoly2_torch,mag_dynamic_range_linear mag_skewness,0.44720101807106666,0.44720101807106666,429.7004704320844,torch_cuda
RidgePoly2_torch,mag_percentile_95 svd_sigma_2,0.4471088462948494,0.4471088462948494,429.7004704320844,torch_cuda
RidgePoly2_torch,phase_circular_variance dH_dt_max,-0.4459660985514908,0.4459660985514908,429.7004704320844,torch_cuda
RidgePoly2_torch,phase_coherence dH_dt_max,0.44596609855146896,0.44596609855146896,429.7004704320844,torch_cuda
RidgePoly2_torch,mag_energy_total phase_jump_m_max_abs,-0.4459348321171203,0.4459348321171203,429.7004704320844,torch_cuda
RidgePoly2_torch,phase_jump_m_max_abs pdp_total_energy,-0.4459348321167179,0.4459348321167179,429.7004704320844,torch_cuda
RidgePoly2_torch,mag_mean mag_energy_total,0.44452032345585807,0.44452032345585807,429.7004704320844,torch_cuda
RidgePoly2_torch,mag_mean pdp_total_energy,0.444520323455658,0.444520323455658,429.7004704320844,torch_cuda
RidgePoly2_torch,mag_percentile_1 mag_percentile_5,-0.44191111271036765,0.44191111271036765,429.7004704320844,torch_cuda
RidgePoly2_torch,phase_unwrap_k_slope_var svd_spectral_flatness,-0.4415934950140746,0.4415934950140746,429.7004704320844,torch_cuda
RidgePoly2_torch,phase_jump_k_mean_abs svd_spectral_flatness,-0.440187732602145,0.440187732602145,429.7004704320844,torch_cuda
RidgePoly2_torch,mag_min dH_dt_max,0.4393616434040427,0.4393616434040427,429.7004704320844,torch_cuda
RidgePoly2_torch,phase_jump_m_var_abs svd_spectral_flatness,-0.4385248181955073,0.4385248181955073,429.7004704320844,torch_cuda
RidgePoly2_torch,mag_mean doppler_variance_energy,-0.4376866481927226,0.4376866481927226,429.7004704320844,torch_cuda
RidgePoly2_torch,mag_mean dH_dt_mean,-0.43641647664217215,0.43641647664217215,429.7004704320844,torch_cuda
RidgePoly2_torch,mag_var mag_percentile_5,0.43344363049818974,0.43344363049818974,429.7004704320844,torch_cuda
RidgePoly2_torch,mag_percentile_25 svd_sigma_1,0.4333374558925377,0.4333374558925377,429.7004704320844,torch_cuda
RidgePoly2_torch,mag_percentile_5 dH_dt_max,0.43065516735797704,0.43065516735797704,429.7004704320844,torch_cuda
RidgePoly2_torch,pdp_mean_delay svd_spectral_flatness,-0.42899883643734993,0.42899883643734993,429.7004704320844,torch_cuda
RidgePoly2_torch,pdp_los_peak_power dH_dt_mean,-0.42853767900304496,0.42853767900304496,429.7004704320844,torch_cuda
RidgePoly2_torch,mag_dynamic_range_db^2,-0.42694032004965604,0.42694032004965604,429.7004704320844,torch_cuda
RidgePoly2_torch,pdp_los_peak_power doppler_variance_energy,-0.426908492817405,0.426908492817405,429.7004704320844,torch_cuda
RidgePoly2_torch,mag_rms mag_energy_total,0.4267260986346152,0.4267260986346152,429.7004704320844,torch_cuda
RidgePoly2_torch,mag_rms pdp_total_energy,0.42672609863454525,0.42672609863454525,429.7004704320844,torch_cuda
RidgePoly2_torch,phase_jump_k_var_abs dH_dt_max,0.42646965427098193,0.42646965427098193,429.7004704320844,torch_cuda
RidgePoly2_torch,mag_kurtosis mag_excess_kurtosis,-0.42568554375440365,0.42568554375440365,429.7004704320844,torch_cuda
RidgePoly2_torch,mag_excess_kurtosis^2,-0.4256855437543914,0.4256855437543914,429.7004704320844,torch_cuda
RidgePoly2_torch,mag_kurtosis^2,-0.42568554375428813,0.42568554375428813,429.7004704320844,torch_cuda
RidgePoly2_torch,pdp_rms_delay_spread svd_sigma_ratio,-0.4246896977776717,0.4246896977776717,429.7004704320844,torch_cuda
RidgePoly2_torch,phase_unwrap_m_var svd_spectral_flatness,-0.423555246063848,0.423555246063848,429.7004704320844,torch_cuda
RidgePoly2_torch,mag_rms mag_percentile_50,0.4224909976620494,0.4224909976620494,429.7004704320844,torch_cuda
RidgePoly2_torch,mag_mean mag_percentile_50,0.42232895162475337,0.42232895162475337,429.7004704320844,torch_cuda
RidgePoly2_torch,mag_skewness doppler_spread,0.42122786913622245,0.42122786913622245,429.7004704320844,torch_cuda
RidgePoly2_torch,mag_entropy_normalized phase_circular_mean,-0.4196509527718101,0.4196509527718101,429.7004704320844,torch_cuda
RidgePoly2_torch,mag_entropy phase_circular_mean,-0.4196509527717243,0.4196509527717243,429.7004704320844,torch_cuda
RidgePoly2_torch,phase_unwrap_k_mean doppler_spread,-0.41932471941820004,0.41932471941820004,429.7004704320844,torch_cuda
RidgePoly2_torch,pdp_mean_delay dH_dt_max,0.41872596940492607,0.41872596940492607,429.7004704320844,torch_cuda
RidgePoly2_torch,phase_jump_k_max_abs svd_sigma_2,0.41401990536922867,0.41401990536922867,429.7004704320844,torch_cuda
RidgePoly2_torch,mag_percentile_99 mag_entropy,-0.4135423627641906,0.4135423627641906,429.7004704320844,torch_cuda
RidgePoly2_torch,mag_percentile_99 mag_entropy_normalized,-0.4135423627634347,0.4135423627634347,429.7004704320844,torch_cuda
RidgePoly2_torch,mag_percentile_75 dH_dt_mean,-0.41334103951123574,0.41334103951123574,429.7004704320844,torch_cuda
RidgePoly2_torch,mag_percentile_75 doppler_variance_energy,-0.4131086465212987,0.4131086465212987,429.7004704320844,torch_cuda
RidgePoly2_torch,mag_kurtosis dH_dt_max,-0.4128820727908529,0.4128820727908529,429.7004704320844,torch_cuda
RidgePoly2_torch,mag_excess_kurtosis dH_dt_max,-0.41288207279074385,0.41288207279074385,429.7004704320844,torch_cuda
RidgePoly2_torch,mag_dynamic_range_db phase_circular_mean,-0.41186706245464394,0.41186706245464394,429.7004704320844,torch_cuda
RidgePoly2_torch,pdp_total_energy pdp_rms_delay_spread,-0.40928937776576957,0.40928937776576957,429.7004704320844,torch_cuda
RidgePoly2_torch,mag_energy_total pdp_rms_delay_spread,-0.4092893777650416,0.4092893777650416,429.7004704320844,torch_cuda
RidgePoly2_torch,svd_spectral_flatness doppler_spread,0.40768555893833563,0.40768555893833563,429.7004704320844,torch_cuda
RidgePoly2_torch,mag_energy_total mag_dynamic_range_db,0.4052953808510407,0.4052953808510407,429.7004704320844,torch_cuda
RidgePoly2_torch,mag_dynamic_range_db pdp_total_energy,0.40529538085055095,0.40529538085055095,429.7004704320844,torch_cuda
RidgePoly2_torch,mag_percentile_99 svd_sigma_2,0.404287774068943,0.404287774068943,429.7004704320844,torch_cuda
RidgePoly2_torch,phase_unwrap_k_var svd_spectral_flatness,0.40330624008973515,0.40330624008973515,429.7004704320844,torch_cuda
RidgePoly2_torch,mag_min phase_unwrap_m_mean,0.4031904852727192,0.4031904852727192,429.7004704320844,torch_cuda
RidgePoly2_torch,mag_rms phase_unwrap_k_mean,-0.40276948270682966,0.40276948270682966,429.7004704320844,torch_cuda
RidgePoly2_torch,mag_percentile_50 mag_percentile_75,0.40187239279681,0.40187239279681,429.7004704320844,torch_cuda
RidgePoly2_torch,phase_circular_mean phase_jump_m_mean_abs,-0.40134238547714846,0.40134238547714846,429.7004704320844,torch_cuda
RidgePoly2_torch,svd_sigma_2 doppler_spread,-0.3951444568103479,0.3951444568103479,429.7004704320844,torch_cuda
RidgePoly2_torch,mag_energy_total dH_dt_mean,-0.3941876939590028,0.3941876939590028,429.7004704320844,torch_cuda
RidgePoly2_torch,pdp_total_energy dH_dt_mean,-0.3941876939586569,0.3941876939586569,429.7004704320844,torch_cuda
RidgePoly2_torch,dH_dt_max,-0.3939907535879382,0.3939907535879382,429.7004704320844,torch_cuda
RidgePoly2_torch,mag_energy_total doppler_variance_energy,-0.3918381286820111,0.3918381286820111,429.7004704320844,torch_cuda
RidgePoly2_torch,pdp_total_energy doppler_variance_energy,-0.3918381286818164,0.3918381286818164,429.7004704320844,torch_cuda
RidgePoly2_torch,phase_jump_m_max_abs doppler_spread,0.39110727890703684,0.39110727890703684,429.7004704320844,torch_cuda
RidgePoly2_torch,phase_unwrap_k_mean doppler_centroid,-0.39106231813606923,0.39106231813606923,429.7004704320844,torch_cuda
RidgePoly2_torch,mag_rms^2,0.3906086280469046,0.3906086280469046,429.7004704320844,torch_cuda
RidgePoly2_torch,phase_unwrap_k_mean svd_sigma_1,-0.389951954885933,0.389951954885933,429.7004704320844,torch_cuda
RidgePoly2_torch,mag_percentile_75 pdp_total_energy,0.3899227982587697,0.3899227982587697,429.7004704320844,torch_cuda
RidgePoly2_torch,mag_energy_total mag_percentile_75,0.38992279825813886,0.38992279825813886,429.7004704320844,torch_cuda
RidgePoly2_torch,mag_mean mag_rms,0.3897665292240157,0.3897665292240157,429.7004704320844,torch_cuda
RidgePoly2_torch,mag_mean^2,0.388202919786178,0.388202919786178,429.7004704320844,torch_cuda
RidgePoly2_torch,mag_var pdp_papr_linear,0.3873034693417267,0.3873034693417267,429.7004704320844,torch_cuda
RidgePoly2_torch,mag_var pdp_los_ratio,0.38730330540655244,0.38730330540655244,429.7004704320844,torch_cuda
RidgePoly2_torch,phase_jump_m_var_abs svd_sigma_2,-0.38656974883804385,0.38656974883804385,429.7004704320844,torch_cuda
RidgePoly2_torch,mag_mean phase_unwrap_k_mean,-0.38585311464382366,0.38585311464382366,429.7004704320844,torch_cuda
RidgePoly2_torch,mag_percentile_25 mag_percentile_95,0.3856235579684741,0.3856235579684741,429.7004704320844,torch_cuda
RidgePoly2_torch,mag_percentile_5 phase_jump_k_var_abs,0.384748009343174,0.384748009343174,429.7004704320844,torch_cuda
RidgePoly2_torch,phase_circular_mean doppler_variance_energy,0.38468937427563377,0.38468937427563377,429.7004704320844,torch_cuda
RidgePoly2_torch,mag_percentile_5 mag_percentile_50,0.38351298359262614,0.38351298359262614,429.7004704320844,torch_cuda
RidgePoly2_torch,mag_percentile_99 svd_sigma_ratio,-0.3818064010258055,0.3818064010258055,429.7004704320844,torch_cuda
RidgePoly2_torch,phase_unwrap_m_slope_mean,0.38131747433467533,0.38131747433467533,429.7004704320844,torch_cuda
RidgePoly2_torch,mag_dynamic_range_db doppler_spread,-0.3808447414675724,0.3808447414675724,429.7004704320844,torch_cuda
RidgePoly2_torch,svd_sigma_2,0.3792815331787891,0.3792815331787891,429.7004704320844,torch_cuda
RidgePoly2_torch,mag_percentile_5 phase_jump_m_mean_abs,0.3783215962892398,0.3783215962892398,429.7004704320844,torch_cuda
RidgePoly2_torch,mag_var dH_dt_max,0.3762767353536068,0.3762767353536068,429.7004704320844,torch_cuda
RidgePoly2_torch,mag_percentile_5 mag_percentile_25,0.37313167271322234,0.37313167271322234,429.7004704320844,torch_cuda
RidgePoly2_torch,phase_circular_mean phase_unwrap_m_slope_var,-0.3716205812930748,0.3716205812930748,429.7004704320844,torch_cuda
RidgePoly2_torch,phase_jump_k_var_abs dH_dt_mean,0.37158725474368187,0.37158725474368187,429.7004704320844,torch_cuda
RidgePoly2_torch,mag_percentile_50 pdp_total_energy,0.37137032809249493,0.37137032809249493,429.7004704320844,torch_cuda
RidgePoly2_torch,mag_energy_total mag_percentile_50,0.37137032809237114,0.37137032809237114,429.7004704320844,torch_cuda
RidgePoly2_torch,pdp_total_energy pdp_mean_delay,-0.370932529272883,0.370932529272883,429.7004704320844,torch_cuda
RidgePoly2_torch,mag_energy_total pdp_mean_delay,-0.37093252927273884,0.37093252927273884,429.7004704320844,torch_cuda
RidgePoly2_torch,phase_circular_mean phase_unwrap_m_slope_rms,-0.3700202689346396,0.3700202689346396,429.7004704320844,torch_cuda
RidgePoly2_torch,phase_circular_mean phase_jump_m_rms_abs,-0.37002026893438067,0.37002026893438067,429.7004704320844,torch_cuda
RidgePoly2_torch,mag_rms mag_percentile_75,0.36939618842834515,0.36939618842834515,429.7004704320844,torch_cuda
RidgePoly2_torch,phase_jump_k_var_abs doppler_variance_energy,0.36932438671154333,0.36932438671154333,429.7004704320844,torch_cuda
RidgePoly2_torch,mag_var phase_jump_m_mean_abs,-0.36857591122983335,0.36857591122983335,429.7004704320844,torch_cuda
RidgePoly2_torch,pdp_total_energy svd_sigma_1,0.3681294221983768,0.3681294221983768,429.7004704320844,torch_cuda
RidgePoly2_torch,mag_energy_total svd_sigma_1,0.36812942219826905,0.36812942219826905,429.7004704320844,torch_cuda
RidgePoly2_torch,mag_energy_total phase_unwrap_m_var,-0.36748056825518366,0.36748056825518366,429.7004704320844,torch_cuda
RidgePoly2_torch,phase_unwrap_m_var pdp_total_energy,-0.36748056825514314,0.36748056825514314,429.7004704320844,torch_cuda
RidgePoly2_torch,mag_mean mag_percentile_75,0.3672765231092033,0.3672765231092033,429.7004704320844,torch_cuda
RidgePoly2_torch,mag_rms doppler_variance_energy,-0.36632332883160146,0.36632332883160146,429.7004704320844,torch_cuda
RidgePoly2_torch,mag_rms dH_dt_mean,-0.36608823719938305,0.36608823719938305,429.7004704320844,torch_cuda
RidgePoly2_torch,mag_percentile_95 mag_entropy_normalized,-0.3656221431778852,0.3656221431778852,429.7004704320844,torch_cuda
RidgePoly2_torch,mag_percentile_95 mag_entropy,-0.3656221431776821,0.3656221431776821,429.7004704320844,torch_cuda
RidgePoly2_torch,phase_circular_mean phase_jump_m_var_abs,-0.36414634379670435,0.36414634379670435,429.7004704320844,torch_cuda
RidgePoly2_torch,phase_unwrap_k_slope_mean pdp_los_ratio,0.36327099417264724,0.36327099417264724,429.7004704320844,torch_cuda
RidgePoly2_torch,phase_unwrap_k_slope_mean pdp_papr_linear,0.36327079491068687,0.36327079491068687,429.7004704320844,torch_cuda
RidgePoly2_torch,pdp_rms_delay_spread^2,-0.36314776559647405,0.36314776559647405,429.7004704320844,torch_cuda
RidgePoly2_torch,mag_percentile_95 svd_sigma_ratio,-0.36259156004409243,0.36259156004409243,429.7004704320844,torch_cuda
RidgePoly2_torch,phase_unwrap_m_slope_rms svd_sigma_ratio,-0.36231881393349125,0.36231881393349125,429.7004704320844,torch_cuda
RidgePoly2_torch,phase_jump_m_rms_abs svd_sigma_ratio,-0.3623188139331921,0.3623188139331921,429.7004704320844,torch_cuda
RidgePoly2_torch,pdp_papr_linear svd_sigma_ratio,0.3619338842589841,0.3619338842589841,429.7004704320844,torch_cuda
RidgePoly2_torch,pdp_los_ratio svd_sigma_ratio,0.36193369013761945,0.36193369013761945,429.7004704320844,torch_cuda
RidgePoly2_torch,mag_energy_total^2,0.3618616249167425,0.3618616249167425,429.7004704320844,torch_cuda
RidgePoly2_torch,mag_energy_total pdp_total_energy,0.36186162491658413,0.36186162491658413,429.7004704320844,torch_cuda
RidgePoly2_torch,pdp_total_energy^2,0.3618616249163762,0.3618616249163762,429.7004704320844,torch_cuda
RidgePoly2_torch,mag_percentile_50 svd_sigma_1,0.36139663888542684,0.36139663888542684,429.7004704320844,torch_cuda
RidgePoly2_torch,phase_unwrap_k_var dH_dt_max,-0.35897042160914533,0.35897042160914533,429.7004704320844,torch_cuda
RidgePoly2_torch,mag_energy_total phase_jump_m_var_abs,-0.358174645819365,0.358174645819365,429.7004704320844,torch_cuda
RidgePoly2_torch,phase_jump_m_var_abs pdp_total_energy,-0.358174645819338,0.358174645819338,429.7004704320844,torch_cuda
RidgePoly2_torch,phase_circular_mean dH_dt_mean,0.3573445183335789,0.3573445183335789,429.7004704320844,torch_cuda
RidgePoly2_torch,mag_percentile_50 mag_entropy,0.35731692684063643,0.35731692684063643,429.7004704320844,torch_cuda
RidgePoly2_torch,mag_percentile_50 mag_entropy_normalized,0.3573169268403927,0.3573169268403927,429.7004704320844,torch_cuda
RidgePoly2_torch,mag_var doppler_variance_energy,0.3568962546807042,0.3568962546807042,429.7004704320844,torch_cuda
RidgePoly2_torch,pdp_los_peak_idx doppler_spread,0.35591161070355104,0.35591161070355104,429.7004704320844,torch_cuda
RidgePoly2_torch,phase_unwrap_k_slope_mean pdp_total_energy,-0.3546120280380493,0.3546120280380493,429.7004704320844,torch_cuda
RidgePoly2_torch,mag_energy_total phase_unwrap_k_slope_mean,-0.3546120280366697,0.3546120280366697,429.7004704320844,torch_cuda
RidgePoly2_torch,mag_percentile_50 doppler_spread,-0.3544559047282026,0.3544559047282026,429.7004704320844,torch_cuda
RidgePoly2_torch,mag_percentile_50 phase_unwrap_m_var,-0.3539565238430942,0.3539565238430942,429.7004704320844,torch_cuda
RidgePoly2_torch,phase_unwrap_m_mean pdp_total_energy,-0.35365347186644996,0.35365347186644996,429.7004704320844,torch_cuda
RidgePoly2_torch,mag_energy_total phase_unwrap_m_mean,-0.3536534718663452,0.3536534718663452,429.7004704320844,torch_cuda
RidgePoly2_torch,mag_energy_total phase_jump_m_mean_abs,-0.3531948107079632,0.3531948107079632,429.7004704320844,torch_cuda
RidgePoly2_torch,phase_jump_m_mean_abs pdp_total_energy,-0.35319481070723574,0.35319481070723574,429.7004704320844,torch_cuda
RidgePoly2_torch,mag_var dH_dt_mean,0.3525134619368335,0.3525134619368335,429.7004704320844,torch_cuda
RidgePoly2_torch,phase_circular_mean phase_jump_k_var_abs,-0.3519978738845657,0.3519978738845657,429.7004704320844,torch_cuda
RidgePoly2_torch,pdp_mean_delay svd_sigma_2,-0.3514909999063255,0.3514909999063255,429.7004704320844,torch_cuda
RidgePoly2_torch,phase_circular_mean svd_energy_ratio_mode1,0.34945927630778617,0.34945927630778617,429.7004704320844,torch_cuda
RidgePoly2_torch,mag_var phase_unwrap_m_mean,0.34928169788594166,0.34928169788594166,429.7004704320844,torch_cuda
RidgePoly2_torch,mag_percentile_50 pdp_rms_delay_spread,-0.34868727260148474,0.34868727260148474,429.7004704320844,torch_cuda
RidgePoly2_torch,mag_dynamic_range_db pdp_los_peak_power,-0.3476894099596577,0.3476894099596577,429.7004704320844,torch_cuda
RidgePoly2_torch,mag_mean mag_max,0.34757036576887207,0.34757036576887207,429.7004704320844,torch_cuda
RidgePoly2_torch,mag_dynamic_range_db phase_unwrap_m_mean,-0.34739592271020076,0.34739592271020076,429.7004704320844,torch_cuda
RidgePoly2_torch,mag_energy_total phase_jump_k_mean_abs,-0.346746801606315,0.346746801606315,429.7004704320844,torch_cuda
RidgePoly2_torch,phase_jump_k_mean_abs pdp_total_energy,-0.3467468016063024,0.3467468016063024,429.7004704320844,torch_cuda
RidgePoly2_torch,mag_percentile_99 phase_jump_m_max_abs,-0.3456179784530802,0.3456179784530802,429.7004704320844,torch_cuda
RidgePoly2_torch,mag_excess_kurtosis,0.34549916828637134,0.34549916828637134,429.7004704320844,torch_cuda
RidgePoly2_torch,mag_kurtosis,0.34549916828631844,0.34549916828631844,429.7004704320844,torch_cuda
RidgePoly2_torch,mag_percentile_5 phase_jump_m_var_abs,0.3449407782318323,0.3449407782318323,429.7004704320844,torch_cuda
RidgePoly2_torch,phase_circular_mean phase_unwrap_k_slope_var,-0.3443378863572277,0.3443378863572277,429.7004704320844,torch_cuda
RidgePoly2_torch,phase_circular_mean phase_jump_k_rms_abs,-0.3435780956982301,0.3435780956982301,429.7004704320844,torch_cuda
RidgePoly2_torch,phase_circular_mean phase_unwrap_k_slope_rms,-0.3435780956981933,0.3435780956981933,429.7004704320844,torch_cuda
RidgePoly2_torch,mag_percentile_75 phase_unwrap_k_mean,-0.34321362091707786,0.34321362091707786,429.7004704320844,torch_cuda
RidgePoly2_torch,mag_percentile_5 phase_unwrap_k_slope_rms,0.34258449315814743,0.34258449315814743,429.7004704320844,torch_cuda
RidgePoly2_torch,mag_percentile_5 phase_jump_k_rms_abs,0.34258449315806616,0.34258449315806616,429.7004704320844,torch_cuda
RidgePoly2_torch,mag_max mag_skewness,0.34176273595258366,0.34176273595258366,429.7004704320844,torch_cuda
RidgePoly2_torch,mag_min doppler_centroid,-0.34148716385118644,0.34148716385118644,429.7004704320844,torch_cuda
RidgePoly2_torch,mag_percentile_75^2,0.34142164987134893,0.34142164987134893,429.7004704320844,torch_cuda
RidgePoly2_torch,mag_percentile_50 pdp_mean_delay,-0.34093255117957233,0.34093255117957233,429.7004704320844,torch_cuda
RidgePoly2_torch,mag_percentile_5 svd_energy_ratio_mode1,-0.3404004429720459,0.3404004429720459,429.7004704320844,torch_cuda
RidgePoly2_torch,mag_percentile_1 pdp_los_peak_idx,0.3402840665969319,0.3402840665969319,429.7004704320844,torch_cuda
RidgePoly2_torch,mag_energy_total phase_jump_k_rms_abs,-0.34010558594652174,0.34010558594652174,429.7004704320844,torch_cuda
RidgePoly2_torch,phase_jump_k_rms_abs pdp_total_energy,-0.3401055859462605,0.3401055859462605,429.7004704320844,torch_cuda
RidgePoly2_torch,mag_energy_total phase_unwrap_k_slope_rms,-0.34010558594613366,0.34010558594613366,429.7004704320844,torch_cuda
RidgePoly2_torch,phase_unwrap_k_slope_rms pdp_total_energy,-0.3401055859460791,0.3401055859460791,429.7004704320844,torch_cuda
RidgePoly2_torch,phase_unwrap_m_slope_mean^2,0.33991040727392474,0.33991040727392474,429.7004704320844,torch_cuda
RidgePoly2_torch,mag_percentile_5,-0.33869026492687654,0.33869026492687654,429.7004704320844,torch_cuda
RidgePoly2_torch,svd_spectral_flatness dH_dt_mean,0.33840489113023703,0.33840489113023703,429.7004704320844,torch_cuda
RidgePoly2_torch,phase_circular_mean dH_dt_max,-0.3367770551291573,0.3367770551291573,429.7004704320844,torch_cuda
RidgePoly2_torch,phase_circular_mean phase_jump_k_mean_abs,-0.33670319924647996,0.33670319924647996,429.7004704320844,torch_cuda
RidgePoly2_torch,mag_energy_total phase_unwrap_m_slope_var,-0.3364373278295626,0.3364373278295626,429.7004704320844,torch_cuda
RidgePoly2_torch,phase_unwrap_m_slope_var pdp_total_energy,-0.336437327829021,0.336437327829021,429.7004704320844,torch_cuda
RidgePoly2_torch,mag_energy_total phase_unwrap_k_slope_var,-0.3364307765249959,0.3364307765249959,429.7004704320844,torch_cuda
RidgePoly2_torch,phase_unwrap_k_slope_var pdp_total_energy,-0.33643077652493875,0.33643077652493875,429.7004704320844,torch_cuda
RidgePoly2_torch,mag_percentile_5 phase_jump_m_max_abs,0.334697596512172,0.334697596512172,429.7004704320844,torch_cuda
RidgePoly2_torch,pdp_papr_linear doppler_centroid,-0.334557064197172,0.334557064197172,429.7004704320844,torch_cuda
RidgePoly2_torch,pdp_los_ratio doppler_centroid,-0.33455702955566297,0.33455702955566297,429.7004704320844,torch_cuda
RidgePoly2_torch,svd_spectral_flatness doppler_variance_energy,0.3344969394514175,0.3344969394514175,429.7004704320844,torch_cuda
RidgePoly2_torch,mag_rms mag_max,0.33350141676115896,0.33350141676115896,429.7004704320844,torch_cuda
RidgePoly2_torch,phase_coherence doppler_centroid,0.3333783699970064,0.3333783699970064,429.7004704320844,torch_cuda
RidgePoly2_torch,phase_circular_variance doppler_centroid,-0.33337836999688475,0.33337836999688475,429.7004704320844,torch_cuda
RidgePoly2_torch,mag_percentile_50 phase_unwrap_k_slope_mean,-0.3327517583451028,0.3327517583451028,429.7004704320844,torch_cuda
RidgePoly2_torch,mag_percentile_50 phase_jump_k_mean_abs,-0.3327459095132472,0.3327459095132472,429.7004704320844,torch_cuda
RidgePoly2_torch,mag_entropy_normalized pdp_rms_delay_spread,-0.33162399193826353,0.33162399193826353,429.7004704320844,torch_cuda
RidgePoly2_torch,mag_entropy pdp_rms_delay_spread,-0.33162399193796976,0.33162399193796976,429.7004704320844,torch_cuda
RidgePoly2_torch,phase_circular_mean pdp_mean_delay,-0.33008061457814664,0.33008061457814664,429.7004704320844,torch_cuda
RidgePoly2_torch,phase_unwrap_k_slope_mean svd_sigma_ratio,-0.3296153885683169,0.3296153885683169,429.7004704320844,torch_cuda
RidgePoly2_torch,mag_max mag_percentile_50,0.3284789033667475,0.3284789033667475,429.7004704320844,torch_cuda
RidgePoly2_torch,phase_unwrap_m_mean phase_unwrap_m_slope_mean,-0.327841842109292,0.327841842109292,429.7004704320844,torch_cuda
RidgePoly2_torch,phase_unwrap_k_var svd_sigma_2,0.3273750142664724,0.3273750142664724,429.7004704320844,torch_cuda
RidgePoly2_torch,phase_unwrap_k_var doppler_variance_energy,-0.32726847275989335,0.32726847275989335,429.7004704320844,torch_cuda
RidgePoly2_torch,svd_sigma_1 dH_dt_mean,-0.32717816716609616,0.32717816716609616,429.7004704320844,torch_cuda
RidgePoly2_torch,mag_mean mag_dynamic_range_linear,0.32690358395164676,0.32690358395164676,429.7004704320844,torch_cuda
RidgePoly2_torch,phase_coherence svd_sigma_ratio,-0.3267609540278513,0.3267609540278513,429.7004704320844,torch_cuda
RidgePoly2_torch,phase_circular_variance svd_sigma_ratio,0.3267609540269345,0.3267609540269345,429.7004704320844,torch_cuda
RidgePoly2_torch,phase_jump_m_rms_abs pdp_rms_delay_spread,-0.3267474073300966,0.3267474073300966,429.7004704320844,torch_cuda
RidgePoly2_torch,phase_unwrap_m_slope_rms pdp_rms_delay_spread,-0.32674740732992624,0.32674740732992624,429.7004704320844,torch_cuda
RidgePoly2_torch,mag_percentile_5 mag_percentile_75,0.3266047729849215,0.3266047729849215,429.7004704320844,torch_cuda
RidgePoly2_torch,mag_dynamic_range_db mag_excess_kurtosis,-0.3265908599514205,0.3265908599514205,429.7004704320844,torch_cuda
RidgePoly2_torch,mag_dynamic_range_db mag_kurtosis,-0.32659085995140485,0.32659085995140485,429.7004704320844,torch_cuda
RidgePoly2_torch,phase_unwrap_k_var dH_dt_mean,-0.3265408292518651,0.3265408292518651,429.7004704320844,torch_cuda
RidgePoly2_torch,svd_sigma_1 doppler_variance_energy,-0.3249140464557486,0.3249140464557486,429.7004704320844,torch_cuda
RidgePoly2_torch,mag_dynamic_range_db phase_unwrap_m_slope_mean,0.32368687418667924,0.32368687418667924,429.7004704320844,torch_cuda
RidgePoly2_torch,mag_energy_total svd_energy_ratio_mode1,0.3232000526877285,0.3232000526877285,429.7004704320844,torch_cuda
RidgePoly2_torch,pdp_total_energy svd_energy_ratio_mode1,0.3232000526875202,0.3232000526875202,429.7004704320844,torch_cuda
RidgePoly2_torch,mag_percentile_50 phase_unwrap_k_slope_var,-0.3227674302909771,0.3227674302909771,429.7004704320844,torch_cuda
RidgePoly2_torch,mag_percentile_50 phase_jump_m_var_abs,-0.32262789023328026,0.32262789023328026,429.7004704320844,torch_cuda
RidgePoly2_torch,pdp_los_peak_idx pdp_total_energy,-0.32233924987900964,0.32233924987900964,429.7004704320844,torch_cuda
RidgePoly2_torch,mag_energy_total pdp_los_peak_idx,-0.32233924987899304,0.32233924987899304,429.7004704320844,torch_cuda
RidgePoly2_torch,mag_rms svd_sigma_1,0.3213346944487812,0.3213346944487812,429.7004704320844,torch_cuda
RidgePoly2_torch,mag_percentile_50 phase_jump_m_mean_abs,-0.320912018076003,0.320912018076003,429.7004704320844,torch_cuda
RidgePoly2_torch,phase_jump_k_var_abs svd_sigma_2,-0.3207014627317993,0.3207014627317993,429.7004704320844,torch_cuda
RidgePoly2_torch,mag_percentile_5 phase_unwrap_k_var,-0.32038075737774957,0.32038075737774957,429.7004704320844,torch_cuda
RidgePoly2_torch,mag_rms mag_percentile_5,0.32009000191788173,0.32009000191788173,429.7004704320844,torch_cuda
RidgePoly2_torch,phase_unwrap_k_slope_mean svd_spectral_flatness,-0.3188673365676404,0.3188673365676404,429.7004704320844,torch_cuda
RidgePoly2_torch,mag_mean svd_sigma_1,0.3185202124754017,0.3185202124754017,429.7004704320844,torch_cuda
RidgePoly2_torch,mag_percentile_25 mag_percentile_99,0.3181096763065527,0.3181096763065527,429.7004704320844,torch_cuda
RidgePoly2_torch,mag_energy_total phase_jump_k_var_abs,-0.3180982253382116,0.3180982253382116,429.7004704320844,torch_cuda
RidgePoly2_torch,phase_jump_k_var_abs pdp_total_energy,-0.31809822533742965,0.31809822533742965,429.7004704320844,torch_cuda
RidgePoly2_torch,mag_percentile_1 phase_unwrap_k_mean,0.31802696686166454,0.31802696686166454,429.7004704320844,torch_cuda
RidgePoly2_torch,mag_percentile_50 phase_jump_k_rms_abs,-0.3165713347125975,0.3165713347125975,429.7004704320844,torch_cuda
RidgePoly2_torch,mag_percentile_50 phase_unwrap_k_slope_rms,-0.31657133471231036,0.31657133471231036,429.7004704320844,torch_cuda
RidgePoly2_torch,mag_percentile_50 phase_unwrap_m_slope_var,-0.3161486998439506,0.3161486998439506,429.7004704320844,torch_cuda
RidgePoly2_torch,mag_percentile_1 phase_circular_variance,-0.3137058085440346,0.3137058085440346,429.7004704320844,torch_cuda
RidgePoly2_torch,mag_percentile_1 phase_coherence,0.31370580854347735,0.31370580854347735,429.7004704320844,torch_cuda
RidgePoly2_torch,mag_var phase_jump_m_var_abs,-0.31343167529452287,0.31343167529452287,429.7004704320844,torch_cuda
RidgePoly2_torch,pdp_los_peak_power svd_sigma_2,0.3121299082784799,0.3121299082784799,429.7004704320844,torch_cuda
RidgePoly2_torch,mag_rms mag_dynamic_range_linear,0.3116353527334686,0.3116353527334686,429.7004704320844,torch_cuda
RidgePoly2_torch,mag_percentile_5 phase_unwrap_m_slope_var,0.3116173032847749,0.3116173032847749,429.7004704320844,torch_cuda
RidgePoly2_torch,mag_mean phase_circular_mean,-0.30906655059000465,0.30906655059000465,429.7004704320844,torch_cuda
RidgePoly2_torch,phase_unwrap_k_mean pdp_rms_delay_spread,-0.30681957094869927,0.30681957094869927,429.7004704320844,torch_cuda
RidgePoly2_torch,mag_mean dH_dt_max,-0.3059702225934095,0.3059702225934095,429.7004704320844,torch_cuda
RidgePoly2_torch,mag_percentile_5 phase_unwrap_k_slope_var,0.3057114638273887,0.3057114638273887,429.7004704320844,torch_cuda
RidgePoly2_torch,mag_mean mag_percentile_5,0.3056689754562845,0.3056689754562845,429.7004704320844,torch_cuda
RidgePoly2_torch,phase_unwrap_m_slope_rms^2,-0.30564141789601523,0.30564141789601523,429.7004704320844,torch_cuda
RidgePoly2_torch,phase_unwrap_m_slope_rms phase_jump_m_rms_abs,-0.3056414178959127,0.3056414178959127,429.7004704320844,torch_cuda
RidgePoly2_torch,phase_jump_m_rms_abs^2,-0.3056414178955083,0.3056414178955083,429.7004704320844,torch_cuda
RidgePoly2_torch,dH_dt_mean^2,0.30545884180122185,0.30545884180122185,429.7004704320844,torch_cuda
RidgePoly2_torch,phase_jump_m_mean_abs phase_jump_k_max_abs,-0.30503625028298015,0.30503625028298015,429.7004704320844,torch_cuda
RidgePoly2_torch,dH_dt_mean doppler_variance_energy,0.30500725556693103,0.30500725556693103,429.7004704320844,torch_cuda
RidgePoly2_torch,doppler_variance_energy^2,0.30432383034313143,0.30432383034313143,429.7004704320844,torch_cuda
RidgePoly2_torch,mag_percentile_5 doppler_centroid,0.30347334543331284,0.30347334543331284,429.7004704320844,torch_cuda
RidgePoly2_torch,pdp_los_peak_idx dH_dt_max,0.30282526737280024,0.30282526737280024,429.7004704320844,torch_cuda
RidgePoly2_torch,pdp_los_peak_idx svd_sigma_2,0.30230738730072865,0.30230738730072865,429.7004704320844,torch_cuda
RidgePoly2_torch,mag_percentile_75 svd_sigma_1,0.30200888482845395,0.30200888482845395,429.7004704320844,torch_cuda
RidgePoly2_torch,mag_energy_total phase_unwrap_k_var,0.3018955759208659,0.3018955759208659,429.7004704320844,torch_cuda
RidgePoly2_torch,phase_unwrap_k_var pdp_total_energy,0.3018955759200963,0.3018955759200963,429.7004704320844,torch_cuda
RidgePoly2_torch,phase_circular_mean phase_unwrap_k_var,0.3009888911731196,0.3009888911731196,429.7004704320844,torch_cuda
RidgePoly2_torch,mag_percentile_75 phase_jump_k_max_abs,-0.3001761129706093,0.3001761129706093,429.7004704320844,torch_cuda
RidgePoly2_torch,mag_percentile_25 phase_circular_mean,-0.30011035570669714,0.30011035570669714,429.7004704320844,torch_cuda
RidgePoly2_torch,mag_percentile_50 svd_energy_ratio_mode1,0.29989188944086265,0.29989188944086265,429.7004704320844,torch_cuda
RidgePoly2_torch,mag_percentile_50 mag_dynamic_range_linear,0.29961097786451957,0.29961097786451957,429.7004704320844,torch_cuda
RidgePoly2_torch,mag_percentile_50 phase_unwrap_k_var,0.2985353485155287,0.2985353485155287,429.7004704320844,torch_cuda
RidgePoly2_torch,mag_percentile_99 pdp_los_ratio,-0.29848604541501167,0.29848604541501167,429.7004704320844,torch_cuda
RidgePoly2_torch,mag_percentile_99 pdp_papr_linear,-0.29848585020415214,0.29848585020415214,429.7004704320844,torch_cuda
RidgePoly2_torch,phase_jump_m_var_abs svd_sigma_ratio,-0.29813829507564854,0.29813829507564854,429.7004704320844,torch_cuda
RidgePoly2_torch,pdp_los_ratio svd_sigma_1,-0.29558535187294727,0.29558535187294727,429.7004704320844,torch_cuda
RidgePoly2_torch,pdp_papr_linear svd_sigma_1,-0.2955851547371876,0.2955851547371876,429.7004704320844,torch_cuda
RidgePoly2_torch,pdp_rms_delay_spread,0.2955829598258691,0.2955829598258691,429.7004704320844,torch_cuda
RidgePoly2_torch,mag_percentile_1^2,0.29428577265665484,0.29428577265665484,429.7004704320844,torch_cuda
RidgePoly2_torch,mag_skewness doppler_centroid,0.2935606266056326,0.2935606266056326,429.7004704320844,torch_cuda
RidgePoly2_torch,phase_circular_mean phase_unwrap_k_slope_mean,-0.2935208722980638,0.2935208722980638,429.7004704320844,torch_cuda
RidgePoly2_torch,phase_jump_m_mean_abs pdp_rms_delay_spread,-0.2930480398475076,0.2930480398475076,429.7004704320844,torch_cuda
RidgePoly2_torch,phase_unwrap_k_mean svd_sigma_ratio,0.2927158651764855,0.2927158651764855,429.7004704320844,torch_cuda
RidgePoly2_torch,mag_min doppler_spread,-0.290187332345121,0.290187332345121,429.7004704320844,torch_cuda
RidgePoly2_torch,mag_percentile_50 phase_jump_k_var_abs,-0.28916588629132767,0.28916588629132767,429.7004704320844,torch_cuda
RidgePoly2_torch,mag_percentile_5 phase_jump_k_mean_abs,0.28779796138076236,0.28779796138076236,429.7004704320844,torch_cuda
RidgePoly2_torch,mag_skewness^2,-0.2877391766080074,0.2877391766080074,429.7004704320844,torch_cuda
RidgePoly2_torch,mag_rms dH_dt_max,-0.28556826813990377,0.28556826813990377,429.7004704320844,torch_cuda
RidgePoly2_torch,mag_dynamic_range_linear pdp_rms_delay_spread,-0.28488953384333426,0.28488953384333426,429.7004704320844,torch_cuda
RidgePoly2_torch,phase_circular_mean svd_sigma_1,-0.2842044601787931,0.2842044601787931,429.7004704320844,torch_cuda
RidgePoly2_torch,phase_unwrap_k_mean,0.28370076192410654,0.28370076192410654,429.7004704320844,torch_cuda
RidgePoly2_torch,phase_unwrap_k_slope_var dH_dt_max,0.28288065979559507,0.28288065979559507,429.7004704320844,torch_cuda
RidgePoly2_torch,pdp_rms_delay_spread svd_energy_ratio_mode1,0.2824366204466109,0.2824366204466109,429.7004704320844,torch_cuda
RidgePoly2_torch,mag_percentile_75 dH_dt_max,-0.2822912813783164,0.2822912813783164,429.7004704320844,torch_cuda
RidgePoly2_torch,mag_kurtosis pdp_los_peak_power,-0.28090782936999253,0.28090782936999253,429.7004704320844,torch_cuda
RidgePoly2_torch,mag_excess_kurtosis pdp_los_peak_power,-0.28090782936977254,0.28090782936977254,429.7004704320844,torch_cuda
RidgePoly2_torch,phase_jump_m_rms_abs pdp_total_energy,-0.2808322383341141,0.2808322383341141,429.7004704320844,torch_cuda
RidgePoly2_torch,mag_energy_total phase_jump_m_rms_abs,-0.2808322383339612,0.2808322383339612,429.7004704320844,torch_cuda
RidgePoly2_torch,phase_unwrap_m_slope_rms pdp_total_energy,-0.2808322383338872,0.2808322383338872,429.7004704320844,torch_cuda
RidgePoly2_torch,mag_energy_total phase_unwrap_m_slope_rms,-0.28083223833387,0.28083223833387,429.7004704320844,torch_cuda
RidgePoly2_torch,mag_percentile_5 pdp_mean_delay,0.280479951367799,0.280479951367799,429.7004704320844,torch_cuda
RidgePoly2_torch,phase_unwrap_m_slope_rms phase_jump_m_mean_abs,-0.2803382120708205,0.2803382120708205,429.7004704320844,torch_cuda
RidgePoly2_torch,phase_jump_m_mean_abs phase_jump_m_rms_abs,-0.2803382120703486,0.2803382120703486,429.7004704320844,torch_cuda
RidgePoly2_torch,phase_unwrap_m_slope_rms svd_energy_ratio_mode1,0.2799862887218016,0.2799862887218016,429.7004704320844,torch_cuda
RidgePoly2_torch,phase_jump_m_rms_abs svd_energy_ratio_mode1,0.2799862887206674,0.2799862887206674,429.7004704320844,torch_cuda
RidgePoly2_torch,mag_max mag_dynamic_range_db,0.27995032839280126,0.27995032839280126,429.7004704320844,torch_cuda
RidgePoly2_torch,mag_percentile_25 phase_unwrap_m_var,-0.27988822453131074,0.27988822453131074,429.7004704320844,torch_cuda
RidgePoly2_torch,dH_dt_max doppler_centroid,0.279757017995423,0.279757017995423,429.7004704320844,torch_cuda
RidgePoly2_torch,phase_unwrap_m_mean pdp_los_ratio,-0.2796262016364858,0.2796262016364858,429.7004704320844,torch_cuda
RidgePoly2_torch,phase_unwrap_m_mean pdp_papr_linear,-0.27962619780406567,0.27962619780406567,429.7004704320844,torch_cuda
RidgePoly2_torch,mag_percentile_95 pdp_los_ratio,-0.277693383277117,0.277693383277117,429.7004704320844,torch_cuda
RidgePoly2_torch,mag_percentile_95 pdp_papr_linear,-0.277693187302718,0.277693187302718,429.7004704320844,torch_cuda
RidgePoly2_torch,mag_percentile_50 mag_percentile_95,0.27689341795341077,0.27689341795341077,429.7004704320844,torch_cuda
RidgePoly2_torch,mag_percentile_5 mag_percentile_95,0.27660701990966985,0.27660701990966985,429.7004704320844,torch_cuda
RidgePoly2_torch,mag_percentile_1 mag_percentile_25,-0.27589934717866,0.27589934717866,429.7004704320844,torch_cuda
RidgePoly2_torch,phase_jump_m_var_abs dH_dt_max,0.27582590169322463,0.27582590169322463,429.7004704320844,torch_cuda
RidgePoly2_torch,mag_var phase_jump_k_rms_abs,-0.275661511263852,0.275661511263852,429.7004704320844,torch_cuda
RidgePoly2_torch,mag_var phase_unwrap_k_slope_rms,-0.2756615112637282,0.2756615112637282,429.7004704320844,torch_cuda
RidgePoly2_torch,mag_percentile_50 phase_circular_mean,-0.27478377068360427,0.27478377068360427,429.7004704320844,torch_cuda
RidgePoly2_torch,mag_percentile_95,0.27437968013949054,0.27437968013949054,429.7004704320844,torch_cuda
RidgePoly2_torch,mag_percentile_1 mag_excess_kurtosis,-0.2742642369991253,0.2742642369991253,429.7004704320844,torch_cuda
RidgePoly2_torch,mag_percentile_1 mag_kurtosis,-0.2742642369990501,0.2742642369990501,429.7004704320844,torch_cuda
RidgePoly2_torch,mag_percentile_5 phase_unwrap_k_slope_mean,0.27405458559634277,0.27405458559634277,429.7004704320844,torch_cuda
RidgePoly2_torch,mag_percentile_25 pdp_los_ratio,-0.2725127476861978,0.2725127476861978,429.7004704320844,torch_cuda
RidgePoly2_torch,mag_percentile_25 pdp_papr_linear,-0.2725125493536493,0.2725125493536493,429.7004704320844,torch_cuda
RidgePoly2_torch,mag_percentile_95 phase_jump_k_max_abs,-0.27176695307325416,0.27176695307325416,429.7004704320844,torch_cuda
RidgePoly2_torch,phase_unwrap_k_var svd_sigma_ratio,0.2712869187736972,0.2712869187736972,429.7004704320844,torch_cuda
RidgePoly2_torch,mag_max pdp_rms_delay_spread,-0.2712366275340391,0.2712366275340391,429.7004704320844,torch_cuda
RidgePoly2_torch,phase_jump_k_var_abs pdp_rms_delay_spread,-0.2700293832383298,0.2700293832383298,429.7004704320844,torch_cuda
RidgePoly2_torch,mag_percentile_25 phase_coherence,-0.2698820868199556,0.2698820868199556,429.7004704320844,torch_cuda
RidgePoly2_torch,mag_percentile_25 phase_circular_variance,0.26988208681973275,0.26988208681973275,429.7004704320844,torch_cuda
RidgePoly2_torch,phase_unwrap_m_mean svd_spectral_flatness,-0.2695046505879419,0.2695046505879419,429.7004704320844,torch_cuda
RidgePoly2_torch,mag_percentile_25 pdp_mean_delay,-0.26841592345626597,0.26841592345626597,429.7004704320844,torch_cuda
RidgePoly2_torch,phase_jump_m_max_abs pdp_rms_delay_spread,-0.2681145333883414,0.2681145333883414,429.7004704320844,torch_cuda
RidgePoly2_torch,mag_percentile_50 phase_jump_m_rms_abs,-0.26803165417685143,0.26803165417685143,429.7004704320844,torch_cuda
RidgePoly2_torch,mag_percentile_50 phase_unwrap_m_slope_rms,-0.26803165417635366,0.26803165417635366,429.7004704320844,torch_cuda
RidgePoly2_torch,phase_jump_k_max_abs svd_energy_ratio_mode1,0.2662413175129495,0.2662413175129495,429.7004704320844,torch_cuda
RidgePoly2_torch,mag_dynamic_range_db dH_dt_max,0.2658721670211979,0.2658721670211979,429.7004704320844,torch_cuda
RidgePoly2_torch,mag_rms phase_circular_mean,-0.26527779598452805,0.26527779598452805,429.7004704320844,torch_cuda
RidgePoly2_torch,mag_dynamic_range_linear doppler_centroid,0.2644336513354693,0.2644336513354693,429.7004704320844,torch_cuda
RidgePoly2_torch,mag_percentile_25 phase_unwrap_k_slope_mean,-0.2638544470400165,0.2638544470400165,429.7004704320844,torch_cuda
RidgePoly2_torch,mag_rms mag_entropy_normalized,0.2627349376617174,0.2627349376617174,429.7004704320844,torch_cuda
RidgePoly2_torch,mag_rms mag_entropy,0.26273493766154016,0.26273493766154016,429.7004704320844,torch_cuda
RidgePoly2_torch,mag_max mag_percentile_75,0.26208396459645916,0.26208396459645916,429.7004704320844,torch_cuda
RidgePoly2_torch,mag_mean mag_entropy,0.2617155873802415,0.2617155873802415,429.7004704320844,torch_cuda
RidgePoly2_torch,mag_mean mag_entropy_normalized,0.2617155873801995,0.2617155873801995,429.7004704320844,torch_cuda
RidgePoly2_torch,mag_percentile_5 phase_unwrap_m_var,0.26162605480939755,0.26162605480939755,429.7004704320844,torch_cuda
RidgePoly2_torch,mag_percentile_5 dH_dt_mean,0.26060254034296476,0.26060254034296476,429.7004704320844,torch_cuda
RidgePoly2_torch,phase_jump_m_rms_abs phase_jump_k_var_abs,-0.2602834794741841,0.2602834794741841,429.7004704320844,torch_cuda
RidgePoly2_torch,phase_unwrap_m_slope_rms phase_jump_k_var_abs,-0.260283479473699,0.260283479473699,429.7004704320844,torch_cuda
RidgePoly2_torch,mag_var phase_jump_k_var_abs,-0.25980564129351164,0.25980564129351164,429.7004704320844,torch_cuda
RidgePoly2_torch,phase_unwrap_m_slope_var dH_dt_max,0.25974866659764295,0.25974866659764295,429.7004704320844,torch_cuda
RidgePoly2_torch,phase_jump_k_var_abs svd_sigma_ratio,-0.2592869471204495,0.2592869471204495,429.7004704320844,torch_cuda
RidgePoly2_torch,svd_sigma_1 doppler_spread,-0.2590390889711131,0.2590390889711131,429.7004704320844,torch_cuda
RidgePoly2_torch,mag_percentile_75 doppler_centroid,0.25881553131706764,0.25881553131706764,429.7004704320844,torch_cuda
RidgePoly2_torch,phase_unwrap_k_slope_rms pdp_rms_delay_spread,-0.2587647107395961,0.2587647107395961,429.7004704320844,torch_cuda
RidgePoly2_torch,phase_jump_k_rms_abs pdp_rms_delay_spread,-0.2587647107391506,0.2587647107391506,429.7004704320844,torch_cuda
RidgePoly2_torch,mag_percentile_5 doppler_variance_energy,0.2583249510095889,0.2583249510095889,429.7004704320844,torch_cuda
RidgePoly2_torch,mag_dynamic_range_linear mag_excess_kurtosis,-0.2582205888043989,0.2582205888043989,429.7004704320844,torch_cuda
RidgePoly2_torch,mag_dynamic_range_linear mag_kurtosis,-0.25822058880408943,0.25822058880408943,429.7004704320844,torch_cuda
RidgePoly2_torch,mag_percentile_99 phase_circular_mean,-0.25821109632400524,0.25821109632400524,429.7004704320844,torch_cuda
RidgePoly2_torch,mag_rms mag_percentile_95,0.25770362569893374,0.25770362569893374,429.7004704320844,torch_cuda
RidgePoly2_torch,mag_energy_total mag_percentile_95,0.25768446779070514,0.25768446779070514,429.7004704320844,torch_cuda
RidgePoly2_torch,mag_percentile_95 pdp_total_energy,0.2576844677905695,0.2576844677905695,429.7004704320844,torch_cuda
RidgePoly2_torch,mag_percentile_25 doppler_variance_energy,-0.2575661063515796,0.2575661063515796,429.7004704320844,torch_cuda
RidgePoly2_torch,mag_mean mag_percentile_95,0.25723266533373357,0.25723266533373357,429.7004704320844,torch_cuda
RidgePoly2_torch,mag_max svd_sigma_1,0.2563379695565189,0.2563379695565189,429.7004704320844,torch_cuda
RidgePoly2_torch,mag_dynamic_range_linear phase_unwrap_m_var,-0.25620798355937013,0.25620798355937013,429.7004704320844,torch_cuda
RidgePoly2_torch,mag_percentile_1 pdp_los_peak_power,0.25561582651166215,0.25561582651166215,429.7004704320844,torch_cuda
RidgePoly2_torch,mag_percentile_95 phase_unwrap_k_mean,-0.25556620413730347,0.25556620413730347,429.7004704320844,torch_cuda
RidgePoly2_torch,phase_unwrap_m_slope_mean phase_jump_k_max_abs,0.2552818789197899,0.2552818789197899,429.7004704320844,torch_cuda
RidgePoly2_torch,mag_percentile_25 phase_jump_k_mean_abs,-0.25502330807774404,0.25502330807774404,429.7004704320844,torch_cuda
RidgePoly2_torch,phase_unwrap_m_slope_rms phase_unwrap_k_mean,-0.2548664022318283,0.2548664022318283,429.7004704320844,torch_cuda
RidgePoly2_torch,phase_unwrap_k_mean phase_jump_m_rms_abs,-0.25486640223148926,0.25486640223148926,429.7004704320844,torch_cuda
RidgePoly2_torch,phase_jump_m_mean_abs svd_sigma_ratio,-0.2543467836189834,0.2543467836189834,429.7004704320844,torch_cuda
RidgePoly2_torch,mag_percentile_99 doppler_centroid,0.25369333281799195,0.25369333281799195,429.7004704320844,torch_cuda
RidgePoly2_torch,mag_percentile_50 mag_dynamic_range_db,-0.25294480426117133,0.25294480426117133,429.7004704320844,torch_cuda
RidgePoly2_torch,mag_percentile_25 dH_dt_mean,-0.2524724400190023,0.2524724400190023,429.7004704320844,torch_cuda
RidgePoly2_torch,mag_min svd_energy_ratio_mode1,-0.25242064218223226,0.25242064218223226,429.7004704320844,torch_cuda
RidgePoly2_torch,pdp_los_peak_idx pdp_los_ratio,0.2518291973952064,0.2518291973952064,429.7004704320844,torch_cuda
RidgePoly2_torch,pdp_los_peak_idx pdp_papr_linear,0.2518290559461491,0.2518290559461491,429.7004704320844,torch_cuda
RidgePoly2_torch,phase_jump_k_rms_abs dH_dt_max,0.2516794675689025,0.2516794675689025,429.7004704320844,torch_cuda
RidgePoly2_torch,phase_unwrap_k_slope_rms dH_dt_max,0.25167946756858744,0.25167946756858744,429.7004704320844,torch_cuda
RidgePoly2_torch,phase_unwrap_m_slope_rms phase_unwrap_k_slope_rms,-0.2510873453703272,0.2510873453703272,429.7004704320844,torch_cuda
RidgePoly2_torch,phase_unwrap_m_slope_rms phase_jump_k_rms_abs,-0.25108734536993604,0.25108734536993604,429.7004704320844,torch_cuda
RidgePoly2_torch,phase_unwrap_k_slope_rms phase_jump_m_rms_abs,-0.251087345369783,0.251087345369783,429.7004704320844,torch_cuda
RidgePoly2_torch,phase_jump_m_rms_abs phase_jump_k_rms_abs,-0.2510873453692608,0.2510873453692608,429.7004704320844,torch_cuda
RidgePoly2_torch,pdp_mean_delay dH_dt_mean,0.25068177125078384,0.25068177125078384,429.7004704320844,torch_cuda
RidgePoly2_torch,mag_percentile_75 mag_dynamic_range_linear,0.24925928466273783,0.24925928466273783,429.7004704320844,torch_cuda
RidgePoly2_torch,pdp_mean_delay doppler_variance_energy,0.24897643982677645,0.24897643982677645,429.7004704320844,torch_cuda
RidgePoly2_torch,phase_unwrap_m_slope_mean phase_jump_m_max_abs,0.2483647041285924,0.2483647041285924,429.7004704320844,torch_cuda
RidgePoly2_torch,phase_coherence pdp_los_ratio,0.24753525928687498,0.24753525928687498,429.7004704320844,torch_cuda
RidgePoly2_torch,phase_circular_variance pdp_los_ratio,-0.2475352592863023,0.2475352592863023,429.7004704320844,torch_cuda
RidgePoly2_torch,phase_coherence pdp_papr_linear,0.24753510058261638,0.24753510058261638,429.7004704320844,torch_cuda
RidgePoly2_torch,phase_circular_variance pdp_papr_linear,-0.24753510058247213,0.24753510058247213,429.7004704320844,torch_cuda
RidgePoly2_torch,phase_unwrap_m_slope_var pdp_rms_delay_spread,-0.24645374816063828,0.24645374816063828,429.7004704320844,torch_cuda
RidgePoly2_torch,mag_percentile_5 mag_percentile_99,0.2458204412388737,0.2458204412388737,429.7004704320844,torch_cuda
RidgePoly2_torch,svd_sigma_1^2,0.24568888345454884,0.24568888345454884,429.7004704320844,torch_cuda
RidgePoly2_torch,phase_jump_m_mean_abs^2,-0.24566040114886387,0.24566040114886387,429.7004704320844,torch_cuda
RidgePoly2_torch,pdp_los_peak_idx doppler_centroid,0.24532925713968176,0.24532925713968176,429.7004704320844,torch_cuda
RidgePoly2_torch,mag_max doppler_centroid,0.24486325800113432,0.24486325800113432,429.7004704320844,torch_cuda
RidgePoly2_torch,phase_unwrap_k_slope_rms svd_sigma_ratio,-0.24471781920291083,0.24471781920291083,429.7004704320844,torch_cuda
RidgePoly2_torch,phase_jump_k_rms_abs svd_sigma_ratio,-0.2447178192024482,0.2447178192024482,429.7004704320844,torch_cuda
RidgePoly2_torch,phase_unwrap_m_slope_var phase_jump_m_rms_abs,-0.2445166610559689,0.2445166610559689,429.7004704320844,torch_cuda
RidgePoly2_torch,phase_unwrap_m_slope_var phase_unwrap_m_slope_rms,-0.24451666105529704,0.24451666105529704,429.7004704320844,torch_cuda
RidgePoly2_torch,mag_percentile_5 pdp_los_peak_power,0.24422909964581174,0.24422909964581174,429.7004704320844,torch_cuda
RidgePoly2_torch,mag_max phase_unwrap_m_var,-0.2441341108966989,0.2441341108966989,429.7004704320844,torch_cuda
RidgePoly2_torch,phase_jump_m_mean_abs svd_energy_ratio_mode1,0.24340908441433112,0.24340908441433112,429.7004704320844,torch_cuda
RidgePoly2_torch,mag_percentile_25 phase_unwrap_k_slope_var,-0.2425421046843997,0.2425421046843997,429.7004704320844,torch_cuda
RidgePoly2_torch,phase_unwrap_m_mean svd_sigma_ratio,0.24206363037368556,0.24206363037368556,429.7004704320844,torch_cuda
RidgePoly2_torch,pdp_mean_delay svd_sigma_ratio,-0.2418089550060907,0.2418089550060907,429.7004704320844,torch_cuda
RidgePoly2_torch,svd_energy_ratio_mode1^2,-0.2417618932074101,0.2417618932074101,429.7004704320844,torch_cuda
RidgePoly2_torch,mag_min pdp_rms_delay_spread,0.24160777064360145,0.24160777064360145,429.7004704320844,torch_cuda
RidgePoly2_torch,mag_skewness phase_circular_mean,-0.24116315388954368,0.24116315388954368,429.7004704320844,torch_cuda
RidgePoly2_torch,phase_jump_k_max_abs doppler_centroid,-0.24075668851628967,0.24075668851628967,429.7004704320844,torch_cuda
RidgePoly2_torch,mag_percentile_5 mag_kurtosis,-0.2391734069255453,0.2391734069255453,429.7004704320844,torch_cuda
RidgePoly2_torch,mag_percentile_5 mag_excess_kurtosis,-0.23917340692546663,0.23917340692546663,429.7004704320844,torch_cuda
RidgePoly2_torch,mag_percentile_95 doppler_centroid,0.23915557139884996,0.23915557139884996,429.7004704320844,torch_cuda
RidgePoly2_torch,mag_percentile_75 svd_sigma_ratio,-0.23781341464209368,0.23781341464209368,429.7004704320844,torch_cuda
RidgePoly2_torch,mag_percentile_25 phase_unwrap_m_slope_var,-0.23766437513572422,0.23766437513572422,429.7004704320844,torch_cuda
RidgePoly2_torch,phase_jump_k_mean_abs dH_dt_max,0.23715472140486446,0.23715472140486446,429.7004704320844,torch_cuda
RidgePoly2_torch,mag_dynamic_range_linear svd_sigma_1,0.23580467383403694,0.23580467383403694,429.7004704320844,torch_cuda
RidgePoly2_torch,mag_min phase_jump_m_mean_abs,0.23570334332271925,0.23570334332271925,429.7004704320844,torch_cuda
RidgePoly2_torch,phase_coherence svd_sigma_2,-0.23565945888783324,0.23565945888783324,429.7004704320844,torch_cuda
RidgePoly2_torch,phase_circular_variance svd_sigma_2,0.23565945888735157,0.23565945888735157,429.7004704320844,torch_cuda
RidgePoly2_torch,pdp_los_peak_idx svd_sigma_ratio,-0.2349629968777697,0.2349629968777697,429.7004704320844,torch_cuda
RidgePoly2_torch,phase_jump_m_var_abs pdp_rms_delay_spread,-0.23418462259999803,0.23418462259999803,429.7004704320844,torch_cuda
RidgePoly2_torch,phase_unwrap_k_slope_var pdp_rms_delay_spread,-0.23367258281505132,0.23367258281505132,429.7004704320844,torch_cuda
RidgePoly2_torch,mag_percentile_50 pdp_los_peak_idx,-0.23341189281216881,0.23341189281216881,429.7004704320844,torch_cuda
RidgePoly2_torch,phase_unwrap_k_slope_var svd_sigma_ratio,-0.23299978162399756,0.23299978162399756,429.7004704320844,torch_cuda
RidgePoly2_torch,mag_mean pdp_los_ratio,-0.2323429425088015,0.2323429425088015,429.7004704320844,torch_cuda
RidgePoly2_torch,mag_mean pdp_papr_linear,-0.23234274497147703,0.23234274497147703,429.7004704320844,torch_cuda
RidgePoly2_torch,phase_unwrap_k_slope_var phase_jump_m_rms_abs,-0.23204503210780927,0.23204503210780927,429.7004704320844,torch_cuda
RidgePoly2_torch,phase_unwrap_m_slope_rms phase_unwrap_k_slope_var,-0.23204503210687072,0.23204503210687072,429.7004704320844,torch_cuda
RidgePoly2_torch,phase_jump_k_mean_abs pdp_rms_delay_spread,-0.23096248411963172,0.23096248411963172,429.7004704320844,torch_cuda
RidgePoly2_torch,mag_percentile_50 phase_circular_variance,0.23072381516873708,0.23072381516873708,429.7004704320844,torch_cuda
RidgePoly2_torch,mag_percentile_50 phase_coherence,-0.23072381516865526,0.23072381516865526,429.7004704320844,torch_cuda
RidgePoly2_torch,pdp_los_peak_idx svd_spectral_flatness,-0.22994115940613286,0.22994115940613286,429.7004704320844,torch_cuda
RidgePoly2_torch,phase_jump_m_rms_abs phase_jump_k_mean_abs,-0.2294918679397485,0.2294918679397485,429.7004704320844,torch_cuda
RidgePoly2_torch,phase_unwrap_m_slope_rms phase_jump_k_mean_abs,-0.22949186793958476,0.22949186793958476,429.7004704320844,torch_cuda
RidgePoly2_torch,phase_unwrap_m_var pdp_los_peak_idx,-0.22897851803242505,0.22897851803242505,429.7004704320844,torch_cuda
RidgePoly2_torch,pdp_los_peak_power doppler_spread,0.2280997345999004,0.2280997345999004,429.7004704320844,torch_cuda
RidgePoly2_torch,phase_coherence phase_unwrap_k_mean,0.22782812746126022,0.22782812746126022,429.7004704320844,torch_cuda
RidgePoly2_torch,phase_circular_variance phase_unwrap_k_mean,-0.2278281274606243,0.2278281274606243,429.7004704320844,torch_cuda
RidgePoly2_torch,mag_max mag_excess_kurtosis,-0.22779665273041905,0.22779665273041905,429.7004704320844,torch_cuda
RidgePoly2_torch,mag_max mag_kurtosis,-0.22779665273025804,0.22779665273025804,429.7004704320844,torch_cuda
RidgePoly2_torch,mag_dynamic_range_linear phase_jump_m_mean_abs,-0.2275663460495762,0.2275663460495762,429.7004704320844,torch_cuda
RidgePoly2_torch,mag_percentile_1 svd_sigma_1,-0.2274515541617007,0.2274515541617007,429.7004704320844,torch_cuda
RidgePoly2_torch,svd_energy_ratio_mode1 dH_dt_max,-0.22641566220457915,0.22641566220457915,429.7004704320844,torch_cuda
RidgePoly2_torch,phase_jump_m_mean_abs phase_jump_k_var_abs,-0.22628679763152876,0.22628679763152876,429.7004704320844,torch_cuda
RidgePoly2_torch,mag_percentile_75 mag_percentile_95,0.22592781009379245,0.22592781009379245,429.7004704320844,torch_cuda
RidgePoly2_torch,svd_sigma_ratio dH_dt_mean,-0.2257825981979252,0.2257825981979252,429.7004704320844,torch_cuda
RidgePoly2_torch,phase_jump_k_var_abs svd_energy_ratio_mode1,0.2254009716000554,0.2254009716000554,429.7004704320844,torch_cuda
RidgePoly2_torch,mag_percentile_99 phase_unwrap_k_mean,-0.2250810715913144,0.2250810715913144,429.7004704320844,torch_cuda
RidgePoly2_torch,mag_percentile_5 svd_sigma_1,0.2250080170309891,0.2250080170309891,429.7004704320844,torch_cuda
RidgePoly2_torch,phase_circular_mean pdp_papr_linear,-0.22499833058332244,0.22499833058332244,429.7004704320844,torch_cuda
RidgePoly2_torch,phase_circular_mean pdp_los_ratio,-0.22499830477294583,0.22499830477294583,429.7004704320844,torch_cuda
RidgePoly2_torch,phase_unwrap_m_slope_rms phase_jump_m_var_abs,-0.22431942289253431,0.22431942289253431,429.7004704320844,torch_cuda
RidgePoly2_torch,phase_jump_m_var_abs phase_jump_m_rms_abs,-0.22431942289218876,0.22431942289218876,429.7004704320844,torch_cuda
RidgePoly2_torch,mag_max pdp_total_energy,0.22418316006997072,0.22418316006997072,429.7004704320844,torch_cuda
RidgePoly2_torch,mag_energy_total mag_max,0.22418316006975372,0.22418316006975372,429.7004704320844,torch_cuda
RidgePoly2_torch,phase_jump_m_max_abs dH_dt_mean,0.22407796524738982,0.22407796524738982,429.7004704320844,torch_cuda
RidgePoly2_torch,mag_dynamic_range_db svd_sigma_2,0.2240343303889371,0.2240343303889371,429.7004704320844,torch_cuda
RidgePoly2_torch,mag_skewness phase_unwrap_m_slope_mean,0.2237993176493046,0.2237993176493046,429.7004704320844,torch_cuda
RidgePoly2_torch,phase_unwrap_m_slope_mean svd_sigma_2,0.22334174373553103,0.22334174373553103,429.7004704320844,torch_cuda
RidgePoly2_torch,mag_dynamic_range_linear phase_jump_k_mean_abs,-0.22327162399391187,0.22327162399391187,429.7004704320844,torch_cuda
RidgePoly2_torch,mag_percentile_25 phase_jump_m_var_abs,-0.22314630701331764,0.22314630701331764,429.7004704320844,torch_cuda
RidgePoly2_torch,mag_rms phase_unwrap_m_var,-0.22295338973849071,0.22295338973849071,429.7004704320844,torch_cuda
RidgePoly2_torch,mag_percentile_5 phase_unwrap_m_mean,-0.22221978344753449,0.22221978344753449,429.7004704320844,torch_cuda
RidgePoly2_torch,phase_unwrap_m_var svd_sigma_ratio,-0.2219792075901891,0.2219792075901891,429.7004704320844,torch_cuda
RidgePoly2_torch,svd_sigma_ratio doppler_variance_energy,-0.2217639651963966,0.2217639651963966,429.7004704320844,torch_cuda
RidgePoly2_torch,mag_max phase_jump_m_max_abs,0.22171577921244823,0.22171577921244823,429.7004704320844,torch_cuda
RidgePoly2_torch,mag_percentile_25 phase_jump_k_rms_abs,-0.2216004701183757,0.2216004701183757,429.7004704320844,torch_cuda
RidgePoly2_torch,mag_percentile_25 phase_unwrap_k_slope_rms,-0.2216004701183141,0.2216004701183141,429.7004704320844,torch_cuda
RidgePoly2_torch,mag_percentile_25 phase_unwrap_k_var,0.22143078070741223,0.22143078070741223,429.7004704320844,torch_cuda
RidgePoly2_torch,phase_jump_k_mean_abs svd_sigma_ratio,-0.22097140308324473,0.22097140308324473,429.7004704320844,torch_cuda
RidgePoly2_torch,phase_jump_k_max_abs pdp_mean_delay,-0.21921108756650035,0.21921108756650035,429.7004704320844,torch_cuda
RidgePoly2_torch,mag_energy_total mag_kurtosis,-0.21917859212860408,0.21917859212860408,429.7004704320844,torch_cuda
RidgePoly2_torch,mag_kurtosis pdp_total_energy,-0.21917859212857638,0.21917859212857638,429.7004704320844,torch_cuda
RidgePoly2_torch,mag_energy_total mag_excess_kurtosis,-0.2191785921285547,0.2191785921285547,429.7004704320844,torch_cuda
RidgePoly2_torch,mag_excess_kurtosis pdp_total_energy,-0.21917859212842572,0.21917859212842572,429.7004704320844,torch_cuda
RidgePoly2_torch,mag_percentile_25 svd_energy_ratio_mode1,0.21888367023622662,0.21888367023622662,429.7004704320844,torch_cuda
RidgePoly2_torch,mag_var phase_unwrap_m_var,-0.218748684769918,0.218748684769918,429.7004704320844,torch_cuda
RidgePoly2_torch,mag_percentile_25 mag_excess_kurtosis,-0.21798746671703934,0.21798746671703934,429.7004704320844,torch_cuda
RidgePoly2_torch,mag_percentile_25 mag_kurtosis,-0.2179874667168964,0.2179874667168964,429.7004704320844,torch_cuda
RidgePoly2_torch,phase_jump_k_rms_abs svd_energy_ratio_mode1,0.21773180601499276,0.21773180601499276,429.7004704320844,torch_cuda
RidgePoly2_torch,phase_unwrap_k_slope_rms svd_energy_ratio_mode1,0.2177318060148587,0.2177318060148587,429.7004704320844,torch_cuda
RidgePoly2_torch,phase_unwrap_k_slope_rms phase_jump_m_mean_abs,-0.21748964759297032,0.21748964759297032,429.7004704320844,torch_cuda
RidgePoly2_torch,phase_jump_m_mean_abs phase_jump_k_rms_abs,-0.21748964759215786,0.21748964759215786,429.7004704320844,torch_cuda
RidgePoly2_torch,mag_percentile_50 svd_spectral_flatness,-0.21738897520670075,0.21738897520670075,429.7004704320844,torch_cuda
RidgePoly2_torch,mag_percentile_75 pdp_los_ratio,-0.21734404325165013,0.21734404325165013,429.7004704320844,torch_cuda
RidgePoly2_torch,mag_percentile_75 pdp_papr_linear,-0.21734384633285103,0.21734384633285103,429.7004704320844,torch_cuda
RidgePoly2_torch,mag_dynamic_range_db svd_energy_ratio_mode1,0.21681649587670546,0.21681649587670546,429.7004704320844,torch_cuda
RidgePoly2_torch,mag_dynamic_range_linear mag_dynamic_range_db,0.21610222081234778,0.21610222081234778,429.7004704320844,torch_cuda
RidgePoly2_torch,mag_percentile_25 phase_jump_m_mean_abs,-0.21586263254540905,0.21586263254540905,429.7004704320844,torch_cuda
RidgePoly2_torch,phase_jump_m_max_abs doppler_variance_energy,0.2154640251717289,0.2154640251717289,429.7004704320844,torch_cuda
RidgePoly2_torch,phase_unwrap_m_var pdp_rms_delay_spread,-0.21519646401062312,0.21519646401062312,429.7004704320844,torch_cuda
RidgePoly2_torch,mag_max phase_jump_m_mean_abs,-0.21496424147282175,0.21496424147282175,429.7004704320844,torch_cuda
RidgePoly2_torch,pdp_total_energy svd_sigma_2,0.21488672947882284,0.21488672947882284,429.7004704320844,torch_cuda
RidgePoly2_torch,mag_energy_total svd_sigma_2,0.2148867294782075,0.2148867294782075,429.7004704320844,torch_cuda
RidgePoly2_torch,mag_percentile_5^2,-0.21422904613573132,0.21422904613573132,429.7004704320844,torch_cuda
RidgePoly2_torch,phase_unwrap_m_var phase_jump_m_rms_abs,-0.2139558619677077,0.2139558619677077,429.7004704320844,torch_cuda
RidgePoly2_torch,phase_unwrap_m_var phase_unwrap_m_slope_rms,-0.21395586196757968,0.21395586196757968,429.7004704320844,torch_cuda
RidgePoly2_torch,phase_unwrap_m_slope_var svd_sigma_ratio,-0.21393859561553064,0.21393859561553064,429.7004704320844,torch_cuda
RidgePoly2_torch,mag_excess_kurtosis pdp_los_peak_idx,0.21390394465462284,0.21390394465462284,429.7004704320844,torch_cuda
RidgePoly2_torch,mag_kurtosis pdp_los_peak_idx,0.21390394465455928,0.21390394465455928,429.7004704320844,torch_cuda
RidgePoly2_torch,phase_unwrap_m_slope_rms phase_unwrap_k_var,0.21373664106202783,0.21373664106202783,429.7004704320844,torch_cuda
RidgePoly2_torch,phase_unwrap_k_var phase_jump_m_rms_abs,0.21373664106184712,0.21373664106184712,429.7004704320844,torch_cuda
RidgePoly2_torch,mag_dynamic_range_linear phase_jump_k_rms_abs,-0.2126423097432507,0.2126423097432507,429.7004704320844,torch_cuda
RidgePoly2_torch,mag_dynamic_range_linear phase_unwrap_k_slope_rms,-0.21264230974302545,0.21264230974302545,429.7004704320844,torch_cuda
RidgePoly2_torch,mag_max phase_jump_k_mean_abs,-0.21192943838127123,0.21192943838127123,429.7004704320844,torch_cuda
RidgePoly2_torch,phase_unwrap_m_slope_var svd_energy_ratio_mode1,0.21115828122254565,0.21115828122254565,429.7004704320844,torch_cuda
RidgePoly2_torch,mag_dynamic_range_linear phase_unwrap_k_slope_var,-0.21036742205773967,0.21036742205773967,429.7004704320844,torch_cuda
RidgePoly2_torch,phase_circular_variance pdp_total_energy,0.2102664808482928,0.2102664808482928,429.7004704320844,torch_cuda
RidgePoly2_torch,mag_energy_total phase_circular_variance,0.2102664808479509,0.2102664808479509,429.7004704320844,torch_cuda
RidgePoly2_torch,phase_coherence pdp_total_energy,-0.21026648084789365,0.21026648084789365,429.7004704320844,torch_cuda
RidgePoly2_torch,mag_energy_total phase_coherence,-0.2102664808474719,0.2102664808474719,429.7004704320844,torch_cuda
RidgePoly2_torch,phase_unwrap_m_slope_rms pdp_mean_delay,-0.21012468494071,0.21012468494071,429.7004704320844,torch_cuda
RidgePoly2_torch,phase_jump_m_rms_abs pdp_mean_delay,-0.2101246849404475,0.2101246849404475,429.7004704320844,torch_cuda
RidgePoly2_torch,phase_unwrap_m_slope_var phase_jump_m_mean_abs,-0.20973968534631138,0.20973968534631138,429.7004704320844,torch_cuda
RidgePoly2_torch,mag_percentile_25 pdp_los_peak_idx,-0.2087062763025255,0.2087062763025255,429.7004704320844,torch_cuda
RidgePoly2_torch,phase_unwrap_k_var pdp_rms_delay_spread,0.20828794110943824,0.20828794110943824,429.7004704320844,torch_cuda
RidgePoly2_torch,phase_unwrap_m_slope_mean dH_dt_max,-0.20791155592284058,0.20791155592284058,429.7004704320844,torch_cuda
RidgePoly2_torch,pdp_mean_delay pdp_rms_delay_spread,-0.20776534629321258,0.20776534629321258,429.7004704320844,torch_cuda
RidgePoly2_torch,mag_min phase_unwrap_m_slope_var,0.20759656070038063,0.20759656070038063,429.7004704320844,torch_cuda
RidgePoly2_torch,mag_dynamic_range_linear phase_jump_m_var_abs,-0.20729658200349874,0.20729658200349874,429.7004704320844,torch_cuda
RidgePoly2_torch,mag_min pdp_mean_delay,0.20703955853442177,0.20703955853442177,429.7004704320844,torch_cuda
RidgePoly2_torch,mag_rms pdp_los_ratio,-0.20658294467537558,0.20658294467537558,429.7004704320844,torch_cuda
RidgePoly2_torch,mag_rms pdp_papr_linear,-0.20658274733346454,0.20658274733346454,429.7004704320844,torch_cuda
RidgePoly2_torch,mag_mean phase_unwrap_m_var,-0.20653233717927455,0.20653233717927455,429.7004704320844,torch_cuda
RidgePoly2_torch,phase_circular_mean svd_sigma_2,-0.20633039766732864,0.20633039766732864,429.7004704320844,torch_cuda
RidgePoly2_torch,phase_unwrap_m_slope_rms,0.20590265923648948,0.20590265923648948,429.7004704320844,torch_cuda
RidgePoly2_torch,phase_jump_m_rms_abs,0.20590265923610118,0.20590265923610118,429.7004704320844,torch_cuda
RidgePoly2_torch,mag_dynamic_range_linear phase_unwrap_m_slope_var,-0.20477471727667707,0.20477471727667707,429.7004704320844,torch_cuda
RidgePoly2_torch,mag_kurtosis doppler_centroid,-0.20429855427303856,0.20429855427303856,429.7004704320844,torch_cuda
RidgePoly2_torch,mag_excess_kurtosis doppler_centroid,-0.20429855427293053,0.20429855427293053,429.7004704320844,torch_cuda
RidgePoly2_torch,phase_jump_k_var_abs^2,-0.20427618997027844,0.20427618997027844,429.7004704320844,torch_cuda
RidgePoly2_torch,pdp_rms_delay_spread doppler_centroid,0.2040704955171089,0.2040704955171089,429.7004704320844,torch_cuda
RidgePoly2_torch,mag_max phase_jump_k_rms_abs,-0.2037344627775989,0.2037344627775989,429.7004704320844,torch_cuda
RidgePoly2_torch,mag_max phase_unwrap_k_slope_rms,-0.20373446277702784,0.20373446277702784,429.7004704320844,torch_cuda
RidgePoly2_torch,mag_rms doppler_spread,-0.2037006484883065,0.2037006484883065,429.7004704320844,torch_cuda
RidgePoly2_torch,mag_var svd_energy_ratio_mode1,0.20361497289732486,0.20361497289732486,429.7004704320844,torch_cuda
RidgePoly2_torch,svd_sigma_1 svd_sigma_ratio,-0.20117221535907814,0.20117221535907814,429.7004704320844,torch_cuda
RidgePoly2_torch,mag_max phase_unwrap_k_slope_var,-0.2002727590938706,0.2002727590938706,429.7004704320844,torch_cuda
RidgePoly2_torch,mag_dynamic_range_linear svd_energy_ratio_mode1,0.19981157543749417,0.19981157543749417,429.7004704320844,torch_cuda
RidgePoly2_torch,phase_unwrap_k_mean phase_jump_m_mean_abs,-0.19979704590083402,0.19979704590083402,429.7004704320844,torch_cuda
RidgePoly2_torch,mag_max phase_jump_m_var_abs,-0.19967598743270337,0.19967598743270337,429.7004704320844,torch_cuda
RidgePoly2_torch,mag_dynamic_range_linear phase_unwrap_k_slope_mean,-0.19960889401496607,0.19960889401496607,429.7004704320844,torch_cuda
RidgePoly2_torch,phase_unwrap_k_slope_var svd_energy_ratio_mode1,0.199205336572466,0.199205336572466,429.7004704320844,torch_cuda
RidgePoly2_torch,mag_dynamic_range_linear pdp_total_energy,0.19861553840420826,0.19861553840420826,429.7004704320844,torch_cuda
RidgePoly2_torch,mag_energy_total mag_dynamic_range_linear,0.19861553840371254,0.19861553840371254,429.7004704320844,torch_cuda
RidgePoly2_torch,phase_jump_k_var_abs phase_jump_k_rms_abs,-0.19841935988048007,0.19841935988048007,429.7004704320844,torch_cuda
RidgePoly2_torch,phase_unwrap_k_slope_rms phase_jump_k_var_abs,-0.1984193598800239,0.1984193598800239,429.7004704320844,torch_cuda
RidgePoly2_torch,mag_rms phase_jump_k_mean_abs,-0.19826369392944113,0.19826369392944113,429.7004704320844,torch_cuda
RidgePoly2_torch,mag_rms pdp_mean_delay,-0.19807367660589112,0.19807367660589112,429.7004704320844,torch_cuda
RidgePoly2_torch,phase_unwrap_k_slope_var phase_jump_m_mean_abs,-0.19763134867854065,0.19763134867854065,429.7004704320844,torch_cuda
RidgePoly2_torch,phase_jump_k_mean_abs svd_energy_ratio_mode1,0.1972089566668948,0.1972089566668948,429.7004704320844,torch_cuda
RidgePoly2_torch,phase_unwrap_m_slope_var phase_jump_k_max_abs,-0.1971913779750954,0.1971913779750954,429.7004704320844,torch_cuda
RidgePoly2_torch,mag_percentile_25 doppler_centroid,0.19710078808414483,0.19710078808414483,429.7004704320844,torch_cuda
RidgePoly2_torch,mag_rms phase_unwrap_k_slope_mean,-0.1966359232560789,0.1966359232560789,429.7004704320844,torch_cuda
RidgePoly2_torch,mag_percentile_99 svd_spectral_flatness,0.19613216152961285,0.19613216152961285,429.7004704320844,torch_cuda
RidgePoly2_torch,mag_min phase_jump_k_mean_abs,0.19556445390949906,0.19556445390949906,429.7004704320844,torch_cuda
RidgePoly2_torch,mag_max,-0.19538187297250145,0.19538187297250145,429.7004704320844,torch_cuda
RidgePoly2_torch,phase_jump_m_mean_abs phase_jump_k_mean_abs,-0.19527029297644702,0.19527029297644702,429.7004704320844,torch_cuda
RidgePoly2_torch,mag_dynamic_range_linear pdp_mean_delay,-0.19507284448718062,0.19507284448718062,429.7004704320844,torch_cuda
RidgePoly2_torch,mag_percentile_50 mag_percentile_99,0.19432492908344667,0.19432492908344667,429.7004704320844,torch_cuda
RidgePoly2_torch,mag_min phase_unwrap_m_var,0.19428042468364473,0.19428042468364473,429.7004704320844,torch_cuda
RidgePoly2_torch,phase_jump_m_var_abs svd_energy_ratio_mode1,0.19423434982069593,0.19423434982069593,429.7004704320844,torch_cuda
RidgePoly2_torch,mag_var phase_coherence,-0.19409462240538986,0.19409462240538986,429.7004704320844,torch_cuda
RidgePoly2_torch,mag_var phase_circular_variance,0.19409462240516095,0.19409462240516095,429.7004704320844,torch_cuda
RidgePoly2_torch,phase_unwrap_k_slope_mean svd_sigma_1,-0.19407393690713304,0.19407393690713304,429.7004704320844,torch_cuda
RidgePoly2_torch,mag_dynamic_range_linear,-0.19398815074935735,0.19398815074935735,429.7004704320844,torch_cuda
RidgePoly2_torch,mag_max phase_unwrap_m_slope_var,-0.1934692954135175,0.1934692954135175,429.7004704320844,torch_cuda
RidgePoly2_torch,phase_jump_m_mean_abs phase_jump_m_var_abs,-0.19338893975201457,0.19338893975201457,429.7004704320844,torch_cuda
RidgePoly2_torch,phase_jump_m_mean_abs dH_dt_max,0.1932326061906025,0.1932326061906025,429.7004704320844,torch_cuda
RidgePoly2_torch,phase_unwrap_m_slope_var phase_jump_k_var_abs,-0.1914140451915248,0.1914140451915248,429.7004704320844,torch_cuda
RidgePoly2_torch,mag_var phase_unwrap_m_slope_var,-0.19122875939744136,0.19122875939744136,429.7004704320844,torch_cuda
RidgePoly2_torch,phase_unwrap_k_slope_rms^2,-0.19085978646308402,0.19085978646308402,429.7004704320844,torch_cuda
RidgePoly2_torch,phase_unwrap_k_slope_rms phase_jump_k_rms_abs,-0.19085978646247706,0.19085978646247706,429.7004704320844,torch_cuda
RidgePoly2_torch,phase_jump_k_rms_abs^2,-0.19085978646237758,0.19085978646237758,429.7004704320844,torch_cuda
RidgePoly2_torch,mag_max phase_unwrap_k_slope_mean,-0.19029247906997895,0.19029247906997895,429.7004704320844,torch_cuda
RidgePoly2_torch,phase_jump_k_mean_abs phase_jump_k_max_abs,-0.19000028787790282,0.19000028787790282,429.7004704320844,torch_cuda
RidgePoly2_torch,mag_var phase_unwrap_k_slope_var,-0.18977712243514847,0.18977712243514847,429.7004704320844,torch_cuda
RidgePoly2_torch,phase_jump_m_rms_abs dH_dt_max,0.18955485492069069,0.18955485492069069,429.7004704320844,torch_cuda
RidgePoly2_torch,phase_unwrap_m_slope_rms dH_dt_max,0.18955485492053872,0.18955485492053872,429.7004704320844,torch_cuda
RidgePoly2_torch,mag_percentile_25 svd_sigma_ratio,-0.1889437591773473,0.1889437591773473,429.7004704320844,torch_cuda
RidgePoly2_torch,mag_percentile_25 phase_jump_k_var_abs,-0.1887835163936795,0.1887835163936795,429.7004704320844,torch_cuda
RidgePoly2_torch,mag_var phase_jump_k_mean_abs,-0.18792600612861446,0.18792600612861446,429.7004704320844,torch_cuda
RidgePoly2_torch,mag_dynamic_range_linear phase_unwrap_m_slope_mean,0.18781165429575766,0.18781165429575766,429.7004704320844,torch_cuda
RidgePoly2_torch,mag_max svd_energy_ratio_mode1,0.18718993995766312,0.18718993995766312,429.7004704320844,torch_cuda
RidgePoly2_torch,mag_entropy_normalized phase_unwrap_m_slope_rms,-0.18669457910188195,0.18669457910188195,429.7004704320844,torch_cuda
RidgePoly2_torch,mag_entropy phase_jump_m_rms_abs,-0.18669457910187703,0.18669457910187703,429.7004704320844,torch_cuda
RidgePoly2_torch,mag_entropy phase_unwrap_m_slope_rms,-0.18669457910173876,0.18669457910173876,429.7004704320844,torch_cuda
RidgePoly2_torch,mag_entropy_normalized phase_jump_m_rms_abs,-0.18669457910164067,0.18669457910164067,429.7004704320844,torch_cuda
RidgePoly2_torch,mag_rms phase_unwrap_k_slope_var,-0.1865398760634869,0.1865398760634869,429.7004704320844,torch_cuda
RidgePoly2_torch,phase_unwrap_k_mean dH_dt_max,0.1862288643572068,0.1862288643572068,429.7004704320844,torch_cuda
RidgePoly2_torch,mag_mean mag_percentile_99,0.18599719236247061,0.18599719236247061,429.7004704320844,torch_cuda
RidgePoly2_torch,mag_max doppler_spread,-0.18598881077919796,0.18598881077919796,429.7004704320844,torch_cuda
RidgePoly2_torch,pdp_los_ratio dH_dt_max,-0.18537476583740609,0.18537476583740609,429.7004704320844,torch_cuda
RidgePoly2_torch,pdp_papr_linear dH_dt_max,-0.18537469207287707,0.18537469207287707,429.7004704320844,torch_cuda
RidgePoly2_torch,mag_rms mag_percentile_99,0.18527831536644418,0.18527831536644418,429.7004704320844,torch_cuda
RidgePoly2_torch,mag_mean pdp_mean_delay,-0.18506522674852738,0.18506522674852738,429.7004704320844,torch_cuda
RidgePoly2_torch,mag_mean doppler_spread,-0.18503767230698315,0.18503767230698315,429.7004704320844,torch_cuda
RidgePoly2_torch,phase_unwrap_k_var svd_energy_ratio_mode1,-0.18494674546168782,0.18494674546168782,429.7004704320844,torch_cuda
RidgePoly2_torch,phase_unwrap_m_slope_var phase_unwrap_k_slope_rms,-0.1843297902149691,0.1843297902149691,429.7004704320844,torch_cuda
RidgePoly2_torch,phase_unwrap_m_slope_var phase_jump_k_rms_abs,-0.18432979021432228,0.18432979021432228,429.7004704320844,torch_cuda
RidgePoly2_torch,doppler_variance_energy doppler_centroid,0.18409238715324083,0.18409238715324083,429.7004704320844,torch_cuda
RidgePoly2_torch,pdp_total_energy svd_spectral_flatness,-0.1840263686248755,0.1840263686248755,429.7004704320844,torch_cuda
RidgePoly2_torch,mag_energy_total svd_spectral_flatness,-0.18402636862360564,0.18402636862360564,429.7004704320844,torch_cuda
RidgePoly2_torch,mag_max pdp_mean_delay,-0.18401483296706495,0.18401483296706495,429.7004704320844,torch_cuda
RidgePoly2_torch,mag_min pdp_los_peak_idx,0.18366222150475497,0.18366222150475497,429.7004704320844,torch_cuda
RidgePoly2_torch,mag_kurtosis dH_dt_mean,-0.18313602121300082,0.18313602121300082,429.7004704320844,torch_cuda
RidgePoly2_torch,mag_excess_kurtosis dH_dt_mean,-0.18313602121290729,0.18313602121290729,429.7004704320844,torch_cuda
RidgePoly2_torch,mag_mean phase_jump_k_mean_abs,-0.18244756086472652,0.18244756086472652,429.7004704320844,torch_cuda
RidgePoly2_torch,mag_excess_kurtosis doppler_variance_energy,-0.18243508014404514,0.18243508014404514,429.7004704320844,torch_cuda
RidgePoly2_torch,mag_kurtosis doppler_variance_energy,-0.18243508014401513,0.18243508014401513,429.7004704320844,torch_cuda
RidgePoly2_torch,mag_mean phase_unwrap_k_slope_mean,-0.18240653440708443,0.18240653440708443,429.7004704320844,torch_cuda
RidgePoly2_torch,mag_entropy svd_energy_ratio_mode1,-0.18154859294908868,0.18154859294908868,429.7004704320844,torch_cuda
RidgePoly2_torch,mag_entropy_normalized svd_energy_ratio_mode1,-0.18154859294862455,0.18154859294862455,429.7004704320844,torch_cuda
RidgePoly2_torch,phase_unwrap_m_var phase_jump_k_max_abs,-0.18132267847512507,0.18132267847512507,429.7004704320844,torch_cuda
RidgePoly2_torch,phase_unwrap_k_var phase_jump_m_mean_abs,0.18124139404542677,0.18124139404542677,429.7004704320844,torch_cuda
RidgePoly2_torch,mag_max phase_unwrap_m_slope_mean,0.18104481549257626,0.18104481549257626,429.7004704320844,torch_cuda
RidgePoly2_torch,phase_unwrap_m_var svd_energy_ratio_mode1,0.18060964796723253,0.18060964796723253,429.7004704320844,torch_cuda
RidgePoly2_torch,mag_rms phase_jump_m_var_abs,-0.18043555800728683,0.18043555800728683,429.7004704320844,torch_cuda
RidgePoly2_torch,mag_var mag_percentile_1,0.17998057185789273,0.17998057185789273,429.7004704320844,torch_cuda
RidgePoly2_torch,mag_rms phase_unwrap_m_slope_var,-0.17993723218150706,0.17993723218150706,429.7004704320844,torch_cuda
RidgePoly2_torch,dH_dt_mean doppler_centroid,0.17961235173597656,0.17961235173597656,429.7004704320844,torch_cuda
RidgePoly2_torch,mag_percentile_95 svd_spectral_flatness,0.17931237188915394,0.17931237188915394,429.7004704320844,torch_cuda
RidgePoly2_torch,mag_percentile_95 svd_sigma_1,0.17900914513578678,0.17900914513578678,429.7004704320844,torch_cuda
RidgePoly2_torch,phase_unwrap_m_var phase_jump_m_mean_abs,-0.17848922991923813,0.17848922991923813,429.7004704320844,torch_cuda
RidgePoly2_torch,phase_unwrap_m_var phase_unwrap_m_slope_mean,0.17804910324520512,0.17804910324520512,429.7004704320844,torch_cuda
RidgePoly2_torch,phase_unwrap_m_slope_var^2,-0.1779405019296985,0.1779405019296985,429.7004704320844,torch_cuda
RidgePoly2_torch,phase_unwrap_k_slope_var phase_jump_k_var_abs,-0.1778596590736678,0.1778596590736678,429.7004704320844,torch_cuda
RidgePoly2_torch,svd_sigma_ratio svd_energy_ratio_mode1,0.17747012820708283,0.17747012820708283,429.7004704320844,torch_cuda
RidgePoly2_torch,mag_rms phase_jump_k_rms_abs,-0.17738964178735586,0.17738964178735586,429.7004704320844,torch_cuda
RidgePoly2_torch,mag_rms phase_unwrap_k_slope_rms,-0.17738964178695968,0.17738964178695968,429.7004704320844,torch_cuda
RidgePoly2_torch,phase_jump_k_mean_abs phase_jump_k_var_abs,-0.1769173558140978,0.1769173558140978,429.7004704320844,torch_cuda
RidgePoly2_torch,mag_rms pdp_rms_delay_spread,-0.176324673333315,0.176324673333315,429.7004704320844,torch_cuda
RidgePoly2_torch,mag_dynamic_range_linear phase_jump_k_max_abs,-0.1760357696828909,0.1760357696828909,429.7004704320844,torch_cuda
RidgePoly2_torch,pdp_mean_delay svd_energy_ratio_mode1,0.17593286756603105,0.17593286756603105,429.7004704320844,torch_cuda
RidgePoly2_torch,mag_percentile_95 phase_circular_mean,-0.175814143918874,0.175814143918874,429.7004704320844,torch_cuda
RidgePoly2_torch,mag_rms phase_jump_m_mean_abs,-0.17523545862324696,0.17523545862324696,429.7004704320844,torch_cuda
RidgePoly2_torch,phase_unwrap_k_mean svd_energy_ratio_mode1,0.17491839944014373,0.17491839944014373,429.7004704320844,torch_cuda
RidgePoly2_torch,phase_jump_m_mean_abs pdp_mean_delay,-0.17407098381986977,0.17407098381986977,429.7004704320844,torch_cuda
RidgePoly2_torch,mag_percentile_99 dH_dt_max,0.17333927876999897,0.17333927876999897,429.7004704320844,torch_cuda
RidgePoly2_torch,mag_var svd_sigma_ratio,0.17308089749342254,0.17308089749342254,429.7004704320844,torch_cuda
RidgePoly2_torch,phase_jump_m_var_abs phase_jump_k_var_abs,-0.17302759612225882,0.17302759612225882,429.7004704320844,torch_cuda
RidgePoly2_torch,mag_rms phase_circular_variance,0.17286121946741348,0.17286121946741348,429.7004704320844,torch_cuda
RidgePoly2_torch,mag_rms phase_coherence,-0.17286121946673672,0.17286121946673672,429.7004704320844,torch_cuda
RidgePoly2_torch,mag_percentile_25 pdp_rms_delay_spread,-0.17228537827670792,0.17228537827670792,429.7004704320844,torch_cuda
RidgePoly2_torch,mag_energy_total dH_dt_max,-0.17216590252574693,0.17216590252574693,429.7004704320844,torch_cuda
RidgePoly2_torch,pdp_total_energy dH_dt_max,-0.1721659025257383,0.1721659025257383,429.7004704320844,torch_cuda
RidgePoly2_torch,phase_unwrap_k_slope_var phase_jump_k_rms_abs,-0.17194153696035264,0.17194153696035264,429.7004704320844,torch_cuda
RidgePoly2_torch,phase_unwrap_k_slope_var phase_unwrap_k_slope_rms,-0.171941536960031,0.171941536960031,429.7004704320844,torch_cuda
RidgePoly2_torch,phase_unwrap_m_slope_rms doppler_centroid,0.17192402960666459,0.17192402960666459,429.7004704320844,torch_cuda
RidgePoly2_torch,phase_jump_m_rms_abs doppler_centroid,0.1719240296064776,0.1719240296064776,429.7004704320844,torch_cuda
RidgePoly2_torch,phase_unwrap_k_slope_var phase_jump_k_max_abs,-0.17089501252446238,0.17089501252446238,429.7004704320844,torch_cuda
RidgePoly2_torch,mag_mean phase_unwrap_k_slope_var,-0.17068440435044263,0.17068440435044263,429.7004704320844,torch_cuda
RidgePoly2_torch,mag_dynamic_range_linear phase_unwrap_m_slope_rms,-0.17044628892517816,0.17044628892517816,429.7004704320844,torch_cuda
RidgePoly2_torch,mag_dynamic_range_linear phase_jump_m_rms_abs,-0.17044628892492877,0.17044628892492877,429.7004704320844,torch_cuda
RidgePoly2_torch,mag_dynamic_range_linear phase_jump_k_var_abs,-0.17005937056019585,0.17005937056019585,429.7004704320844,torch_cuda
RidgePoly2_torch,phase_unwrap_k_slope_rms phase_jump_k_mean_abs,-0.16997788018508572,0.16997788018508572,429.7004704320844,torch_cuda
RidgePoly2_torch,phase_jump_k_mean_abs phase_jump_k_rms_abs,-0.1699778801848627,0.1699778801848627,429.7004704320844,torch_cuda
RidgePoly2_torch,phase_circular_mean pdp_los_peak_idx,0.16972561468867095,0.16972561468867095,429.7004704320844,torch_cuda
RidgePoly2_torch,mag_percentile_75 phase_circular_mean,-0.1686698139458521,0.1686698139458521,429.7004704320844,torch_cuda
RidgePoly2_torch,mag_dynamic_range_linear phase_unwrap_k_var,0.1684215251860262,0.1684215251860262,429.7004704320844,torch_cuda
RidgePoly2_torch,mag_entropy mag_excess_kurtosis,0.16841758086952452,0.16841758086952452,429.7004704320844,torch_cuda
RidgePoly2_torch,mag_entropy_normalized mag_excess_kurtosis,0.16841758086945943,0.16841758086945943,429.7004704320844,torch_cuda
RidgePoly2_torch,mag_entropy_normalized mag_kurtosis,0.16841758086941397,0.16841758086941397,429.7004704320844,torch_cuda
RidgePoly2_torch,mag_entropy mag_kurtosis,0.16841758086926495,0.16841758086926495,429.7004704320844,torch_cuda
RidgePoly2_torch,mag_percentile_75 phase_unwrap_m_var,-0.16812956238555768,0.16812956238555768,429.7004704320844,torch_cuda
RidgePoly2_torch,mag_mean mag_excess_kurtosis,-0.16797563591671333,0.16797563591671333,429.7004704320844,torch_cuda
RidgePoly2_torch,mag_mean mag_kurtosis,-0.16797563591668363,0.16797563591668363,429.7004704320844,torch_cuda
RidgePoly2_torch,mag_dynamic_range_db phase_unwrap_m_slope_var,-0.16745274802470117,0.16745274802470117,429.7004704320844,torch_cuda
RidgePoly2_torch,mag_percentile_50 mag_kurtosis,-0.16731425365005126,0.16731425365005126,429.7004704320844,torch_cuda
RidgePoly2_torch,mag_percentile_50 mag_excess_kurtosis,-0.16731425364972158,0.16731425364972158,429.7004704320844,torch_cuda
RidgePoly2_torch,mag_mean svd_sigma_ratio,-0.16719693469565017,0.16719693469565017,429.7004704320844,torch_cuda
RidgePoly2_torch,phase_jump_m_var_abs phase_jump_k_rms_abs,-0.16650952817207684,0.16650952817207684,429.7004704320844,torch_cuda
RidgePoly2_torch,phase_unwrap_k_slope_rms phase_jump_m_var_abs,-0.16650952817184259,0.16650952817184259,429.7004704320844,torch_cuda
RidgePoly2_torch,phase_unwrap_m_slope_var phase_unwrap_k_slope_var,-0.16630734199510455,0.16630734199510455,429.7004704320844,torch_cuda
RidgePoly2_torch,mag_min phase_unwrap_k_slope_var,0.1661425336480343,0.1661425336480343,429.7004704320844,torch_cuda
RidgePoly2_torch,phase_circular_variance doppler_spread,0.1652639437461918,0.1652639437461918,429.7004704320844,torch_cuda
RidgePoly2_torch,phase_coherence doppler_spread,-0.16526394374610637,0.16526394374610637,429.7004704320844,torch_cuda
RidgePoly2_torch,mag_percentile_5 pdp_los_peak_idx,0.16486540388317963,0.16486540388317963,429.7004704320844,torch_cuda
RidgePoly2_torch,mag_mean doppler_centroid,0.1647054864322963,0.1647054864322963,429.7004704320844,torch_cuda
RidgePoly2_torch,phase_unwrap_m_slope_var phase_jump_k_mean_abs,-0.16453170573891998,0.16453170573891998,429.7004704320844,torch_cuda
RidgePoly2_torch,mag_rms mag_kurtosis,-0.16452355327112625,0.16452355327112625,429.7004704320844,torch_cuda
RidgePoly2_torch,mag_rms mag_excess_kurtosis,-0.16452355327105675,0.16452355327105675,429.7004704320844,torch_cuda
RidgePoly2_torch,phase_circular_variance phase_unwrap_k_slope_mean,-0.16427733721376586,0.16427733721376586,429.7004704320844,torch_cuda
RidgePoly2_torch,phase_coherence phase_unwrap_k_slope_mean,0.16427733721356846,0.16427733721356846,429.7004704320844,torch_cuda
RidgePoly2_torch,mag_mean phase_unwrap_m_slope_var,-0.16414934046715488,0.16414934046715488,429.7004704320844,torch_cuda
RidgePoly2_torch,mag_percentile_75 phase_jump_m_max_abs,-0.1640958709021509,0.1640958709021509,429.7004704320844,torch_cuda
RidgePoly2_torch,mag_max phase_jump_k_var_abs,-0.16384389509842875,0.16384389509842875,429.7004704320844,torch_cuda
RidgePoly2_torch,mag_mean phase_jump_m_var_abs,-0.1635099130464115,0.1635099130464115,429.7004704320844,torch_cuda
RidgePoly2_torch,mag_excess_kurtosis svd_sigma_1,-0.16345979753483758,0.16345979753483758,429.7004704320844,torch_cuda
RidgePoly2_torch,mag_kurtosis svd_sigma_1,-0.16345979753478448,0.16345979753478448,429.7004704320844,torch_cuda
RidgePoly2_torch,mag_max phase_jump_m_rms_abs,-0.16333582079196995,0.16333582079196995,429.7004704320844,torch_cuda
RidgePoly2_torch,mag_max phase_unwrap_m_slope_rms,-0.16333582079168868,0.16333582079168868,429.7004704320844,torch_cuda
RidgePoly2_torch,mag_percentile_95 mag_dynamic_range_db,0.16315186673560722,0.16315186673560722,429.7004704320844,torch_cuda
RidgePoly2_torch,mag_rms svd_energy_ratio_mode1,0.16303283574997735,0.16303283574997735,429.7004704320844,torch_cuda
RidgePoly2_torch,mag_rms phase_unwrap_k_var,0.1619547869381625,0.1619547869381625,429.7004704320844,torch_cuda
RidgePoly2_torch,mag_percentile_75 doppler_spread,-0.1619207994857779,0.1619207994857779,429.7004704320844,torch_cuda
RidgePoly2_torch,phase_unwrap_k_mean phase_unwrap_k_var,0.16154622141909025,0.16154622141909025,429.7004704320844,torch_cuda
RidgePoly2_torch,mag_max phase_unwrap_k_var,0.16142422623290115,0.16142422623290115,429.7004704320844,torch_cuda
RidgePoly2_torch,phase_coherence phase_unwrap_m_mean,-0.16115700165918112,0.16115700165918112,429.7004704320844,torch_cuda
RidgePoly2_torch,phase_circular_variance phase_unwrap_m_mean,0.1611570016589974,0.1611570016589974,429.7004704320844,torch_cuda
RidgePoly2_torch,mag_excess_kurtosis mag_skewness,-0.16038576582708555,0.16038576582708555,429.7004704320844,torch_cuda
RidgePoly2_torch,mag_kurtosis mag_skewness,-0.16038576582696495,0.16038576582696495,429.7004704320844,torch_cuda
RidgePoly2_torch,mag_mean phase_jump_k_rms_abs,-0.16023624637116884,0.16023624637116884,429.7004704320844,torch_cuda
RidgePoly2_torch,mag_mean phase_unwrap_k_slope_rms,-0.16023624637111192,0.16023624637111192,429.7004704320844,torch_cuda
RidgePoly2_torch,mag_percentile_99 pdp_total_energy,0.159952524252094,0.159952524252094,429.7004704320844,torch_cuda
RidgePoly2_torch,mag_energy_total mag_percentile_99,0.15995252425089276,0.15995252425089276,429.7004704320844,torch_cuda
RidgePoly2_torch,mag_percentile_5 phase_unwrap_k_mean,0.15994618086911896,0.15994618086911896,429.7004704320844,torch_cuda
RidgePoly2_torch,mag_dynamic_range_db pdp_mean_delay,-0.159876141721424,0.159876141721424,429.7004704320844,torch_cuda
RidgePoly2_torch,phase_unwrap_m_var phase_jump_k_var_abs,-0.15954916910651093,0.15954916910651093,429.7004704320844,torch_cuda
RidgePoly2_torch,phase_unwrap_k_var^2,-0.15922571029636653,0.15922571029636653,429.7004704320844,torch_cuda
RidgePoly2_torch,phase_unwrap_m_mean svd_sigma_1,-0.1584906605867455,0.1584906605867455,429.7004704320844,torch_cuda
RidgePoly2_torch,mag_dynamic_range_linear svd_sigma_ratio,-0.15824796014405676,0.15824796014405676,429.7004704320844,torch_cuda
RidgePoly2_torch,phase_unwrap_m_slope_var phase_jump_m_var_abs,-0.1582090994815634,0.1582090994815634,429.7004704320844,torch_cuda
RidgePoly2_torch,mag_dynamic_range_db phase_jump_m_mean_abs,-0.15787781596457207,0.15787781596457207,429.7004704320844,torch_cuda
RidgePoly2_torch,phase_unwrap_m_mean^2,0.15720671868738664,0.15720671868738664,429.7004704320844,torch_cuda
RidgePoly2_torch,mag_mean phase_jump_m_mean_abs,-0.15704010939889057,0.15704010939889057,429.7004704320844,torch_cuda
RidgePoly2_torch,mag_mean phase_coherence,-0.15696977962811523,0.15696977962811523,429.7004704320844,torch_cuda
RidgePoly2_torch,mag_mean phase_circular_variance,0.1569697796277542,0.1569697796277542,429.7004704320844,torch_cuda
RidgePoly2_torch,pdp_los_peak_idx^2,0.15643514340498174,0.15643514340498174,429.7004704320844,torch_cuda
RidgePoly2_torch,mag_rms doppler_centroid,0.15575282963903903,0.15575282963903903,429.7004704320844,torch_cuda
RidgePoly2_torch,phase_unwrap_k_var phase_unwrap_k_slope_rms,0.15545817669039994,0.15545817669039994,429.7004704320844,torch_cuda
RidgePoly2_torch,phase_unwrap_k_var phase_jump_k_rms_abs,0.15545817668985182,0.15545817668985182,429.7004704320844,torch_cuda
RidgePoly2_torch,phase_unwrap_m_var dH_dt_max,0.15536479410617246,0.15536479410617246,429.7004704320844,torch_cuda
RidgePoly2_torch,phase_unwrap_m_slope_rms phase_jump_k_max_abs,-0.15532446830982366,0.15532446830982366,429.7004704320844,torch_cuda
RidgePoly2_torch,phase_jump_m_rms_abs phase_jump_k_max_abs,-0.15532446830968283,0.15532446830968283,429.7004704320844,torch_cuda
RidgePoly2_torch,mag_dynamic_range_linear pdp_los_peak_power,-0.15500727369849285,0.15500727369849285,429.7004704320844,torch_cuda
RidgePoly2_torch,phase_unwrap_k_var phase_jump_k_var_abs,0.15494575822737358,0.15494575822737358,429.7004704320844,torch_cuda
RidgePoly2_torch,mag_percentile_75 mag_entropy_normalized,-0.15458539700750182,0.15458539700750182,429.7004704320844,torch_cuda
RidgePoly2_torch,mag_percentile_75 mag_entropy,-0.15458539700692822,0.15458539700692822,429.7004704320844,torch_cuda
RidgePoly2_torch,phase_unwrap_k_slope_var^2,-0.1542305209715815,0.1542305209715815,429.7004704320844,torch_cuda
RidgePoly2_torch,phase_unwrap_m_var phase_unwrap_k_slope_rms,-0.15401193153297021,0.15401193153297021,429.7004704320844,torch_cuda
RidgePoly2_torch,phase_unwrap_m_var phase_jump_k_rms_abs,-0.1540119315327994,0.1540119315327994,429.7004704320844,torch_cuda
RidgePoly2_torch,mag_percentile_75 mag_percentile_99,0.15371027864105788,0.15371027864105788,429.7004704320844,torch_cuda
RidgePoly2_torch,mag_max svd_sigma_ratio,-0.15366119040243129,0.15366119040243129,429.7004704320844,torch_cuda
RidgePoly2_torch,phase_unwrap_k_mean phase_jump_k_var_abs,-0.15288503758686223,0.15288503758686223,429.7004704320844,torch_cuda
RidgePoly2_torch,phase_jump_k_var_abs pdp_mean_delay,-0.15286226737571434,0.15286226737571434,429.7004704320844,torch_cuda
RidgePoly2_torch,doppler_variance_energy doppler_spread,0.1525621364035526,0.1525621364035526,429.7004704320844,torch_cuda
RidgePoly2_torch,phase_unwrap_k_slope_var phase_jump_k_mean_abs,-0.15250116151886595,0.15250116151886595,429.7004704320844,torch_cuda
RidgePoly2_torch,mag_mean pdp_rms_delay_spread,-0.1524680214631485,0.1524680214631485,429.7004704320844,torch_cuda
RidgePoly2_torch,mag_dynamic_range_db phase_circular_variance,0.1521791909717665,0.1521791909717665,429.7004704320844,torch_cuda
RidgePoly2_torch,mag_dynamic_range_db phase_coherence,-0.1521791909713941,0.1521791909713941,429.7004704320844,torch_cuda
RidgePoly2_torch,mag_mean mag_percentile_1,-0.15130413288536762,0.15130413288536762,429.7004704320844,torch_cuda
RidgePoly2_torch,phase_jump_k_max_abs,0.15123182212501504,0.15123182212501504,429.7004704320844,torch_cuda
RidgePoly2_torch,phase_unwrap_k_mean phase_jump_k_rms_abs,-0.15117052177440263,0.15117052177440263,429.7004704320844,torch_cuda
RidgePoly2_torch,phase_unwrap_k_mean phase_unwrap_k_slope_rms,-0.15117052177395104,0.15117052177395104,429.7004704320844,torch_cuda
RidgePoly2_torch,phase_unwrap_m_slope_var phase_unwrap_k_var,0.1507725730833149,0.1507725730833149,429.7004704320844,torch_cuda
RidgePoly2_torch,phase_jump_k_mean_abs^2,-0.1506733136382275,0.1506733136382275,429.7004704320844,torch_cuda
RidgePoly2_torch,mag_dynamic_range_db phase_unwrap_k_slope_mean,-0.15052844068431162,0.15052844068431162,429.7004704320844,torch_cuda
RidgePoly2_torch,phase_jump_k_max_abs phase_jump_k_rms_abs,-0.150281311276472,0.150281311276472,429.7004704320844,torch_cuda
RidgePoly2_torch,phase_unwrap_k_slope_rms phase_jump_k_max_abs,-0.15028131127575875,0.15028131127575875,429.7004704320844,torch_cuda
RidgePoly2_torch,phase_jump_m_mean_abs phase_jump_m_max_abs,-0.14959590251074992,0.14959590251074992,429.7004704320844,torch_cuda
RidgePoly2_torch,mag_dynamic_range_db phase_jump_k_mean_abs,-0.1489542505668013,0.1489542505668013,429.7004704320844,torch_cuda
RidgePoly2_torch,phase_unwrap_k_slope_var dH_dt_mean,0.1489506417515013,0.1489506417515013,429.7004704320844,torch_cuda
RidgePoly2_torch,mag_rms svd_sigma_ratio,-0.14869733462635024,0.14869733462635024,429.7004704320844,torch_cuda
RidgePoly2_torch,phase_unwrap_k_slope_rms pdp_mean_delay,-0.1486298693884131,0.1486298693884131,429.7004704320844,torch_cuda
RidgePoly2_torch,phase_jump_k_rms_abs pdp_mean_delay,-0.1486298693881167,0.1486298693881167,429.7004704320844,torch_cuda
RidgePoly2_torch,mag_dynamic_range_linear svd_sigma_2,0.14852327341168736,0.14852327341168736,429.7004704320844,torch_cuda
RidgePoly2_torch,mag_min phase_unwrap_k_slope_mean,0.14846611510818924,0.14846611510818924,429.7004704320844,torch_cuda
RidgePoly2_torch,mag_dynamic_range_linear doppler_spread,-0.1475532096842455,0.1475532096842455,429.7004704320844,torch_cuda
RidgePoly2_torch,phase_unwrap_m_var phase_unwrap_m_slope_var,-0.14755126163398324,0.14755126163398324,429.7004704320844,torch_cuda
RidgePoly2_torch,mag_mean phase_unwrap_k_var,0.14705511539197008,0.14705511539197008,429.7004704320844,torch_cuda
RidgePoly2_torch,phase_unwrap_k_slope_var phase_jump_m_var_abs,-0.14688992988889998,0.14688992988889998,429.7004704320844,torch_cuda
RidgePoly2_torch,phase_unwrap_k_slope_var doppler_variance_energy,0.14688177273597736,0.14688177273597736,429.7004704320844,torch_cuda
RidgePoly2_torch,mag_max svd_sigma_2,0.1466450691824959,0.1466450691824959,429.7004704320844,torch_cuda
RidgePoly2_torch,mag_mean svd_energy_ratio_mode1,0.14662451418143965,0.14662451418143965,429.7004704320844,torch_cuda
RidgePoly2_torch,phase_jump_m_var_abs phase_jump_k_mean_abs,-0.14573393305778223,0.14573393305778223,429.7004704320844,torch_cuda
RidgePoly2_torch,mag_rms phase_jump_k_var_abs,-0.1444698317695749,0.1444698317695749,429.7004704320844,torch_cuda
RidgePoly2_torch,pdp_mean_delay svd_sigma_1,-0.14418103575883004,0.14418103575883004,429.7004704320844,torch_cuda
RidgePoly2_torch,mag_percentile_75 phase_jump_k_mean_abs,-0.14401433322821378,0.14401433322821378,429.7004704320844,torch_cuda
RidgePoly2_torch,mag_entropy pdp_los_peak_idx,0.14362212409947772,0.14362212409947772,429.7004704320844,torch_cuda
RidgePoly2_torch,mag_entropy_normalized pdp_los_peak_idx,0.14362212409920627,0.14362212409920627,429.7004704320844,torch_cuda
RidgePoly2_torch,mag_dynamic_range_db phase_unwrap_k_slope_var,-0.14287899701316087,0.14287899701316087,429.7004704320844,torch_cuda
RidgePoly2_torch,phase_unwrap_m_slope_var pdp_mean_delay,-0.1424523820490825,0.1424523820490825,429.7004704320844,torch_cuda
RidgePoly2_torch,phase_coherence phase_jump_m_max_abs,0.14238612901849532,0.14238612901849532,429.7004704320844,torch_cuda
RidgePoly2_torch,phase_circular_variance phase_jump_m_max_abs,-0.14238612901787637,0.14238612901787637,429.7004704320844,torch_cuda
RidgePoly2_torch,mag_var pdp_mean_delay,-0.1421387072864016,0.1421387072864016,429.7004704320844,torch_cuda
RidgePoly2_torch,phase_unwrap_k_var phase_unwrap_k_slope_var,0.14192722740784897,0.14192722740784897,429.7004704320844,torch_cuda
RidgePoly2_torch,svd_sigma_ratio doppler_spread,-0.1410385078079233,0.1410385078079233,429.7004704320844,torch_cuda
RidgePoly2_torch,mag_percentile_75 pdp_mean_delay,-0.14102227266533227,0.14102227266533227,429.7004704320844,torch_cuda
RidgePoly2_torch,mag_percentile_1 mag_percentile_50,-0.14076598679198699,0.14076598679198699,429.7004704320844,torch_cuda
RidgePoly2_torch,mag_percentile_75 phase_unwrap_k_slope_mean,-0.14028298188650673,0.14028298188650673,429.7004704320844,torch_cuda
RidgePoly2_torch,mag_percentile_25 phase_unwrap_m_mean,-0.13997622505432575,0.13997622505432575,429.7004704320844,torch_cuda
RidgePoly2_torch,mag_max mag_percentile_95,0.13920363942261094,0.13920363942261094,429.7004704320844,torch_cuda
RidgePoly2_torch,mag_var phase_unwrap_k_slope_mean,-0.1388525747097834,0.1388525747097834,429.7004704320844,torch_cuda
RidgePoly2_torch,mag_percentile_95 phase_jump_m_max_abs,-0.13869993195805097,0.13869993195805097,429.7004704320844,torch_cuda
RidgePoly2_torch,phase_unwrap_k_var phase_jump_k_mean_abs,0.1384163374341344,0.1384163374341344,429.7004704320844,torch_cuda
RidgePoly2_torch,svd_sigma_2 dH_dt_max,0.1376652562535134,0.1376652562535134,429.7004704320844,torch_cuda
RidgePoly2_torch,phase_coherence svd_sigma_1,-0.13695881237521002,0.13695881237521002,429.7004704320844,torch_cuda
RidgePoly2_torch,phase_circular_variance svd_sigma_1,0.13695881237372745,0.13695881237372745,429.7004704320844,torch_cuda
RidgePoly2_torch,phase_unwrap_m_var phase_unwrap_k_slope_var,-0.13671445682078054,0.13671445682078054,429.7004704320844,torch_cuda
RidgePoly2_torch,phase_unwrap_m_var doppler_centroid,0.13580232341244186,0.13580232341244186,429.7004704320844,torch_cuda
RidgePoly2_torch,mag_percentile_99 phase_unwrap_m_slope_mean,0.13562979294053912,0.13562979294053912,429.7004704320844,torch_cuda
RidgePoly2_torch,pdp_total_energy doppler_centroid,0.13542827148193187,0.13542827148193187,429.7004704320844,torch_cuda
RidgePoly2_torch,mag_energy_total doppler_centroid,0.13542827148155592,0.13542827148155592,429.7004704320844,torch_cuda
RidgePoly2_torch,phase_unwrap_m_slope_mean phase_unwrap_k_var,0.13531370504531787,0.13531370504531787,429.7004704320844,torch_cuda
RidgePoly2_torch,mag_percentile_75 pdp_rms_delay_spread,-0.13517249062421496,0.13517249062421496,429.7004704320844,torch_cuda
RidgePoly2_torch,phase_unwrap_m_var phase_jump_k_mean_abs,-0.13505294742463994,0.13505294742463994,429.7004704320844,torch_cuda
RidgePoly2_torch,pdp_los_peak_idx doppler_variance_energy,0.1345781588864554,0.1345781588864554,429.7004704320844,torch_cuda
RidgePoly2_torch,phase_unwrap_m_var svd_sigma_1,-0.13456175552227875,0.13456175552227875,429.7004704320844,torch_cuda
RidgePoly2_torch,mag_max^2,0.1345575108881913,0.1345575108881913,429.7004704320844,torch_cuda
RidgePoly2_torch,phase_jump_m_max_abs svd_energy_ratio_mode1,0.13434820210092405,0.13434820210092405,429.7004704320844,torch_cuda
RidgePoly2_torch,mag_var phase_unwrap_k_var,0.13416171405439178,0.13416171405439178,429.7004704320844,torch_cuda
RidgePoly2_torch,phase_jump_m_var_abs^2,-0.1337336174227556,0.1337336174227556,429.7004704320844,torch_cuda
RidgePoly2_torch,phase_jump_m_max_abs doppler_centroid,0.13371492305012186,0.13371492305012186,429.7004704320844,torch_cuda
RidgePoly2_torch,mag_percentile_95 doppler_spread,-0.13326694969332914,0.13326694969332914,429.7004704320844,torch_cuda
RidgePoly2_torch,phase_jump_k_max_abs doppler_spread,-0.13308508572866404,0.13308508572866404,429.7004704320844,torch_cuda
RidgePoly2_torch,mag_percentile_75 phase_unwrap_k_slope_var,-0.13283130296300674,0.13283130296300674,429.7004704320844,torch_cuda
RidgePoly2_torch,pdp_los_peak_idx dH_dt_mean,0.13261047398495118,0.13261047398495118,429.7004704320844,torch_cuda
RidgePoly2_torch,mag_percentile_25 phase_jump_m_rms_abs,-0.13249113332800153,0.13249113332800153,429.7004704320844,torch_cuda
RidgePoly2_torch,mag_percentile_25 phase_unwrap_m_slope_rms,-0.13249113332778772,0.13249113332778772,429.7004704320844,torch_cuda
RidgePoly2_torch,phase_unwrap_m_slope_var phase_unwrap_k_mean,-0.13191567795069303,0.13191567795069303,429.7004704320844,torch_cuda
RidgePoly2_torch,phase_circular_mean phase_unwrap_m_var,-0.13177721248532173,0.13177721248532173,429.7004704320844,torch_cuda
RidgePoly2_torch,mag_percentile_75 phase_jump_m_var_abs,-0.1316215572381312,0.1316215572381312,429.7004704320844,torch_cuda
RidgePoly2_torch,mag_percentile_75 mag_kurtosis,-0.13108367072740804,0.13108367072740804,429.7004704320844,torch_cuda
RidgePoly2_torch,mag_percentile_75 mag_excess_kurtosis,-0.13108367072737576,0.13108367072737576,429.7004704320844,torch_cuda
RidgePoly2_torch,phase_jump_k_var_abs phase_jump_k_max_abs,-0.13094827697480124,0.13094827697480124,429.7004704320844,torch_cuda
RidgePoly2_torch,phase_unwrap_k_slope_var pdp_mean_delay,-0.1307817193082058,0.1307817193082058,429.7004704320844,torch_cuda
RidgePoly2_torch,phase_unwrap_m_var phase_jump_m_var_abs,-0.1306210842190868,0.1306210842190868,429.7004704320844,torch_cuda
RidgePoly2_torch,pdp_los_peak_idx svd_sigma_1,-0.13047515641800445,0.13047515641800445,429.7004704320844,torch_cuda
RidgePoly2_torch,mag_dynamic_range_db svd_sigma_1,0.13040890214154538,0.13040890214154538,429.7004704320844,torch_cuda
RidgePoly2_torch,mag_dynamic_range_linear pdp_los_ratio,-0.1302093083007837,0.1302093083007837,429.7004704320844,torch_cuda
RidgePoly2_torch,mag_dynamic_range_linear pdp_papr_linear,-0.13020911630591164,0.13020911630591164,429.7004704320844,torch_cuda
RidgePoly2_torch,phase_unwrap_k_mean phase_unwrap_k_slope_var,-0.12956183360156506,0.12956183360156506,429.7004704320844,torch_cuda
RidgePoly2_torch,svd_energy_ratio_mode1,0.12951638804826981,0.12951638804826981,429.7004704320844,torch_cuda
RidgePoly2_torch,phase_jump_k_mean_abs pdp_mean_delay,-0.12947602967026742,0.12947602967026742,429.7004704320844,torch_cuda
RidgePoly2_torch,mag_min phase_jump_k_rms_abs,0.12888632287488802,0.12888632287488802,429.7004704320844,torch_cuda
RidgePoly2_torch,mag_min phase_unwrap_k_slope_rms,0.12888632287446142,0.12888632287446142,429.7004704320844,torch_cuda
RidgePoly2_torch,phase_unwrap_m_var phase_unwrap_k_var,0.12876506094066598,0.12876506094066598,429.7004704320844,torch_cuda
RidgePoly2_torch,mag_entropy pdp_mean_delay,0.12870983750564793,0.12870983750564793,429.7004704320844,torch_cuda
RidgePoly2_torch,mag_entropy_normalized pdp_mean_delay,0.12870983750472637,0.12870983750472637,429.7004704320844,torch_cuda
RidgePoly2_torch,phase_jump_m_var_abs dH_dt_mean,0.12826207905391473,0.12826207905391473,429.7004704320844,torch_cuda
RidgePoly2_torch,mag_mean phase_jump_k_var_abs,-0.1279078880497024,0.1279078880497024,429.7004704320844,torch_cuda
RidgePoly2_torch,mag_percentile_75 phase_jump_k_rms_abs,-0.12783882336895128,0.12783882336895128,429.7004704320844,torch_cuda
RidgePoly2_torch,mag_percentile_75 phase_unwrap_k_slope_rms,-0.12783882336796018,0.12783882336796018,429.7004704320844,torch_cuda
RidgePoly2_torch,phase_jump_m_var_abs doppler_centroid,0.12773874089977816,0.12773874089977816,429.7004704320844,torch_cuda
RidgePoly2_torch,phase_jump_k_max_abs dH_dt_mean,0.12651983092516245,0.12651983092516245,429.7004704320844,torch_cuda
RidgePoly2_torch,mag_skewness phase_unwrap_m_mean,0.12631045695919874,0.12631045695919874,429.7004704320844,torch_cuda
RidgePoly2_torch,mag_percentile_75 phase_unwrap_m_slope_var,-0.1253394221002063,0.1253394221002063,429.7004704320844,torch_cuda
RidgePoly2_torch,phase_jump_m_var_abs doppler_variance_energy,0.12529732043195355,0.12529732043195355,429.7004704320844,torch_cuda
RidgePoly2_torch,phase_unwrap_m_slope_mean doppler_spread,0.12504178079960115,0.12504178079960115,429.7004704320844,torch_cuda
RidgePoly2_torch,mag_percentile_99 doppler_variance_energy,0.12437528275631222,0.12437528275631222,429.7004704320844,torch_cuda
RidgePoly2_torch,mag_var doppler_centroid,-0.12423682467500632,0.12423682467500632,429.7004704320844,torch_cuda
RidgePoly2_torch,phase_unwrap_m_mean pdp_los_peak_idx,0.12388360504347434,0.12388360504347434,429.7004704320844,torch_cuda
RidgePoly2_torch,mag_percentile_75 phase_jump_m_mean_abs,-0.12381166083399656,0.12381166083399656,429.7004704320844,torch_cuda
RidgePoly2_torch,mag_percentile_75 mag_dynamic_range_db,0.12358392548236474,0.12358392548236474,429.7004704320844,torch_cuda
RidgePoly2_torch,mag_rms mag_percentile_1,-0.12344173970492245,0.12344173970492245,429.7004704320844,torch_cuda
RidgePoly2_torch,svd_sigma_1 doppler_centroid,0.12335257842063085,0.12335257842063085,429.7004704320844,torch_cuda
RidgePoly2_torch,mag_kurtosis svd_sigma_2,-0.12313671490323005,0.12313671490323005,429.7004704320844,torch_cuda
RidgePoly2_torch,mag_excess_kurtosis svd_sigma_2,-0.12313671490307637,0.12313671490307637,429.7004704320844,torch_cuda
RidgePoly2_torch,phase_circular_variance phase_unwrap_m_var,0.12308362728416693,0.12308362728416693,429.7004704320844,torch_cuda
RidgePoly2_torch,phase_coherence phase_unwrap_m_var,-0.12308362728262587,0.12308362728262587,429.7004704320844,torch_cuda
RidgePoly2_torch,mag_percentile_99 dH_dt_mean,0.1229235659435597,0.1229235659435597,429.7004704320844,torch_cuda
RidgePoly2_torch,phase_unwrap_k_mean phase_jump_k_mean_abs,-0.12283772588108127,0.12283772588108127,429.7004704320844,torch_cuda
RidgePoly2_torch,phase_unwrap_k_var phase_jump_m_var_abs,0.12251647358808723,0.12251647358808723,429.7004704320844,torch_cuda
RidgePoly2_torch,mag_rms pdp_los_peak_idx,-0.12244048066993228,0.12244048066993228,429.7004704320844,torch_cuda
RidgePoly2_torch,mag_percentile_25 dH_dt_max,-0.12227921864241899,0.12227921864241899,429.7004704320844,torch_cuda
RidgePoly2_torch,mag_mean pdp_los_peak_idx,-0.12177588724229599,0.12177588724229599,429.7004704320844,torch_cuda
RidgePoly2_torch,phase_jump_m_var_abs pdp_mean_delay,-0.12172084593661704,0.12172084593661704,429.7004704320844,torch_cuda
RidgePoly2_torch,phase_jump_m_var_abs svd_sigma_1,-0.12164484678596535,0.12164484678596535,429.7004704320844,torch_cuda
RidgePoly2_torch,phase_jump_m_mean_abs doppler_centroid,0.12133514453075642,0.12133514453075642,429.7004704320844,torch_cuda
RidgePoly2_torch,mag_percentile_1 mag_dynamic_range_db,0.12117060063334362,0.12117060063334362,429.7004704320844,torch_cuda
RidgePoly2_torch,mag_percentile_95 mag_excess_kurtosis,-0.12024138183540507,0.12024138183540507,429.7004704320844,torch_cuda
RidgePoly2_torch,mag_percentile_95 mag_kurtosis,-0.12024138183508498,0.12024138183508498,429.7004704320844,torch_cuda
RidgePoly2_torch,mag_percentile_99 pdp_los_peak_power,-0.11957026591097182,0.11957026591097182,429.7004704320844,torch_cuda
RidgePoly2_torch,phase_circular_variance phase_unwrap_m_slope_mean,-0.11924250637397939,0.11924250637397939,429.7004704320844,torch_cuda
RidgePoly2_torch,phase_coherence phase_unwrap_m_slope_mean,0.11924250637389597,0.11924250637389597,429.7004704320844,torch_cuda
RidgePoly2_torch,mag_percentile_95^2,0.1192413875741258,0.1192413875741258,429.7004704320844,torch_cuda
RidgePoly2_torch,mag_max phase_unwrap_m_mean,0.11889073319887708,0.11889073319887708,429.7004704320844,torch_cuda
RidgePoly2_torch,phase_jump_k_max_abs doppler_variance_energy,0.11844696762346706,0.11844696762346706,429.7004704320844,torch_cuda
RidgePoly2_torch,mag_percentile_99 mag_kurtosis,-0.11806244292351831,0.11806244292351831,429.7004704320844,torch_cuda
RidgePoly2_torch,mag_percentile_99 mag_excess_kurtosis,-0.11806244292345208,0.11806244292345208,429.7004704320844,torch_cuda
RidgePoly2_torch,mag_energy_total mag_percentile_1,0.11805843579638818,0.11805843579638818,429.7004704320844,torch_cuda
RidgePoly2_torch,mag_percentile_1 pdp_total_energy,0.11805843579586217,0.11805843579586217,429.7004704320844,torch_cuda
RidgePoly2_torch,phase_unwrap_m_slope_rms phase_unwrap_k_slope_mean,-0.11799250490051862,0.11799250490051862,429.7004704320844,torch_cuda
RidgePoly2_torch,phase_unwrap_k_slope_mean phase_jump_m_rms_abs,-0.11799250490011153,0.11799250490011153,429.7004704320844,torch_cuda
RidgePoly2_torch,phase_jump_k_mean_abs svd_sigma_1,-0.11789966630225947,0.11789966630225947,429.7004704320844,torch_cuda
RidgePoly2_torch,mag_percentile_95 mag_dynamic_range_linear,0.11758878840325422,0.11758878840325422,429.7004704320844,torch_cuda
RidgePoly2_torch,phase_unwrap_m_var pdp_mean_delay,-0.11693846538111437,0.11693846538111437,429.7004704320844,torch_cuda
RidgePoly2_torch,mag_rms phase_unwrap_m_slope_rms,-0.11675306829743454,0.11675306829743454,429.7004704320844,torch_cuda
RidgePoly2_torch,mag_rms phase_jump_m_rms_abs,-0.11675306829695922,0.11675306829695922,429.7004704320844,torch_cuda
RidgePoly2_torch,mag_entropy phase_unwrap_k_mean,0.11669503974689194,0.11669503974689194,429.7004704320844,torch_cuda
RidgePoly2_torch,mag_entropy_normalized phase_unwrap_k_mean,0.11669503974685047,0.11669503974685047,429.7004704320844,torch_cuda
RidgePoly2_torch,mag_entropy_normalized phase_jump_k_max_abs,0.11564384347837171,0.11564384347837171,429.7004704320844,torch_cuda
RidgePoly2_torch,mag_entropy phase_jump_k_max_abs,0.11564384347815473,0.11564384347815473,429.7004704320844,torch_cuda
RidgePoly2_torch,mag_percentile_75 phase_circular_variance,0.11539894982051024,0.11539894982051024,429.7004704320844,torch_cuda
RidgePoly2_torch,mag_percentile_75 phase_coherence,-0.11539894982050053,0.11539894982050053,429.7004704320844,torch_cuda
RidgePoly2_torch,mag_dynamic_range_db phase_unwrap_k_var,0.11532948830011266,0.11532948830011266,429.7004704320844,torch_cuda
RidgePoly2_torch,phase_unwrap_k_slope_var svd_sigma_1,-0.11469518979208657,0.11469518979208657,429.7004704320844,torch_cuda
RidgePoly2_torch,phase_unwrap_k_slope_mean pdp_rms_delay_spread,-0.11417301735602983,0.11417301735602983,429.7004704320844,torch_cuda
RidgePoly2_torch,phase_unwrap_m_mean phase_unwrap_m_var,0.11384778937523021,0.11384778937523021,429.7004704320844,torch_cuda
RidgePoly2_torch,mag_dynamic_range_db phase_jump_k_rms_abs,-0.11334791437780622,0.11334791437780622,429.7004704320844,torch_cuda
RidgePoly2_torch,mag_dynamic_range_db phase_unwrap_k_slope_rms,-0.11334791437718089,0.11334791437718089,429.7004704320844,torch_cuda
RidgePoly2_torch,mag_skewness pdp_los_peak_idx,0.11300995902364751,0.11300995902364751,429.7004704320844,torch_cuda
RidgePoly2_torch,phase_unwrap_k_slope_mean pdp_los_peak_power,-0.11278808741734683,0.11278808741734683,429.7004704320844,torch_cuda
RidgePoly2_torch,mag_percentile_99 mag_dynamic_range_db,0.11266811096555622,0.11266811096555622,429.7004704320844,torch_cuda
RidgePoly2_torch,phase_unwrap_k_var pdp_mean_delay,0.11242200470928312,0.11242200470928312,429.7004704320844,torch_cuda
RidgePoly2_torch,mag_percentile_25 mag_dynamic_range_db,0.11221568497930345,0.11221568497930345,429.7004704320844,torch_cuda
RidgePoly2_torch,mag_max mag_dynamic_range_linear,0.11136612468420638,0.11136612468420638,429.7004704320844,torch_cuda
RidgePoly2_torch,phase_unwrap_m_var^2,-0.11129023934516905,0.11129023934516905,429.7004704320844,torch_cuda
RidgePoly2_torch,mag_dynamic_range_linear phase_unwrap_m_mean,0.1109797010924523,0.1109797010924523,429.7004704320844,torch_cuda
RidgePoly2_torch,pdp_rms_delay_spread svd_sigma_1,-0.110758424396105,0.110758424396105,429.7004704320844,torch_cuda
RidgePoly2_torch,mag_percentile_95 phase_unwrap_m_slope_mean,0.11034643397933619,0.11034643397933619,429.7004704320844,torch_cuda
RidgePoly2_torch,phase_unwrap_m_mean doppler_centroid,-0.10994079891166773,0.10994079891166773,429.7004704320844,torch_cuda
RidgePoly2_torch,mag_kurtosis svd_sigma_ratio,0.10973578271829214,0.10973578271829214,429.7004704320844,torch_cuda
RidgePoly2_torch,mag_excess_kurtosis svd_sigma_ratio,0.10973578271820335,0.10973578271820335,429.7004704320844,torch_cuda
RidgePoly2_torch,pdp_los_peak_power pdp_los_ratio,-0.1096113183548294,0.1096113183548294,429.7004704320844,torch_cuda
RidgePoly2_torch,pdp_los_peak_power pdp_papr_linear,-0.10961112661083845,0.10961112661083845,429.7004704320844,torch_cuda
RidgePoly2_torch,mag_percentile_75 svd_energy_ratio_mode1,0.10888798271524498,0.10888798271524498,429.7004704320844,torch_cuda
RidgePoly2_torch,mag_percentile_75 phase_unwrap_k_var,0.1087914134674154,0.1087914134674154,429.7004704320844,torch_cuda
RidgePoly2_torch,phase_jump_k_rms_abs dH_dt_mean,0.108577051109846,0.108577051109846,429.7004704320844,torch_cuda
RidgePoly2_torch,phase_unwrap_k_slope_rms dH_dt_mean,0.10857705110977246,0.10857705110977246,429.7004704320844,torch_cuda
RidgePoly2_torch,pdp_los_peak_power pdp_los_peak_idx,-0.1082327906695223,0.1082327906695223,429.7004704320844,torch_cuda
RidgePoly2_torch,mag_max pdp_los_ratio,-0.10784545757086056,0.10784545757086056,429.7004704320844,torch_cuda
RidgePoly2_torch,mag_max pdp_papr_linear,-0.1078452642071182,0.1078452642071182,429.7004704320844,torch_cuda
RidgePoly2_torch,phase_unwrap_k_var svd_sigma_1,0.10753313455336344,0.10753313455336344,429.7004704320844,torch_cuda
RidgePoly2_torch,mag_min phase_jump_m_rms_abs,0.10744030686136134,0.10744030686136134,429.7004704320844,torch_cuda
RidgePoly2_torch,mag_min phase_unwrap_m_slope_rms,0.1074403068607901,0.1074403068607901,429.7004704320844,torch_cuda
RidgePoly2_torch,mag_entropy phase_unwrap_k_slope_mean,0.10743113211508203,0.10743113211508203,429.7004704320844,torch_cuda
RidgePoly2_torch,mag_entropy_normalized phase_unwrap_k_slope_mean,0.10743113211472764,0.10743113211472764,429.7004704320844,torch_cuda
RidgePoly2_torch,mag_skewness pdp_rms_delay_spread,0.1065355731318065,0.1065355731318065,429.7004704320844,torch_cuda
RidgePoly2_torch,phase_jump_k_rms_abs doppler_variance_energy,0.10634009279277576,0.10634009279277576,429.7004704320844,torch_cuda
RidgePoly2_torch,phase_unwrap_k_slope_rms doppler_variance_energy,0.10634009279265202,0.10634009279265202,429.7004704320844,torch_cuda
RidgePoly2_torch,mag_entropy svd_sigma_1,0.10620043851403303,0.10620043851403303,429.7004704320844,torch_cuda
RidgePoly2_torch,mag_entropy_normalized svd_sigma_1,0.10620043851323163,0.10620043851323163,429.7004704320844,torch_cuda
RidgePoly2_torch,phase_unwrap_m_slope_var svd_sigma_1,-0.106117117693442,0.106117117693442,429.7004704320844,torch_cuda
RidgePoly2_torch,phase_coherence^2,0.1060262994999373,0.1060262994999373,429.7004704320844,torch_cuda
RidgePoly2_torch,phase_circular_variance phase_coherence,-0.10602629949938307,0.10602629949938307,429.7004704320844,torch_cuda
RidgePoly2_torch,phase_circular_variance^2,0.1060262994987658,0.1060262994987658,429.7004704320844,torch_cuda
RidgePoly2_torch,phase_unwrap_m_slope_mean pdp_los_peak_idx,-0.10591867646944725,0.10591867646944725,429.7004704320844,torch_cuda
RidgePoly2_torch,phase_circular_mean phase_coherence,-0.10588092490305998,0.10588092490305998,429.7004704320844,torch_cuda
RidgePoly2_torch,phase_circular_mean phase_circular_variance,0.10588092490272773,0.10588092490272773,429.7004704320844,torch_cuda
RidgePoly2_torch,pdp_papr_linear doppler_variance_energy,0.10583719637889633,0.10583719637889633,429.7004704320844,torch_cuda
RidgePoly2_torch,pdp_los_ratio doppler_variance_energy,0.10583717121655938,0.10583717121655938,429.7004704320844,torch_cuda
RidgePoly2_torch,mag_entropy_normalized phase_unwrap_m_slope_mean,-0.1054602971319854,0.1054602971319854,429.7004704320844,torch_cuda
RidgePoly2_torch,mag_entropy phase_unwrap_m_slope_mean,-0.10546029713189144,0.10546029713189144,429.7004704320844,torch_cuda
RidgePoly2_torch,mag_percentile_25 doppler_spread,-0.10527171788304035,0.10527171788304035,429.7004704320844,torch_cuda
RidgePoly2_torch,mag_dynamic_range_db mag_entropy,-0.10512834037941977,0.10512834037941977,429.7004704320844,torch_cuda
RidgePoly2_torch,mag_dynamic_range_db mag_entropy_normalized,-0.10512834037940608,0.10512834037940608,429.7004704320844,torch_cuda
RidgePoly2_torch,phase_unwrap_m_var phase_unwrap_k_mean,-0.10480622752674423,0.10480622752674423,429.7004704320844,torch_cuda
RidgePoly2_torch,phase_unwrap_k_slope_rms svd_sigma_1,-0.10400876401769187,0.10400876401769187,429.7004704320844,torch_cuda
RidgePoly2_torch,phase_jump_k_rms_abs svd_sigma_1,-0.10400876401708063,0.10400876401708063,429.7004704320844,torch_cuda
RidgePoly2_torch,pdp_papr_linear dH_dt_mean,0.10384523178616406,0.10384523178616406,429.7004704320844,torch_cuda
RidgePoly2_torch,pdp_los_ratio dH_dt_mean,0.10384520660249281,0.10384520660249281,429.7004704320844,torch_cuda
RidgePoly2_torch,mag_dynamic_range_db phase_jump_k_var_abs,-0.10354150885897426,0.10354150885897426,429.7004704320844,torch_cuda
RidgePoly2_torch,mag_percentile_25 pdp_los_peak_power,0.10286774919056697,0.10286774919056697,429.7004704320844,torch_cuda
RidgePoly2_torch,mag_percentile_50 svd_sigma_ratio,0.10108663933710836,0.10108663933710836,429.7004704320844,torch_cuda
RidgePoly2_torch,phase_unwrap_k_mean pdp_mean_delay,-0.10098508966376202,0.10098508966376202,429.7004704320844,torch_cuda
RidgePoly2_torch,mag_dynamic_range_linear phase_circular_variance,0.10092070691045034,0.10092070691045034,429.7004704320844,torch_cuda
RidgePoly2_torch,mag_dynamic_range_linear phase_coherence,-0.100920706910131,0.100920706910131,429.7004704320844,torch_cuda
RidgePoly2_torch,mag_percentile_5 phase_coherence,0.09988074949427753,0.09988074949427753,429.7004704320844,torch_cuda
RidgePoly2_torch,mag_percentile_5 phase_circular_variance,-0.09988074949358292,0.09988074949358292,429.7004704320844,torch_cuda
RidgePoly2_torch,mag_percentile_99 svd_sigma_1,0.09895100140698432,0.09895100140698432,429.7004704320844,torch_cuda
RidgePoly2_torch,phase_jump_m_mean_abs svd_sigma_1,-0.09890760502171847,0.09890760502171847,429.7004704320844,torch_cuda
RidgePoly2_torch,pdp_mean_delay^2,-0.09885010470161337,0.09885010470161337,429.7004704320844,torch_cuda
RidgePoly2_torch,mag_min phase_unwrap_k_var,-0.09881387045571864,0.09881387045571864,429.7004704320844,torch_cuda
RidgePoly2_torch,phase_circular_variance svd_spectral_flatness,-0.09857839943669201,0.09857839943669201,429.7004704320844,torch_cuda
RidgePoly2_torch,phase_coherence svd_spectral_flatness,0.0985783994366867,0.0985783994366867,429.7004704320844,torch_cuda
RidgePoly2_torch,phase_unwrap_m_slope_var dH_dt_mean,0.09853904919104453,0.09853904919104453,429.7004704320844,torch_cuda
RidgePoly2_torch,phase_jump_k_var_abs svd_sigma_1,-0.09851607173043506,0.09851607173043506,429.7004704320844,torch_cuda
RidgePoly2_torch,phase_jump_k_rms_abs doppler_centroid,0.09682860686405098,0.09682860686405098,429.7004704320844,torch_cuda
RidgePoly2_torch,phase_unwrap_k_slope_rms doppler_centroid,0.09682860686392576,0.09682860686392576,429.7004704320844,torch_cuda
RidgePoly2_torch,phase_jump_k_max_abs pdp_los_peak_idx,-0.09676535638571175,0.09676535638571175,429.7004704320844,torch_cuda
RidgePoly2_torch,mag_mean phase_jump_m_rms_abs,-0.09630939315078756,0.09630939315078756,429.7004704320844,torch_cuda
RidgePoly2_torch,mag_mean phase_unwrap_m_slope_rms,-0.09630939315057642,0.09630939315057642,429.7004704320844,torch_cuda
RidgePoly2_torch,phase_unwrap_m_slope_var doppler_variance_energy,0.09615805284240547,0.09615805284240547,429.7004704320844,torch_cuda
RidgePoly2_torch,phase_unwrap_k_mean phase_jump_m_var_abs,-0.09589928567907693,0.09589928567907693,429.7004704320844,torch_cuda
RidgePoly2_torch,mag_percentile_75 phase_jump_k_var_abs,-0.09585010469572797,0.09585010469572797,429.7004704320844,torch_cuda
RidgePoly2_torch,mag_dynamic_range_linear svd_spectral_flatness,-0.09551272782488418,0.09551272782488418,429.7004704320844,torch_cuda
RidgePoly2_torch,mag_min^2,0.09539666588664988,0.09539666588664988,429.7004704320844,torch_cuda
RidgePoly2_torch,phase_circular_variance pdp_los_peak_idx,-0.09437661366505297,0.09437661366505297,429.7004704320844,torch_cuda
RidgePoly2_torch,phase_coherence pdp_los_peak_idx,0.09437661366499592,0.09437661366499592,429.7004704320844,torch_cuda
RidgePoly2_torch,mag_excess_kurtosis phase_unwrap_m_var,0.09418396514224348,0.09418396514224348,429.7004704320844,torch_cuda
RidgePoly2_torch,mag_kurtosis phase_unwrap_m_var,0.09418396514217722,0.09418396514217722,429.7004704320844,torch_cuda
RidgePoly2_torch,mag_entropy phase_circular_variance,-0.09395774170507473,0.09395774170507473,429.7004704320844,torch_cuda
RidgePoly2_torch,mag_entropy_normalized phase_circular_variance,-0.0939577417049675,0.0939577417049675,429.7004704320844,torch_cuda
RidgePoly2_torch,mag_entropy phase_coherence,0.09395774170469104,0.09395774170469104,429.7004704320844,torch_cuda
RidgePoly2_torch,mag_entropy_normalized phase_coherence,0.09395774170451668,0.09395774170451668,429.7004704320844,torch_cuda
RidgePoly2_torch,mag_min phase_jump_m_var_abs,0.09341497008027923,0.09341497008027923,429.7004704320844,torch_cuda
RidgePoly2_torch,mag_entropy phase_unwrap_m_slope_var,0.0931537661700063,0.0931537661700063,429.7004704320844,torch_cuda
RidgePoly2_torch,mag_entropy_normalized phase_unwrap_m_slope_var,0.09315376616998505,0.09315376616998505,429.7004704320844,torch_cuda
RidgePoly2_torch,phase_unwrap_k_slope_mean svd_energy_ratio_mode1,0.0925513299989913,0.0925513299989913,429.7004704320844,torch_cuda
RidgePoly2_torch,phase_unwrap_m_mean doppler_spread,-0.0923160920435364,0.0923160920435364,429.7004704320844,torch_cuda
RidgePoly2_torch,mag_dynamic_range_db phase_unwrap_m_var,-0.09220525221237,0.09220525221237,429.7004704320844,torch_cuda
RidgePoly2_torch,phase_jump_k_mean_abs doppler_centroid,0.09192642275999713,0.09192642275999713,429.7004704320844,torch_cuda
RidgePoly2_torch,mag_energy_total pdp_los_ratio,-0.0919086574063093,0.0919086574063093,429.7004704320844,torch_cuda
RidgePoly2_torch,pdp_total_energy pdp_los_ratio,-0.09190865740553816,0.09190865740553816,429.7004704320844,torch_cuda
RidgePoly2_torch,mag_energy_total pdp_papr_linear,-0.09190846586317016,0.09190846586317016,429.7004704320844,torch_cuda
RidgePoly2_torch,pdp_total_energy pdp_papr_linear,-0.091908465862906,0.091908465862906,429.7004704320844,torch_cuda
RidgePoly2_torch,phase_jump_k_var_abs doppler_centroid,0.09145020501018834,0.09145020501018834,429.7004704320844,torch_cuda
RidgePoly2_torch,svd_sigma_2 doppler_centroid,0.09092008841067088,0.09092008841067088,429.7004704320844,torch_cuda
RidgePoly2_torch,mag_entropy phase_unwrap_m_mean,0.0908625496999496,0.0908625496999496,429.7004704320844,torch_cuda
RidgePoly2_torch,mag_entropy_normalized phase_unwrap_m_mean,0.09086254969990845,0.09086254969990845,429.7004704320844,torch_cuda
RidgePoly2_torch,phase_unwrap_m_slope_var doppler_centroid,0.09067122497357613,0.09067122497357613,429.7004704320844,torch_cuda
RidgePoly2_torch,mag_entropy_normalized doppler_centroid,0.08949917351349021,0.08949917351349021,429.7004704320844,torch_cuda
RidgePoly2_torch,mag_entropy doppler_centroid,0.08949917351342088,0.08949917351342088,429.7004704320844,torch_cuda
RidgePoly2_torch,phase_unwrap_m_var,-0.08946640935136681,0.08946640935136681,429.7004704320844,torch_cuda
RidgePoly2_torch,phase_unwrap_k_mean^2,-0.0893261446066895,0.0893261446066895,429.7004704320844,torch_cuda
RidgePoly2_torch,phase_unwrap_k_slope_mean phase_jump_m_mean_abs,-0.08879838481372469,0.08879838481372469,429.7004704320844,torch_cuda
RidgePoly2_torch,mag_dynamic_range_db pdp_rms_delay_spread,-0.08837699083834949,0.08837699083834949,429.7004704320844,torch_cuda
RidgePoly2_torch,phase_jump_m_max_abs pdp_mean_delay,-0.08767648826821621,0.08767648826821621,429.7004704320844,torch_cuda
RidgePoly2_torch,svd_energy_ratio_mode1 doppler_centroid,-0.08752731712293772,0.08752731712293772,429.7004704320844,torch_cuda
RidgePoly2_torch,mag_dynamic_range_linear^2,0.087380156446564,0.087380156446564,429.7004704320844,torch_cuda
RidgePoly2_torch,pdp_rms_delay_spread dH_dt_max,0.08660039830253231,0.08660039830253231,429.7004704320844,torch_cuda
RidgePoly2_torch,phase_unwrap_k_var phase_unwrap_k_slope_mean,0.08617375384279721,0.08617375384279721,429.7004704320844,torch_cuda
RidgePoly2_torch,mag_excess_kurtosis doppler_spread,0.08509650322316478,0.08509650322316478,429.7004704320844,torch_cuda
RidgePoly2_torch,mag_kurtosis doppler_spread,0.08509650322293849,0.08509650322293849,429.7004704320844,torch_cuda
RidgePoly2_torch,phase_unwrap_m_slope_var,-0.084588184731423,0.084588184731423,429.7004704320844,torch_cuda
RidgePoly2_torch,phase_unwrap_m_mean pdp_rms_delay_spread,-0.08393592246793044,0.08393592246793044,429.7004704320844,torch_cuda
RidgePoly2_torch,phase_unwrap_k_slope_var doppler_centroid,0.08365532137103486,0.08365532137103486,429.7004704320844,torch_cuda
RidgePoly2_torch,phase_unwrap_k_slope_mean doppler_centroid,0.08286755341592494,0.08286755341592494,429.7004704320844,torch_cuda
RidgePoly2_torch,svd_sigma_1 svd_energy_ratio_mode1,0.08262918479100963,0.08262918479100963,429.7004704320844,torch_cuda
RidgePoly2_torch,mag_percentile_1 dH_dt_mean,0.08220737049497659,0.08220737049497659,429.7004704320844,torch_cuda
RidgePoly2_torch,phase_unwrap_k_slope_mean pdp_los_peak_idx,0.0819213219765313,0.0819213219765313,429.7004704320844,torch_cuda
RidgePoly2_torch,mag_percentile_75 svd_spectral_flatness,0.0818922831962271,0.0818922831962271,429.7004704320844,torch_cuda
RidgePoly2_torch,mag_percentile_99 pdp_los_peak_idx,0.08156067463754903,0.08156067463754903,429.7004704320844,torch_cuda
RidgePoly2_torch,mag_excess_kurtosis phase_unwrap_k_mean,0.07978414596007319,0.07978414596007319,429.7004704320844,torch_cuda
RidgePoly2_torch,mag_kurtosis phase_unwrap_k_mean,0.07978414595991122,0.07978414595991122,429.7004704320844,torch_cuda
RidgePoly2_torch,mag_mean phase_unwrap_m_mean,-0.07964472698155445,0.07964472698155445,429.7004704320844,torch_cuda
RidgePoly2_torch,mag_min svd_sigma_ratio,0.07961680994312463,0.07961680994312463,429.7004704320844,torch_cuda
RidgePoly2_torch,phase_unwrap_k_var phase_jump_k_max_abs,0.07958422662227492,0.07958422662227492,429.7004704320844,torch_cuda
RidgePoly2_torch,mag_percentile_50 phase_unwrap_m_mean,-0.07942700697269393,0.07942700697269393,429.7004704320844,torch_cuda
RidgePoly2_torch,phase_jump_m_var_abs phase_jump_m_max_abs,0.07914440904952343,0.07914440904952343,429.7004704320844,torch_cuda
RidgePoly2_torch,phase_unwrap_k_slope_mean phase_jump_k_max_abs,-0.07912948859732806,0.07912948859732806,429.7004704320844,torch_cuda
RidgePoly2_torch,mag_percentile_50 pdp_los_ratio,-0.07860766477181858,0.07860766477181858,429.7004704320844,torch_cuda
RidgePoly2_torch,mag_percentile_50 pdp_papr_linear,-0.0786074674990858,0.0786074674990858,429.7004704320844,torch_cuda
RidgePoly2_torch,mag_entropy phase_unwrap_k_var,-0.07822272322325328,0.07822272322325328,429.7004704320844,torch_cuda
RidgePoly2_torch,mag_entropy_normalized phase_unwrap_k_var,-0.07822272322307633,0.07822272322307633,429.7004704320844,torch_cuda
RidgePoly2_torch,svd_sigma_2 svd_spectral_flatness,-0.07817535253766886,0.07817535253766886,429.7004704320844,torch_cuda
RidgePoly2_torch,mag_excess_kurtosis pdp_los_ratio,-0.07776786702631984,0.07776786702631984,429.7004704320844,torch_cuda
RidgePoly2_torch,mag_kurtosis pdp_los_ratio,-0.07776786702621687,0.07776786702621687,429.7004704320844,torch_cuda
RidgePoly2_torch,mag_kurtosis pdp_papr_linear,-0.0777678605121204,0.0777678605121204,429.7004704320844,torch_cuda
RidgePoly2_torch,mag_excess_kurtosis pdp_papr_linear,-0.07776786051188361,0.07776786051188361,429.7004704320844,torch_cuda
RidgePoly2_torch,mag_percentile_75 pdp_los_peak_idx,-0.07749552993496328,0.07749552993496328,429.7004704320844,torch_cuda
RidgePoly2_torch,pdp_mean_delay,-0.07729346702535138,0.07729346702535138,429.7004704320844,torch_cuda
RidgePoly2_torch,phase_unwrap_m_mean phase_unwrap_k_slope_mean,0.07654240425659656,0.07654240425659656,429.7004704320844,torch_cuda
RidgePoly2_torch,mag_percentile_1 doppler_variance_energy,0.07651714541752368,0.07651714541752368,429.7004704320844,torch_cuda
RidgePoly2_torch,mag_min phase_jump_k_var_abs,0.07568666163594702,0.07568666163594702,429.7004704320844,torch_cuda
RidgePoly2_torch,mag_percentile_75 phase_unwrap_m_slope_mean,0.07539787802358516,0.07539787802358516,429.7004704320844,torch_cuda
RidgePoly2_torch,mag_max pdp_los_peak_power,-0.0753706817983537,0.0753706817983537,429.7004704320844,torch_cuda
RidgePoly2_torch,doppler_spread^2,-0.07484936071036488,0.07484936071036488,429.7004704320844,torch_cuda
RidgePoly2_torch,phase_jump_m_rms_abs doppler_spread,-0.07420961679208896,0.07420961679208896,429.7004704320844,torch_cuda
RidgePoly2_torch,phase_unwrap_m_slope_rms doppler_spread,-0.0742096167920683,0.0742096167920683,429.7004704320844,torch_cuda
RidgePoly2_torch,phase_unwrap_m_slope_mean svd_spectral_flatness,-0.07397038855928643,0.07397038855928643,429.7004704320844,torch_cuda
RidgePoly2_torch,mag_percentile_75 pdp_los_peak_power,0.07396419329817647,0.07396419329817647,429.7004704320844,torch_cuda
RidgePoly2_torch,phase_unwrap_m_var doppler_spread,0.07390677374698873,0.07390677374698873,429.7004704320844,torch_cuda
RidgePoly2_torch,mag_percentile_95 dH_dt_max,0.0738785966554856,0.0738785966554856,429.7004704320844,torch_cuda
RidgePoly2_torch,mag_percentile_1 phase_unwrap_m_slope_mean,0.07354237589265493,0.07354237589265493,429.7004704320844,torch_cuda
RidgePoly2_torch,mag_dynamic_range_db phase_jump_m_var_abs,-0.07316557833384056,0.07316557833384056,429.7004704320844,torch_cuda
RidgePoly2_torch,mag_entropy_normalized phase_jump_k_mean_abs,0.07214638924776927,0.07214638924776927,429.7004704320844,torch_cuda
RidgePoly2_torch,mag_entropy phase_jump_k_mean_abs,0.07214638924749435,0.07214638924749435,429.7004704320844,torch_cuda
RidgePoly2_torch,phase_unwrap_m_slope_rms pdp_los_peak_idx,-0.07191361500051606,0.07191361500051606,429.7004704320844,torch_cuda
RidgePoly2_torch,phase_jump_m_rms_abs pdp_los_peak_idx,-0.0719136150003025,0.0719136150003025,429.7004704320844,torch_cuda
RidgePoly2_torch,mag_percentile_75 phase_unwrap_m_slope_rms,-0.07187614455350706,0.07187614455350706,429.7004704320844,torch_cuda
RidgePoly2_torch,mag_percentile_75 phase_jump_m_rms_abs,-0.07187614455317802,0.07187614455317802,429.7004704320844,torch_cuda
RidgePoly2_torch,mag_min phase_unwrap_m_slope_mean,-0.07166220285661129,0.07166220285661129,429.7004704320844,torch_cuda
RidgePoly2_torch,phase_jump_k_mean_abs,-0.07157691923872958,0.07157691923872958,429.7004704320844,torch_cuda
RidgePoly2_torch,phase_circular_variance dH_dt_mean,-0.07137758319917614,0.07137758319917614,429.7004704320844,torch_cuda
RidgePoly2_torch,phase_coherence dH_dt_mean,0.07137758319891796,0.07137758319891796,429.7004704320844,torch_cuda
RidgePoly2_torch,mag_percentile_99 doppler_spread,-0.07123064761016625,0.07123064761016625,429.7004704320844,torch_cuda
RidgePoly2_torch,phase_coherence doppler_variance_energy,0.0710624753408639,0.0710624753408639,429.7004704320844,torch_cuda
RidgePoly2_torch,phase_circular_variance doppler_variance_energy,-0.07106247534060009,0.07106247534060009,429.7004704320844,torch_cuda
RidgePoly2_torch,pdp_mean_delay doppler_centroid,0.07055694815838601,0.07055694815838601,429.7004704320844,torch_cuda
RidgePoly2_torch,mag_entropy phase_unwrap_k_slope_var,0.07038654076405694,0.07038654076405694,429.7004704320844,torch_cuda
RidgePoly2_torch,mag_entropy_normalized phase_unwrap_k_slope_var,0.07038654076374644,0.07038654076374644,429.7004704320844,torch_cuda
RidgePoly2_torch,phase_circular_variance pdp_los_peak_power,0.07017387196802169,0.07017387196802169,429.7004704320844,torch_cuda
RidgePoly2_torch,phase_coherence pdp_los_peak_power,-0.07017387196777312,0.07017387196777312,429.7004704320844,torch_cuda
RidgePoly2_torch,mag_entropy_normalized dH_dt_mean,0.06995204629132386,0.06995204629132386,429.7004704320844,torch_cuda
RidgePoly2_torch,mag_entropy dH_dt_mean,0.06995204629118962,0.06995204629118962,429.7004704320844,torch_cuda
RidgePoly2_torch,mag_skewness phase_unwrap_k_mean,-0.06959687223335546,0.06959687223335546,429.7004704320844,torch_cuda
RidgePoly2_torch,mag_percentile_95 phase_unwrap_m_var,-0.06918624461301656,0.06918624461301656,429.7004704320844,torch_cuda
RidgePoly2_torch,mag_max mag_percentile_1,0.06888157877384839,0.06888157877384839,429.7004704320844,torch_cuda
RidgePoly2_torch,mag_rms phase_unwrap_m_slope_mean,0.06833353230958174,0.06833353230958174,429.7004704320844,torch_cuda
RidgePoly2_torch,phase_unwrap_m_slope_var phase_jump_m_max_abs,-0.06827138678796113,0.06827138678796113,429.7004704320844,torch_cuda
RidgePoly2_torch,mag_entropy doppler_variance_energy,0.06790183450194712,0.06790183450194712,429.7004704320844,torch_cuda
RidgePoly2_torch,mag_entropy_normalized doppler_variance_energy,0.06790183450181839,0.06790183450181839,429.7004704320844,torch_cuda
RidgePoly2_torch,mag_energy_total phase_unwrap_m_slope_mean,-0.06770081642515682,0.06770081642515682,429.7004704320844,torch_cuda
RidgePoly2_torch,phase_unwrap_m_slope_mean pdp_total_energy,-0.06770081642509694,0.06770081642509694,429.7004704320844,torch_cuda
RidgePoly2_torch,mag_skewness svd_energy_ratio_mode1,0.06698662880856975,0.06698662880856975,429.7004704320844,torch_cuda
RidgePoly2_torch,mag_max svd_spectral_flatness,-0.06648133770004062,0.06648133770004062,429.7004704320844,torch_cuda
RidgePoly2_torch,pdp_los_peak_idx svd_energy_ratio_mode1,0.06644324708164157,0.06644324708164157,429.7004704320844,torch_cuda
RidgePoly2_torch,phase_unwrap_m_slope_mean svd_energy_ratio_mode1,0.06641685881540878,0.06641685881540878,429.7004704320844,torch_cuda
RidgePoly2_torch,pdp_los_peak_power pdp_mean_delay,-0.06518494559684587,0.06518494559684587,429.7004704320844,torch_cuda
RidgePoly2_torch,phase_unwrap_m_mean phase_unwrap_k_var,0.06494981096642087,0.06494981096642087,429.7004704320844,torch_cuda
RidgePoly2_torch,mag_min dH_dt_mean,-0.06484627970924552,0.06484627970924552,429.7004704320844,torch_cuda
RidgePoly2_torch,mag_dynamic_range_linear doppler_variance_energy,0.06428641188794369,0.06428641188794369,429.7004704320844,torch_cuda
RidgePoly2_torch,mag_kurtosis phase_unwrap_k_slope_mean,0.06428343773488954,0.06428343773488954,429.7004704320844,torch_cuda
RidgePoly2_torch,mag_excess_kurtosis phase_unwrap_k_slope_mean,0.06428343773482291,0.06428343773482291,429.7004704320844,torch_cuda
RidgePoly2_torch,mag_max doppler_variance_energy,0.06415454785496714,0.06415454785496714,429.7004704320844,torch_cuda
RidgePoly2_torch,mag_min svd_sigma_2,-0.06411053477170933,0.06411053477170933,429.7004704320844,torch_cuda
RidgePoly2_torch,mag_mean phase_unwrap_m_slope_mean,0.06392315658337681,0.06392315658337681,429.7004704320844,torch_cuda
RidgePoly2_torch,phase_jump_m_var_abs,0.06383544122309902,0.06383544122309902,429.7004704320844,torch_cuda
RidgePoly2_torch,phase_jump_m_max_abs phase_jump_k_mean_abs,-0.06347840809844368,0.06347840809844368,429.7004704320844,torch_cuda
RidgePoly2_torch,phase_unwrap_m_slope_mean pdp_rms_delay_spread,-0.06328384529419867,0.06328384529419867,429.7004704320844,torch_cuda
RidgePoly2_torch,mag_dynamic_range_linear dH_dt_mean,0.06236708330726655,0.06236708330726655,429.7004704320844,torch_cuda
RidgePoly2_torch,mag_max dH_dt_mean,0.06209258888976509,0.06209258888976509,429.7004704320844,torch_cuda
RidgePoly2_torch,phase_unwrap_m_slope_mean phase_jump_m_mean_abs,-0.06184921557167341,0.06184921557167341,429.7004704320844,torch_cuda
RidgePoly2_torch,phase_coherence phase_jump_m_var_abs,0.06183711156227522,0.06183711156227522,429.7004704320844,torch_cuda
RidgePoly2_torch,phase_circular_variance phase_jump_m_var_abs,-0.061837111562163885,0.061837111562163885,429.7004704320844,torch_cuda
RidgePoly2_torch,phase_unwrap_m_slope_mean pdp_papr_linear,0.06172438218191154,0.06172438218191154,429.7004704320844,torch_cuda
RidgePoly2_torch,phase_unwrap_m_slope_mean pdp_los_ratio,0.06172437960479204,0.06172437960479204,429.7004704320844,torch_cuda
RidgePoly2_torch,mag_percentile_99 phase_unwrap_m_slope_rms,0.06170299294161546,0.06170299294161546,429.7004704320844,torch_cuda
RidgePoly2_torch,mag_percentile_99 phase_jump_m_rms_abs,0.06170299294146762,0.06170299294146762,429.7004704320844,torch_cuda
RidgePoly2_torch,phase_jump_m_var_abs pdp_los_peak_power,-0.061516162553485944,0.061516162553485944,429.7004704320844,torch_cuda
RidgePoly2_torch,phase_unwrap_k_slope_mean phase_jump_k_rms_abs,-0.061036255348243834,0.061036255348243834,429.7004704320844,torch_cuda
RidgePoly2_torch,phase_unwrap_k_slope_mean phase_unwrap_k_slope_rms,-0.06103625534789681,0.06103625534789681,429.7004704320844,torch_cuda
RidgePoly2_torch,mag_max mag_percentile_99,0.060587747801748484,0.060587747801748484,429.7004704320844,torch_cuda
RidgePoly2_torch,mag_kurtosis phase_jump_m_var_abs,0.06028654593912385,0.06028654593912385,429.7004704320844,torch_cuda
RidgePoly2_torch,mag_excess_kurtosis phase_jump_m_var_abs,0.06028654593908822,0.06028654593908822,429.7004704320844,torch_cuda
RidgePoly2_torch,phase_jump_k_mean_abs dH_dt_mean,0.059958096564897305,0.059958096564897305,429.7004704320844,torch_cuda
RidgePoly2_torch,phase_circular_mean phase_unwrap_m_slope_mean,0.05988132593875999,0.05988132593875999,429.7004704320844,torch_cuda
RidgePoly2_torch,mag_percentile_99 phase_jump_k_var_abs,0.058804662151627295,0.058804662151627295,429.7004704320844,torch_cuda
RidgePoly2_torch,mag_min doppler_variance_energy,-0.05865319659386202,0.05865319659386202,429.7004704320844,torch_cuda
RidgePoly2_torch,phase_unwrap_k_slope_var,-0.058181066943602304,0.058181066943602304,429.7004704320844,torch_cuda
RidgePoly2_torch,svd_energy_ratio_mode1 dH_dt_mean,-0.05790423561723884,0.05790423561723884,429.7004704320844,torch_cuda
RidgePoly2_torch,phase_jump_k_mean_abs doppler_variance_energy,0.05761699254463891,0.05761699254463891,429.7004704320844,torch_cuda
RidgePoly2_torch,phase_jump_k_var_abs doppler_spread,-0.05744565355884411,0.05744565355884411,429.7004704320844,torch_cuda
RidgePoly2_torch,phase_jump_m_var_abs phase_jump_k_max_abs,-0.05703088305211282,0.05703088305211282,429.7004704320844,torch_cuda
RidgePoly2_torch,phase_unwrap_m_var phase_jump_m_max_abs,-0.05676907150227787,0.05676907150227787,429.7004704320844,torch_cuda
RidgePoly2_torch,mag_percentile_50 phase_unwrap_m_slope_mean,0.05668688093826564,0.05668688093826564,429.7004704320844,torch_cuda
RidgePoly2_torch,mag_rms phase_unwrap_m_mean,-0.056496728513972194,0.056496728513972194,429.7004704320844,torch_cuda
RidgePoly2_torch,phase_unwrap_m_slope_mean phase_jump_k_mean_abs,-0.05636111251246803,0.05636111251246803,429.7004704320844,torch_cuda
RidgePoly2_torch,phase_unwrap_m_slope_mean phase_unwrap_m_slope_var,-0.055781751809610015,0.055781751809610015,429.7004704320844,torch_cuda
RidgePoly2_torch,phase_unwrap_m_slope_mean phase_unwrap_k_slope_mean,0.055675765111084914,0.055675765111084914,429.7004704320844,torch_cuda
RidgePoly2_torch,svd_energy_ratio_mode1 doppler_variance_energy,-0.05564786638328616,0.05564786638328616,429.7004704320844,torch_cuda
RidgePoly2_torch,phase_jump_m_mean_abs dH_dt_mean,0.05531489763598832,0.05531489763598832,429.7004704320844,torch_cuda
RidgePoly2_torch,phase_circular_mean phase_jump_k_max_abs,0.055056568049641263,0.055056568049641263,429.7004704320844,torch_cuda
RidgePoly2_torch,phase_unwrap_k_slope_mean phase_jump_k_var_abs,-0.054987469182443696,0.054987469182443696,429.7004704320844,torch_cuda
RidgePoly2_torch,phase_jump_m_mean_abs pdp_los_peak_idx,-0.054439230432720136,0.054439230432720136,429.7004704320844,torch_cuda
RidgePoly2_torch,mag_kurtosis phase_unwrap_m_slope_mean,-0.05439830909006699,0.05439830909006699,429.7004704320844,torch_cuda
RidgePoly2_torch,mag_excess_kurtosis phase_unwrap_m_slope_mean,-0.05439830909000317,0.05439830909000317,429.7004704320844,torch_cuda
RidgePoly2_torch,phase_unwrap_m_slope_mean phase_jump_m_rms_abs,-0.05436125911327076,0.05436125911327076,429.7004704320844,torch_cuda
RidgePoly2_torch,phase_unwrap_m_slope_mean phase_unwrap_m_slope_rms,-0.05436125911326871,0.05436125911326871,429.7004704320844,torch_cuda
RidgePoly2_torch,mag_percentile_1 mag_percentile_99,-0.05429288413827231,0.05429288413827231,429.7004704320844,torch_cuda
RidgePoly2_torch,phase_unwrap_k_slope_mean^2,0.053747941225600754,0.053747941225600754,429.7004704320844,torch_cuda
RidgePoly2_torch,mag_max phase_circular_variance,0.053417078562765154,0.053417078562765154,429.7004704320844,torch_cuda
RidgePoly2_torch,mag_max phase_coherence,-0.05341707856274815,0.05341707856274815,429.7004704320844,torch_cuda
RidgePoly2_torch,phase_jump_m_mean_abs doppler_variance_energy,0.05323991844185534,0.05323991844185534,429.7004704320844,torch_cuda
RidgePoly2_torch,phase_unwrap_m_slope_mean phase_unwrap_k_slope_var,-0.05320567765822711,0.05320567765822711,429.7004704320844,torch_cuda
RidgePoly2_torch,pdp_los_peak_power pdp_rms_delay_spread,-0.05310995669565345,0.05310995669565345,429.7004704320844,torch_cuda
RidgePoly2_torch,mag_excess_kurtosis phase_jump_k_var_abs,0.052454299997626436,0.052454299997626436,429.7004704320844,torch_cuda
RidgePoly2_torch,mag_kurtosis phase_jump_k_var_abs,0.05245429999761866,0.05245429999761866,429.7004704320844,torch_cuda
RidgePoly2_torch,phase_unwrap_m_slope_mean phase_jump_k_rms_abs,-0.05237676583442784,0.05237676583442784,429.7004704320844,torch_cuda
RidgePoly2_torch,phase_unwrap_m_slope_mean phase_unwrap_k_slope_rms,-0.052376765834416035,0.052376765834416035,429.7004704320844,torch_cuda
RidgePoly2_torch,phase_unwrap_k_slope_mean doppler_spread,0.05232570768102525,0.05232570768102525,429.7004704320844,torch_cuda
RidgePoly2_torch,mag_percentile_95 mag_percentile_99,0.05224763264498959,0.05224763264498959,429.7004704320844,torch_cuda
RidgePoly2_torch,mag_entropy_normalized phase_unwrap_m_var,-0.05211802322665101,0.05211802322665101,429.7004704320844,torch_cuda
RidgePoly2_torch,mag_entropy phase_unwrap_m_var,-0.052118023226468434,0.052118023226468434,429.7004704320844,torch_cuda
RidgePoly2_torch,phase_unwrap_m_slope_var phase_unwrap_k_slope_mean,-0.05191903753161892,0.05191903753161892,429.7004704320844,torch_cuda
RidgePoly2_torch,svd_sigma_1 svd_spectral_flatness,0.051588195767268995,0.051588195767268995,429.7004704320844,torch_cuda
RidgePoly2_torch,mag_kurtosis phase_unwrap_k_slope_rms,0.05138566577984186,0.05138566577984186,429.7004704320844,torch_cuda
RidgePoly2_torch,mag_excess_kurtosis phase_jump_k_rms_abs,0.05138566577968886,0.05138566577968886,429.7004704320844,torch_cuda
RidgePoly2_torch,mag_excess_kurtosis phase_unwrap_k_slope_rms,0.051385665779652985,0.051385665779652985,429.7004704320844,torch_cuda
RidgePoly2_torch,mag_kurtosis phase_jump_k_rms_abs,0.05138566577964969,0.05138566577964969,429.7004704320844,torch_cuda
RidgePoly2_torch,mag_excess_kurtosis phase_unwrap_m_slope_var,0.051227662330669776,0.051227662330669776,429.7004704320844,torch_cuda
RidgePoly2_torch,mag_kurtosis phase_unwrap_m_slope_var,0.05122766233049603,0.05122766233049603,429.7004704320844,torch_cuda
RidgePoly2_torch,phase_unwrap_m_slope_mean pdp_mean_delay,-0.05116494792553588,0.05116494792553588,429.7004704320844,torch_cuda
RidgePoly2_torch,mag_excess_kurtosis pdp_mean_delay,0.05081577610344963,0.05081577610344963,429.7004704320844,torch_cuda
RidgePoly2_torch,mag_kurtosis pdp_mean_delay,0.05081577610326648,0.05081577610326648,429.7004704320844,torch_cuda
RidgePoly2_torch,phase_unwrap_m_mean doppler_variance_energy,0.050355782137422235,0.050355782137422235,429.7004704320844,torch_cuda
RidgePoly2_torch,phase_unwrap_m_mean phase_unwrap_k_mean,0.05008146835229753,0.05008146835229753,429.7004704320844,torch_cuda
RidgePoly2_torch,mag_excess_kurtosis phase_unwrap_k_slope_var,0.04986699901543817,0.04986699901543817,429.7004704320844,torch_cuda
RidgePoly2_torch,mag_kurtosis phase_unwrap_k_slope_var,0.04986699901529883,0.04986699901529883,429.7004704320844,torch_cuda
RidgePoly2_torch,mag_excess_kurtosis phase_jump_k_mean_abs,0.04954623836858063,0.04954623836858063,429.7004704320844,torch_cuda
RidgePoly2_torch,mag_kurtosis phase_jump_k_mean_abs,0.04954623836828687,0.04954623836828687,429.7004704320844,torch_cuda
RidgePoly2_torch,phase_unwrap_k_slope_mean phase_unwrap_k_slope_var,-0.049523282778624764,0.049523282778624764,429.7004704320844,torch_cuda
RidgePoly2_torch,mag_percentile_1 dH_dt_max,0.04938661777730211,0.04938661777730211,429.7004704320844,torch_cuda
RidgePoly2_torch,phase_unwrap_m_mean phase_jump_k_max_abs,0.04886572824874497,0.04886572824874497,429.7004704320844,torch_cuda
RidgePoly2_torch,mag_excess_kurtosis svd_spectral_flatness,-0.04698137946328829,0.04698137946328829,429.7004704320844,torch_cuda
RidgePoly2_torch,mag_kurtosis svd_spectral_flatness,-0.046981379463122204,0.046981379463122204,429.7004704320844,torch_cuda
RidgePoly2_torch,phase_unwrap_k_var,0.04687731435873145,0.04687731435873145,429.7004704320844,torch_cuda
RidgePoly2_torch,mag_percentile_99,-0.046805636316888916,0.046805636316888916,429.7004704320844,torch_cuda
RidgePoly2_torch,mag_percentile_99 phase_unwrap_k_var,-0.046764773577090905,0.046764773577090905,429.7004704320844,torch_cuda
RidgePoly2_torch,mag_excess_kurtosis phase_unwrap_k_var,-0.04661717033245622,0.04661717033245622,429.7004704320844,torch_cuda
RidgePoly2_torch,mag_kurtosis phase_unwrap_k_var,-0.046617170332365315,0.046617170332365315,429.7004704320844,torch_cuda
RidgePoly2_torch,phase_jump_m_rms_abs dH_dt_mean,0.046165409999760605,0.046165409999760605,429.7004704320844,torch_cuda
RidgePoly2_torch,phase_unwrap_m_slope_rms dH_dt_mean,0.046165409999758114,0.046165409999758114,429.7004704320844,torch_cuda
RidgePoly2_torch,phase_coherence pdp_mean_delay,0.04591454285487314,0.04591454285487314,429.7004704320844,torch_cuda
RidgePoly2_torch,phase_circular_variance pdp_mean_delay,-0.04591454285447475,0.04591454285447475,429.7004704320844,torch_cuda
RidgePoly2_torch,phase_unwrap_k_var phase_jump_m_max_abs,-0.045761776895046354,0.045761776895046354,429.7004704320844,torch_cuda
RidgePoly2_torch,phase_unwrap_k_slope_mean phase_jump_k_mean_abs,-0.04574033862987477,0.04574033862987477,429.7004704320844,torch_cuda
RidgePoly2_torch,phase_unwrap_k_slope_mean phase_jump_m_max_abs,0.04559763060299934,0.04559763060299934,429.7004704320844,torch_cuda
RidgePoly2_torch,phase_unwrap_m_slope_mean svd_sigma_1,0.04551845782354199,0.04551845782354199,429.7004704320844,torch_cuda
RidgePoly2_torch,phase_unwrap_m_slope_mean doppler_centroid,-0.04547283244085466,0.04547283244085466,429.7004704320844,torch_cuda
RidgePoly2_torch,phase_jump_k_var_abs,0.04513730862954904,0.04513730862954904,429.7004704320844,torch_cuda
RidgePoly2_torch,phase_unwrap_m_var pdp_los_peak_power,-0.04508530330531426,0.04508530330531426,429.7004704320844,torch_cuda
RidgePoly2_torch,mag_excess_kurtosis phase_unwrap_m_slope_rms,0.04492589410137814,0.04492589410137814,429.7004704320844,torch_cuda
RidgePoly2_torch,mag_excess_kurtosis phase_jump_m_rms_abs,0.04492589410132132,0.04492589410132132,429.7004704320844,torch_cuda
RidgePoly2_torch,mag_kurtosis phase_jump_m_rms_abs,0.044925894101285946,0.044925894101285946,429.7004704320844,torch_cuda
RidgePoly2_torch,mag_kurtosis phase_unwrap_m_slope_rms,0.044925894101221824,0.044925894101221824,429.7004704320844,torch_cuda
RidgePoly2_torch,mag_kurtosis phase_jump_m_mean_abs,0.04435924637070934,0.04435924637070934,429.7004704320844,torch_cuda
RidgePoly2_torch,mag_excess_kurtosis phase_jump_m_mean_abs,0.044359246370538896,0.044359246370538896,429.7004704320844,torch_cuda
RidgePoly2_torch,mag_percentile_1 doppler_centroid,-0.04417611937617049,0.04417611937617049,429.7004704320844,torch_cuda
RidgePoly2_torch,phase_jump_m_rms_abs doppler_variance_energy,0.043953448824438045,0.043953448824438045,429.7004704320844,torch_cuda
RidgePoly2_torch,phase_unwrap_m_slope_rms doppler_variance_energy,0.043953448824312034,0.043953448824312034,429.7004704320844,torch_cuda
RidgePoly2_torch,mag_dynamic_range_linear pdp_los_peak_idx,-0.04316567304485654,0.04316567304485654,429.7004704320844,torch_cuda
RidgePoly2_torch,mag_max dH_dt_max,0.042792157691843045,0.042792157691843045,429.7004704320844,torch_cuda
RidgePoly2_torch,mag_dynamic_range_db pdp_los_peak_idx,0.04274267415436091,0.04274267415436091,429.7004704320844,torch_cuda
RidgePoly2_torch,mag_dynamic_range_db doppler_variance_energy,0.04256824118273674,0.04256824118273674,429.7004704320844,torch_cuda
RidgePoly2_torch,phase_jump_m_rms_abs svd_sigma_1,-0.04237478426230308,0.04237478426230308,429.7004704320844,torch_cuda
RidgePoly2_torch,phase_unwrap_m_slope_rms svd_sigma_1,-0.04237478426161752,0.04237478426161752,429.7004704320844,torch_cuda
RidgePoly2_torch,pdp_los_peak_idx pdp_mean_delay,0.04221271417475703,0.04221271417475703,429.7004704320844,torch_cuda
RidgePoly2_torch,mag_max phase_jump_k_max_abs,0.04215558254759061,0.04215558254759061,429.7004704320844,torch_cuda
RidgePoly2_torch,phase_unwrap_k_slope_var phase_jump_m_max_abs,-0.04185035154144876,0.04185035154144876,429.7004704320844,torch_cuda
RidgePoly2_torch,doppler_centroid^2,0.04179102514855046,0.04179102514855046,429.7004704320844,torch_cuda
RidgePoly2_torch,phase_jump_m_max_abs,-0.041568162516172666,0.041568162516172666,429.7004704320844,torch_cuda
RidgePoly2_torch,mag_percentile_5 phase_jump_k_max_abs,-0.04149157864660266,0.04149157864660266,429.7004704320844,torch_cuda
RidgePoly2_torch,mag_percentile_95 phase_jump_k_mean_abs,-0.04099211368228294,0.04099211368228294,429.7004704320844,torch_cuda
RidgePoly2_torch,phase_jump_m_var_abs doppler_spread,-0.040984554393060146,0.040984554393060146,429.7004704320844,torch_cuda
RidgePoly2_torch,mag_dynamic_range_db dH_dt_mean,0.04078712018435576,0.04078712018435576,429.7004704320844,torch_cuda
RidgePoly2_torch,mag_percentile_25 phase_unwrap_m_slope_mean,0.04033584771542508,0.04033584771542508,429.7004704320844,torch_cuda
RidgePoly2_torch,svd_sigma_ratio doppler_centroid,0.040121961046237685,0.040121961046237685,429.7004704320844,torch_cuda
RidgePoly2_torch,phase_jump_k_mean_abs pdp_los_peak_power,-0.0399846278306838,0.0399846278306838,429.7004704320844,torch_cuda
RidgePoly2_torch,phase_unwrap_k_var doppler_spread,0.03980240851898027,0.03980240851898027,429.7004704320844,torch_cuda
RidgePoly2_torch,mag_mean pdp_los_peak_power,0.03978618373172257,0.03978618373172257,429.7004704320844,torch_cuda
RidgePoly2_torch,phase_unwrap_m_slope_mean phase_jump_m_var_abs,-0.03972906708934765,0.03972906708934765,429.7004704320844,torch_cuda
RidgePoly2_torch,phase_unwrap_k_slope_rms doppler_spread,-0.03925081347321067,0.03925081347321067,429.7004704320844,torch_cuda
RidgePoly2_torch,phase_jump_k_rms_abs doppler_spread,-0.03925081347319846,0.03925081347319846,429.7004704320844,torch_cuda
RidgePoly2_torch,mag_entropy_normalized doppler_spread,-0.039162271978966136,0.039162271978966136,429.7004704320844,torch_cuda
RidgePoly2_torch,mag_entropy doppler_spread,-0.039162271978875215,0.039162271978875215,429.7004704320844,torch_cuda
RidgePoly2_torch,pdp_rms_delay_spread dH_dt_mean,0.03868147879292588,0.03868147879292588,429.7004704320844,torch_cuda
RidgePoly2_torch,mag_excess_kurtosis phase_circular_mean,-0.03860924240249973,0.03860924240249973,429.7004704320844,torch_cuda
RidgePoly2_torch,mag_kurtosis phase_circular_mean,-0.03860924240238449,0.03860924240238449,429.7004704320844,torch_cuda
RidgePoly2_torch,mag_percentile_95 pdp_rms_delay_spread,-0.03846559182076258,0.03846559182076258,429.7004704320844,torch_cuda
RidgePoly2_torch,mag_mean svd_spectral_flatness,0.03825914819570935,0.03825914819570935,429.7004704320844,torch_cuda
RidgePoly2_torch,mag_excess_kurtosis svd_energy_ratio_mode1,-0.0377490791745873,0.0377490791745873,429.7004704320844,torch_cuda
RidgePoly2_torch,mag_kurtosis svd_energy_ratio_mode1,-0.03774907917436329,0.03774907917436329,429.7004704320844,torch_cuda
RidgePoly2_torch,mag_percentile_95 phase_circular_variance,0.03724470804720654,0.03724470804720654,429.7004704320844,torch_cuda
RidgePoly2_torch,mag_percentile_95 phase_coherence,-0.03724470804623521,0.03724470804623521,429.7004704320844,torch_cuda
RidgePoly2_torch,mag_mean mag_dynamic_range_db,0.03702293290332124,0.03702293290332124,429.7004704320844,torch_cuda
RidgePoly2_torch,pdp_rms_delay_spread doppler_variance_energy,0.0369772386717108,0.0369772386717108,429.7004704320844,torch_cuda
RidgePoly2_torch,mag_max pdp_los_peak_idx,-0.03671213531402053,0.03671213531402053,429.7004704320844,torch_cuda
RidgePoly2_torch,mag_percentile_99 svd_energy_ratio_mode1,-0.036615371121857775,0.036615371121857775,429.7004704320844,torch_cuda
RidgePoly2_torch,phase_unwrap_m_slope_var pdp_los_peak_idx,-0.03658195676685696,0.03658195676685696,429.7004704320844,torch_cuda
RidgePoly2_torch,mag_percentile_1 mag_percentile_95,-0.03626220974771435,0.03626220974771435,429.7004704320844,torch_cuda
RidgePoly2_torch,phase_unwrap_m_slope_mean phase_unwrap_k_mean,0.03622639007317502,0.03622639007317502,429.7004704320844,torch_cuda
RidgePoly2_torch,pdp_los_peak_idx pdp_rms_delay_spread,-0.036098250788236114,0.036098250788236114,429.7004704320844,torch_cuda
RidgePoly2_torch,mag_percentile_1 mag_percentile_75,-0.035300830293041735,0.035300830293041735,429.7004704320844,torch_cuda
RidgePoly2_torch,mag_rms pdp_los_peak_power,0.03512641387404404,0.03512641387404404,429.7004704320844,torch_cuda
RidgePoly2_torch,phase_unwrap_m_mean dH_dt_mean,0.034374688469465536,0.034374688469465536,429.7004704320844,torch_cuda
RidgePoly2_torch,svd_sigma_2 dH_dt_mean,0.033815281145071006,0.033815281145071006,429.7004704320844,torch_cuda
RidgePoly2_torch,mag_dynamic_range_linear dH_dt_max,0.03342501415886316,0.03342501415886316,429.7004704320844,torch_cuda
RidgePoly2_torch,phase_unwrap_m_mean phase_jump_k_var_abs,0.033416478954853834,0.033416478954853834,429.7004704320844,torch_cuda
RidgePoly2_torch,phase_jump_k_rms_abs pdp_los_peak_power,-0.03308819382800028,0.03308819382800028,429.7004704320844,torch_cuda
RidgePoly2_torch,phase_unwrap_k_slope_rms pdp_los_peak_power,-0.03308819382760686,0.03308819382760686,429.7004704320844,torch_cuda
RidgePoly2_torch,phase_unwrap_k_slope_var pdp_los_peak_power,-0.03270620099862157,0.03270620099862157,429.7004704320844,torch_cuda
RidgePoly2_torch,svd_sigma_2 doppler_variance_energy,0.03262911051136099,0.03262911051136099,429.7004704320844,torch_cuda
RidgePoly2_torch,phase_unwrap_m_var phase_unwrap_k_slope_mean,-0.03259900165217582,0.03259900165217582,429.7004704320844,torch_cuda
RidgePoly2_torch,phase_unwrap_k_slope_rms pdp_los_peak_idx,-0.03256067828645185,0.03256067828645185,429.7004704320844,torch_cuda
RidgePoly2_torch,phase_jump_k_rms_abs pdp_los_peak_idx,-0.03256067828636216,0.03256067828636216,429.7004704320844,torch_cuda
RidgePoly2_torch,phase_jump_k_var_abs pdp_los_peak_power,-0.03249043922460864,0.03249043922460864,429.7004704320844,torch_cuda
RidgePoly2_torch,phase_coherence phase_jump_k_mean_abs,0.03203374184278628,0.03203374184278628,429.7004704320844,torch_cuda
RidgePoly2_torch,phase_circular_variance phase_jump_k_mean_abs,-0.03203374184272385,0.03203374184272385,429.7004704320844,torch_cuda
RidgePoly2_torch,phase_unwrap_m_var doppler_variance_energy,-0.032023859500160415,0.032023859500160415,429.7004704320844,torch_cuda
RidgePoly2_torch,phase_unwrap_k_var doppler_centroid,-0.031143882779248754,0.031143882779248754,429.7004704320844,torch_cuda
RidgePoly2_torch,mag_excess_kurtosis pdp_rms_delay_spread,0.031003788862604117,0.031003788862604117,429.7004704320844,torch_cuda
RidgePoly2_torch,mag_kurtosis pdp_rms_delay_spread,0.031003788862376664,0.031003788862376664,429.7004704320844,torch_cuda
RidgePoly2_torch,mag_skewness phase_jump_k_var_abs,-0.03064749915541635,0.03064749915541635,429.7004704320844,torch_cuda
RidgePoly2_torch,mag_percentile_95 pdp_los_peak_power,-0.030472511832750612,0.030472511832750612,429.7004704320844,torch_cuda
RidgePoly2_torch,mag_percentile_75 phase_unwrap_m_mean,-0.030455365195379343,0.030455365195379343,429.7004704320844,torch_cuda
RidgePoly2_torch,phase_jump_m_mean_abs,0.03041959929323108,0.03041959929323108,429.7004704320844,torch_cuda
RidgePoly2_torch,doppler_centroid doppler_spread,-0.030352625544436813,0.030352625544436813,429.7004704320844,torch_cuda
RidgePoly2_torch,mag_percentile_99 mag_dynamic_range_linear,0.030068898454714905,0.030068898454714905,429.7004704320844,torch_cuda
RidgePoly2_torch,mag_percentile_95 phase_unwrap_k_slope_mean,-0.030002358907504956,0.030002358907504956,429.7004704320844,torch_cuda
RidgePoly2_torch,phase_unwrap_m_var dH_dt_mean,-0.029628091518539297,0.029628091518539297,429.7004704320844,torch_cuda
RidgePoly2_torch,mag_percentile_99 phase_unwrap_m_var,-0.029233268009247436,0.029233268009247436,429.7004704320844,torch_cuda
RidgePoly2_torch,phase_jump_m_mean_abs pdp_los_peak_power,-0.02903595639826008,0.02903595639826008,429.7004704320844,torch_cuda
RidgePoly2_torch,mag_percentile_95 pdp_los_peak_idx,0.028930236134554695,0.028930236134554695,429.7004704320844,torch_cuda
RidgePoly2_torch,mag_skewness pdp_mean_delay,0.02879975348905941,0.02879975348905941,429.7004704320844,torch_cuda
RidgePoly2_torch,phase_unwrap_k_slope_mean,-0.028504531303324965,0.028504531303324965,429.7004704320844,torch_cuda
RidgePoly2_torch,mag_percentile_95 phase_unwrap_k_slope_var,-0.028471398134619283,0.028471398134619283,429.7004704320844,torch_cuda
RidgePoly2_torch,phase_coherence phase_unwrap_m_slope_var,0.028457385877455187,0.028457385877455187,429.7004704320844,torch_cuda
RidgePoly2_torch,phase_circular_variance phase_unwrap_m_slope_var,-0.02845738587726001,0.02845738587726001,429.7004704320844,torch_cuda
RidgePoly2_torch,mag_percentile_25 svd_spectral_flatness,0.02817141071981999,0.02817141071981999,429.7004704320844,torch_cuda
RidgePoly2_torch,phase_unwrap_m_slope_mean phase_jump_k_var_abs,-0.027793471389921165,0.027793471389921165,429.7004704320844,torch_cuda
RidgePoly2_torch,svd_sigma_2^2,0.0270334873007663,0.0270334873007663,429.7004704320844,torch_cuda
RidgePoly2_torch,pdp_los_peak_power svd_sigma_1,-0.027012365824924976,0.027012365824924976,429.7004704320844,torch_cuda
RidgePoly2_torch,phase_unwrap_k_slope_var pdp_los_peak_idx,-0.026970560486369866,0.026970560486369866,429.7004704320844,torch_cuda
RidgePoly2_torch,phase_jump_k_mean_abs pdp_los_peak_idx,-0.026937013870553892,0.026937013870553892,429.7004704320844,torch_cuda
RidgePoly2_torch,phase_coherence phase_unwrap_k_slope_var,0.026750671161183185,0.026750671161183185,429.7004704320844,torch_cuda
RidgePoly2_torch,phase_circular_variance phase_unwrap_k_slope_var,-0.026750671160435068,0.026750671160435068,429.7004704320844,torch_cuda
RidgePoly2_torch,mag_percentile_95 phase_jump_m_var_abs,-0.026606757203694667,0.026606757203694667,429.7004704320844,torch_cuda
RidgePoly2_torch,phase_unwrap_m_mean phase_jump_k_mean_abs,0.02630409169362394,0.02630409169362394,429.7004704320844,torch_cuda
RidgePoly2_torch,phase_circular_variance svd_energy_ratio_mode1,-0.025981664088469088,0.025981664088469088,429.7004704320844,torch_cuda
RidgePoly2_torch,phase_coherence svd_energy_ratio_mode1,0.025981664087737687,0.025981664087737687,429.7004704320844,torch_cuda
RidgePoly2_torch,mag_percentile_99 pdp_mean_delay,0.025877663956066842,0.025877663956066842,429.7004704320844,torch_cuda
RidgePoly2_torch,mag_percentile_95 phase_jump_k_rms_abs,-0.025605268313682015,0.025605268313682015,429.7004704320844,torch_cuda
RidgePoly2_torch,mag_percentile_95 phase_unwrap_k_slope_rms,-0.02560526831346812,0.02560526831346812,429.7004704320844,torch_cuda
RidgePoly2_torch,mag_percentile_95 pdp_mean_delay,-0.025133529787393482,0.025133529787393482,429.7004704320844,torch_cuda
RidgePoly2_torch,phase_unwrap_m_slope_var pdp_los_peak_power,-0.024872766423788852,0.024872766423788852,429.7004704320844,torch_cuda
RidgePoly2_torch,phase_unwrap_m_mean phase_unwrap_k_slope_var,0.024778946211723274,0.024778946211723274,429.7004704320844,torch_cuda
RidgePoly2_torch,mag_entropy_normalized phase_jump_m_mean_abs,-0.02468352468438724,0.02468352468438724,429.7004704320844,torch_cuda
RidgePoly2_torch,mag_entropy phase_jump_m_mean_abs,-0.02468352468409886,0.02468352468409886,429.7004704320844,torch_cuda
RidgePoly2_torch,pdp_los_peak_power^2,-0.024640281456556615,0.024640281456556615,429.7004704320844,torch_cuda
RidgePoly2_torch,mag_percentile_95 phase_unwrap_m_slope_rms,0.024598340555447424,0.024598340555447424,429.7004704320844,torch_cuda
RidgePoly2_torch,mag_percentile_95 phase_jump_m_rms_abs,0.024598340555193762,0.024598340555193762,429.7004704320844,torch_cuda
RidgePoly2_torch,phase_coherence phase_unwrap_k_var,-0.024591294768889296,0.024591294768889296,429.7004704320844,torch_cuda
RidgePoly2_torch,phase_circular_variance phase_unwrap_k_var,0.02459129476830342,0.02459129476830342,429.7004704320844,torch_cuda
RidgePoly2_torch,mag_percentile_1 mag_dynamic_range_linear,0.02398453918428283,0.02398453918428283,429.7004704320844,torch_cuda
RidgePoly2_torch,mag_skewness phase_unwrap_k_slope_rms,-0.02373331143452521,0.02373331143452521,429.7004704320844,torch_cuda
RidgePoly2_torch,mag_skewness phase_jump_k_rms_abs,-0.023733311434493053,0.023733311434493053,429.7004704320844,torch_cuda
RidgePoly2_torch,pdp_rms_delay_spread doppler_spread,0.02365802452962891,0.02365802452962891,429.7004704320844,torch_cuda
RidgePoly2_torch,phase_unwrap_m_mean phase_jump_k_rms_abs,0.023615223650942065,0.023615223650942065,429.7004704320844,torch_cuda
RidgePoly2_torch,phase_unwrap_m_mean phase_unwrap_k_slope_rms,0.023615223650925284,0.023615223650925284,429.7004704320844,torch_cuda
RidgePoly2_torch,phase_unwrap_k_slope_mean svd_sigma_2,0.023514898919385123,0.023514898919385123,429.7004704320844,torch_cuda
RidgePoly2_torch,mag_percentile_95 phase_jump_m_mean_abs,-0.023382371761072256,0.023382371761072256,429.7004704320844,torch_cuda
RidgePoly2_torch,mag_percentile_5 phase_unwrap_m_slope_mean,0.023150841539284574,0.023150841539284574,429.7004704320844,torch_cuda
RidgePoly2_torch,phase_unwrap_m_mean phase_jump_m_var_abs,0.022549701924855215,0.022549701924855215,429.7004704320844,torch_cuda
RidgePoly2_torch,mag_percentile_99 phase_unwrap_m_slope_var,0.02252825391823353,0.02252825391823353,429.7004704320844,torch_cuda
RidgePoly2_torch,phase_jump_m_var_abs pdp_los_peak_idx,0.022380751438463117,0.022380751438463117,429.7004704320844,torch_cuda
RidgePoly2_torch,mag_skewness phase_unwrap_m_var,0.022281563148681148,0.022281563148681148,429.7004704320844,torch_cuda
RidgePoly2_torch,mag_entropy phase_jump_m_var_abs,-0.02117701379973701,0.02117701379973701,429.7004704320844,torch_cuda
RidgePoly2_torch,mag_entropy_normalized phase_jump_m_var_abs,-0.021177013799129507,0.021177013799129507,429.7004704320844,torch_cuda
RidgePoly2_torch,mag_percentile_95 phase_unwrap_m_slope_var,-0.021037725160230857,0.021037725160230857,429.7004704320844,torch_cuda
RidgePoly2_torch,mag_percentile_99 phase_coherence,0.020456991025709904,0.020456991025709904,429.7004704320844,torch_cuda
RidgePoly2_torch,mag_percentile_99 phase_circular_variance,-0.020456991025612416,0.020456991025612416,429.7004704320844,torch_cuda
RidgePoly2_torch,phase_jump_k_var_abs pdp_los_peak_idx,-0.01976697470342772,0.01976697470342772,429.7004704320844,torch_cuda
RidgePoly2_torch,mag_rms svd_spectral_flatness,0.019054537182612075,0.019054537182612075,429.7004704320844,torch_cuda
RidgePoly2_torch,mag_percentile_99 phase_unwrap_m_mean,0.01894711541162439,0.01894711541162439,429.7004704320844,torch_cuda
RidgePoly2_torch,phase_unwrap_k_slope_mean pdp_mean_delay,-0.0187935660878068,0.0187935660878068,429.7004704320844,torch_cuda
RidgePoly2_torch,phase_unwrap_k_mean phase_unwrap_k_slope_mean,-0.018574827431953055,0.018574827431953055,429.7004704320844,torch_cuda
RidgePoly2_torch,phase_unwrap_m_mean pdp_mean_delay,0.018211414305385053,0.018211414305385053,429.7004704320844,torch_cuda
RidgePoly2_torch,mag_percentile_99 phase_jump_m_var_abs,0.0180048087637623,0.0180048087637623,429.7004704320844,torch_cuda
RidgePoly2_torch,mag_skewness phase_unwrap_k_var,0.017937157500618,0.017937157500618,429.7004704320844,torch_cuda
RidgePoly2_torch,mag_percentile_99 phase_unwrap_k_slope_mean,0.017744839479706297,0.017744839479706297,429.7004704320844,torch_cuda
RidgePoly2_torch,mag_skewness phase_unwrap_k_slope_mean,0.017514697757574235,0.017514697757574235,429.7004704320844,torch_cuda
RidgePoly2_torch,phase_coherence phase_unwrap_k_slope_rms,0.017439621441807416,0.017439621441807416,429.7004704320844,torch_cuda
RidgePoly2_torch,phase_coherence phase_jump_k_rms_abs,0.017439621441323588,0.017439621441323588,429.7004704320844,torch_cuda
RidgePoly2_torch,phase_circular_variance phase_unwrap_k_slope_rms,-0.017439621440235958,0.017439621440235958,429.7004704320844,torch_cuda
RidgePoly2_torch,phase_circular_variance phase_jump_k_rms_abs,-0.017439621440196326,0.017439621440196326,429.7004704320844,torch_cuda
RidgePoly2_torch,mag_percentile_99 phase_jump_k_rms_abs,0.01700764855794069,0.01700764855794069,429.7004704320844,torch_cuda
RidgePoly2_torch,mag_percentile_99 phase_unwrap_k_slope_rms,0.017007648557678105,0.017007648557678105,429.7004704320844,torch_cuda
RidgePoly2_torch,phase_unwrap_k_var pdp_los_peak_idx,-0.016968423774886717,0.016968423774886717,429.7004704320844,torch_cuda
RidgePoly2_torch,mag_skewness phase_jump_m_mean_abs,0.016833020385303696,0.016833020385303696,429.7004704320844,torch_cuda
RidgePoly2_torch,mag_percentile_99 phase_jump_m_mean_abs,0.016599827693813126,0.016599827693813126,429.7004704320844,torch_cuda
RidgePoly2_torch,mag_var phase_unwrap_m_slope_mean,-0.015998131030042655,0.015998131030042655,429.7004704320844,torch_cuda
RidgePoly2_torch,phase_jump_m_max_abs phase_jump_k_rms_abs,-0.015659664335515574,0.015659664335515574,429.7004704320844,torch_cuda
RidgePoly2_torch,phase_unwrap_k_slope_rms phase_jump_m_max_abs,-0.01565966433523621,0.01565966433523621,429.7004704320844,torch_cuda
RidgePoly2_torch,mag_entropy phase_jump_k_rms_abs,-0.015590325960788716,0.015590325960788716,429.7004704320844,torch_cuda
RidgePoly2_torch,mag_entropy_normalized phase_unwrap_k_slope_rms,-0.015590325960649055,0.015590325960649055,429.7004704320844,torch_cuda
RidgePoly2_torch,mag_entropy_normalized phase_jump_k_rms_abs,-0.015590325960585185,0.015590325960585185,429.7004704320844,torch_cuda
RidgePoly2_torch,mag_entropy phase_unwrap_k_slope_rms,-0.01559032596046777,0.01559032596046777,429.7004704320844,torch_cuda
RidgePoly2_torch,phase_circular_mean phase_unwrap_m_mean,-0.015531619474988975,0.015531619474988975,429.7004704320844,torch_cuda
RidgePoly2_torch,phase_coherence phase_unwrap_m_slope_rms,0.01537167062356335,0.01537167062356335,429.7004704320844,torch_cuda
RidgePoly2_torch,phase_coherence phase_jump_m_rms_abs,0.015371670623447863,0.015371670623447863,429.7004704320844,torch_cuda
RidgePoly2_torch,phase_circular_variance phase_unwrap_m_slope_rms,-0.015371670622511208,0.015371670622511208,429.7004704320844,torch_cuda
RidgePoly2_torch,phase_circular_variance phase_jump_m_rms_abs,-0.015371670622397627,0.015371670622397627,429.7004704320844,torch_cuda
RidgePoly2_torch,mag_percentile_99 phase_unwrap_k_slope_var,0.015264302589311687,0.015264302589311687,429.7004704320844,torch_cuda
RidgePoly2_torch,mag_var pdp_los_peak_idx,-0.015229523554316013,0.015229523554316013,429.7004704320844,torch_cuda
RidgePoly2_torch,phase_unwrap_k_mean pdp_los_peak_idx,-0.014408696821817134,0.014408696821817134,429.7004704320844,torch_cuda
RidgePoly2_torch,mag_entropy_normalized phase_jump_k_var_abs,-0.014233605268304476,0.014233605268304476,429.7004704320844,torch_cuda
RidgePoly2_torch,mag_entropy phase_jump_k_var_abs,-0.014233605267966016,0.014233605267966016,429.7004704320844,torch_cuda
RidgePoly2_torch,mag_entropy dH_dt_max,0.014012362488194314,0.014012362488194314,429.7004704320844,torch_cuda
RidgePoly2_torch,mag_entropy_normalized dH_dt_max,0.014012362488010294,0.014012362488010294,429.7004704320844,torch_cuda
RidgePoly2_torch,phase_unwrap_m_slope_rms phase_jump_m_max_abs,0.013980184067115625,0.013980184067115625,429.7004704320844,torch_cuda
RidgePoly2_torch,phase_jump_m_max_abs phase_jump_m_rms_abs,0.013980184066971383,0.013980184066971383,429.7004704320844,torch_cuda
RidgePoly2_torch,phase_unwrap_m_slope_mean svd_sigma_ratio,-0.013972239843356871,0.013972239843356871,429.7004704320844,torch_cuda
RidgePoly2_torch,mag_dynamic_range_linear phase_jump_m_max_abs,0.013324512986112435,0.013324512986112435,429.7004704320844,torch_cuda
RidgePoly2_torch,mag_percentile_50 pdp_los_peak_power,-0.013096300592892901,0.013096300592892901,429.7004704320844,torch_cuda
RidgePoly2_torch,mag_percentile_99^2,-0.013069315141889486,0.013069315141889486,429.7004704320844,torch_cuda
RidgePoly2_torch,pdp_los_peak_power svd_spectral_flatness,-0.012390770694517576,0.012390770694517576,429.7004704320844,torch_cuda
RidgePoly2_torch,mag_percentile_95 phase_jump_k_var_abs,0.012157783637095975,0.012157783637095975,429.7004704320844,torch_cuda
RidgePoly2_torch,phase_unwrap_m_mean phase_unwrap_m_slope_var,0.012007802486970831,0.012007802486970831,429.7004704320844,torch_cuda
RidgePoly2_torch,pdp_los_peak_idx,-0.011328502553234051,0.011328502553234051,429.7004704320844,torch_cuda
RidgePoly2_torch,mag_percentile_95 phase_unwrap_m_mean,0.010699417629266426,0.010699417629266426,429.7004704320844,torch_cuda
RidgePoly2_torch,pdp_mean_delay doppler_spread,0.010691958280085642,0.010691958280085642,429.7004704320844,torch_cuda
RidgePoly2_torch,phase_unwrap_k_var pdp_los_peak_power,0.010495449527661078,0.010495449527661078,429.7004704320844,torch_cuda
RidgePoly2_torch,phase_unwrap_m_mean phase_jump_m_mean_abs,-0.01039720303622423,0.01039720303622423,429.7004704320844,torch_cuda
RidgePoly2_torch,mag_energy_total pdp_los_peak_power,0.009720896931314463,0.009720896931314463,429.7004704320844,torch_cuda
RidgePoly2_torch,pdp_los_peak_power pdp_total_energy,0.009720896931175319,0.009720896931175319,429.7004704320844,torch_cuda
RidgePoly2_torch,phase_coherence phase_jump_m_mean_abs,0.009588935931517384,0.009588935931517384,429.7004704320844,torch_cuda
RidgePoly2_torch,phase_circular_variance phase_jump_m_mean_abs,-0.009588935931513661,0.009588935931513661,429.7004704320844,torch_cuda
RidgePoly2_torch,mag_skewness phase_unwrap_m_slope_var,-0.009240152866702976,0.009240152866702976,429.7004704320844,torch_cuda
RidgePoly2_torch,phase_jump_m_max_abs phase_jump_k_var_abs,0.009166787891585778,0.009166787891585778,429.7004704320844,torch_cuda
RidgePoly2_torch,phase_unwrap_m_mean phase_jump_m_max_abs,-0.008584763834106434,0.008584763834106434,429.7004704320844,torch_cuda
RidgePoly2_torch,mag_excess_kurtosis phase_unwrap_m_mean,-0.008199014387920419,0.008199014387920419,429.7004704320844,torch_cuda
RidgePoly2_torch,mag_kurtosis phase_unwrap_m_mean,-0.008199014387892644,0.008199014387892644,429.7004704320844,torch_cuda
RidgePoly2_torch,svd_energy_ratio_mode1 doppler_spread,-0.008022535620404708,0.008022535620404708,429.7004704320844,torch_cuda
RidgePoly2_torch,mag_dynamic_range_db doppler_centroid,-0.00797376040934898,0.00797376040934898,429.7004704320844,torch_cuda
RidgePoly2_torch,mag_skewness phase_jump_m_var_abs,-0.007894688709682024,0.007894688709682024,429.7004704320844,torch_cuda
RidgePoly2_torch,mag_var mag_kurtosis,-0.0075145112648862195,0.0075145112648862195,429.7004704320844,torch_cuda
RidgePoly2_torch,mag_var mag_excess_kurtosis,-0.007514511264784974,0.007514511264784974,429.7004704320844,torch_cuda
RidgePoly2_torch,phase_jump_k_rms_abs,0.006877142669748378,0.006877142669748378,429.7004704320844,torch_cuda
RidgePoly2_torch,phase_unwrap_k_slope_rms,0.0068771426695181485,0.0068771426695181485,429.7004704320844,torch_cuda
RidgePoly2_torch,pdp_los_peak_power svd_energy_ratio_mode1,-0.00682175545515038,0.00682175545515038,429.7004704320844,torch_cuda
RidgePoly2_torch,dH_dt_mean doppler_spread,0.006503731454379524,0.006503731454379524,429.7004704320844,torch_cuda
RidgePoly2_torch,mag_percentile_95 svd_energy_ratio_mode1,0.006005782627416946,0.006005782627416946,429.7004704320844,torch_cuda
RidgePoly2_torch,phase_unwrap_k_slope_var doppler_spread,-0.00590343687567897,0.00590343687567897,429.7004704320844,torch_cuda
RidgePoly2_torch,pdp_los_peak_power doppler_centroid,-0.005274655505194864,0.005274655505194864,429.7004704320844,torch_cuda
RidgePoly2_torch,mag_rms mag_dynamic_range_db,-0.00499521997743817,0.00499521997743817,429.7004704320844,torch_cuda
RidgePoly2_torch,phase_jump_m_rms_abs pdp_los_peak_power,-0.004982268762654232,0.004982268762654232,429.7004704320844,torch_cuda
RidgePoly2_torch,phase_unwrap_m_slope_rms pdp_los_peak_power,-0.004982268762049948,0.004982268762049948,429.7004704320844,torch_cuda
RidgePoly2_torch,phase_unwrap_m_slope_var doppler_spread,0.004560546703420395,0.004560546703420395,429.7004704320844,torch_cuda
RidgePoly2_torch,mag_dynamic_range_db phase_unwrap_m_slope_rms,-0.004401976247550599,0.004401976247550599,429.7004704320844,torch_cuda
RidgePoly2_torch,mag_dynamic_range_db phase_jump_m_rms_abs,-0.004401976247349092,0.004401976247349092,429.7004704320844,torch_cuda
RidgePoly2_torch,mag_skewness phase_unwrap_k_slope_var,-0.004221243902745601,0.004221243902745601,429.7004704320844,torch_cuda
RidgePoly2_torch,mag_skewness phase_jump_k_mean_abs,-0.004038245684008804,0.004038245684008804,429.7004704320844,torch_cuda
RidgePoly2_torch,mag_percentile_95 dH_dt_mean,-0.0039469922807959775,0.0039469922807959775,429.7004704320844,torch_cuda
RidgePoly2_torch,phase_coherence phase_jump_k_var_abs,0.003010190729554047,0.003010190729554047,429.7004704320844,torch_cuda
RidgePoly2_torch,phase_circular_variance phase_jump_k_var_abs,-0.0030101907293872215,0.0030101907293872215,429.7004704320844,torch_cuda
RidgePoly2_torch,phase_jump_m_mean_abs doppler_spread,-0.002779751388941187,0.002779751388941187,429.7004704320844,torch_cuda
RidgePoly2_torch,mag_percentile_99 pdp_rms_delay_spread,-0.0027414765417463458,0.0027414765417463458,429.7004704320844,torch_cuda
RidgePoly2_torch,mag_percentile_95 doppler_variance_energy,-0.0026418545889109733,0.0026418545889109733,429.7004704320844,torch_cuda
RidgePoly2_torch,mag_min,0.0024009604767633547,0.0024009604767633547,429.7004704320844,torch_cuda
RidgePoly2_torch,phase_unwrap_m_mean phase_jump_m_rms_abs,0.001872962049710317,0.001872962049710317,429.7004704320844,torch_cuda
RidgePoly2_torch,phase_unwrap_m_mean phase_unwrap_m_slope_rms,0.0018729620497068711,0.0018729620497068711,429.7004704320844,torch_cuda
RidgePoly2_torch,phase_jump_k_mean_abs doppler_spread,0.0018678821995329758,0.0018678821995329758,429.7004704320844,torch_cuda
RidgePoly2_torch,mag_percentile_99 phase_jump_k_mean_abs,0.001668814209094593,0.001668814209094593,429.7004704320844,torch_cuda
RidgePoly2_torch,mag_dynamic_range_db svd_spectral_flatness,-0.001533359237435797,0.001533359237435797,429.7004704320844,torch_cuda
RidgePoly2_torch,phase_unwrap_m_slope_mean pdp_los_peak_power,0.0013278903656273695,0.0013278903656273695,429.7004704320844,torch_cuda
RidgePoly2_torch,mag_percentile_95 phase_unwrap_k_var,0.0005041377186399863,0.0005041377186399863,429.7004704320844,torch_cuda
RidgePoly2_torch,phase_jump_m_max_abs pdp_los_peak_idx,0.00048478610688647213,0.00048478610688647213,429.7004704320844,torch_cuda
RidgePoly2_torch,mag_percentile_1 phase_jump_k_max_abs,0.00048083486709656975,0.00048083486709656975,429.7004704320844,torch_cuda
RidgePoly2_torch,phase_coherence pdp_rms_delay_spread,0.0003562280694751935,0.0003562280694751935,429.7004704320844,torch_cuda
RidgePoly2_torch,phase_circular_variance pdp_rms_delay_spread,-0.00035622806909446094,0.00035622806909446094,429.7004704320844,torch_cuda
RidgePoly2_torch,phase_unwrap_k_slope_mean phase_jump_m_var_abs,-0.0003073298574114756,0.0003073298574114756,429.7004704320844,torch_cuda
RidgePoly2_torch,mag_percentile_50 doppler_centroid,0.00020026693849901542,0.00020026693849901542,429.7004704320844,torch_cuda
RidgePoly2_torch,mag_skewness phase_jump_m_rms_abs,-0.0001380777024893,0.0001380777024893,429.7004704320844,torch_cuda
RidgePoly2_torch,mag_skewness phase_unwrap_m_slope_rms,-0.00013807770220544902,0.00013807770220544902,429.7004704320844,torch_cuda
RidgePoly2_torch,phase_unwrap_m_mean svd_energy_ratio_mode1,-0.00011629010862787304,0.00011629010862787304,429.7004704320844,torch_cuda
RidgePoly2_torch,mag_kurtosis phase_circular_variance,0.00011252876679673549,0.00011252876679673549,429.7004704320844,torch_cuda
RidgePoly2_torch,mag_excess_kurtosis phase_circular_variance,0.00011252876679671536,0.00011252876679671536,429.7004704320844,torch_cuda
RidgePoly2_torch,mag_kurtosis phase_coherence,-0.00011252876662072842,0.00011252876662072842,429.7004704320844,torch_cuda
RidgePoly2_torch,mag_excess_kurtosis phase_coherence,-0.00011252876649508961,0.00011252876649508961,429.7004704320844,torch_cuda
