split,y_true,y_pred
train,38.0,36.26246015881343
train,46.0,46.04624200379442
train,50.0,44.58776701057654
train,68.0,59.508779197744325
train,40.0,41.01181376588624
train,38.0,34.65923588164917
train,24.0,21.634642082361736
train,30.0,41.189457508605145
train,42.0,43.96428588317537
train,42.0,39.851858061839124
train,63.0,48.1388703314317
train,50.0,46.39914141443678
train,40.0,43.14572840319198
train,34.0,30.249265242738552
train,30.0,38.29513170965603
train,50.0,54.73779075549646
train,24.0,24.201680760098114
train,48.0,53.06304960282431
train,34.0,38.74399478491221
train,68.0,57.15837609429151
train,48.0,49.39884273038446
train,56.0,54.81633222058422
train,54.0,62.056458267668454
train,52.0,52.53567030173609
train,38.0,37.85514268371025
train,61.0,56.49715844549395
train,59.0,61.32772112082668
train,18.0,23.88393637593429
train,61.0,57.3671719104826
train,18.0,24.53676811582239
train,40.0,41.62020453549866
train,15.0,28.23766281139225
train,38.0,37.412446983329076
train,52.0,50.727885036276625
train,15.0,23.79884787356584
train,68.0,49.361961162819796
train,56.0,55.79141367203478
train,30.0,47.80740183339403
train,36.0,30.169109690618942
train,42.0,41.35527965112075
train,48.0,51.85012752728759
train,50.0,44.79863313225339
train,38.0,35.09925213227568
train,15.0,28.121871396016914
train,40.0,43.383677050670364
train,61.0,60.03636171124056
train,34.0,34.72920686366503
train,24.0,24.32170656909888
train,46.0,45.27236413151882
train,34.0,34.18146468618442
train,24.0,24.599416375889763
train,46.0,52.33051157064521
train,54.0,51.47658020564681
train,46.0,49.84096995629476
train,24.0,20.897009442052568
train,15.0,24.53535745482562
train,34.0,31.121119115099834
train,18.0,21.64634264431038
train,30.0,37.23966888974544
train,50.0,54.618812223037025
train,24.0,41.733207895043975
train,42.0,44.47614494167072
train,18.0,18.44113554057443
train,59.0,51.312775558474485
train,54.0,63.311787425076616
train,36.0,34.59560169367838
train,63.0,53.59450553276888
train,24.0,19.536721967099652
train,46.0,42.916621003434955
train,15.0,21.066496418770157
train,54.0,61.27959127535142
train,68.0,57.49906726137179
train,48.0,53.20781342401244
train,36.0,30.777713549131164
train,44.0,41.10362863998421
train,68.0,60.33261403625289
train,61.0,56.77196267311264
train,56.0,56.46151453352259
train,46.0,48.82311575540777
train,30.0,40.345356900326664
train,34.0,45.16575043582795
train,38.0,34.35158953140821
train,56.0,55.97626950874454
train,18.0,23.62748852677082
train,36.0,27.365800597167013
train,59.0,54.374953960787664
train,52.0,55.077119218600544
train,15.0,27.599197577463816
train,40.0,40.228617425794425
train,30.0,38.21415503920462
train,44.0,44.85596807928088
train,18.0,25.696819479531463
train,24.0,25.917160161635728
train,42.0,38.0771901078618
train,54.0,63.42736036853033
train,42.0,58.342151001083764
train,50.0,57.02135671652135
train,42.0,44.955623387288966
train,40.0,43.00742695009173
train,52.0,53.07426853044207
train,30.0,53.2339389291164
train,30.0,48.71241247068758
train,42.0,29.686936130794408
train,36.0,25.57011178537293
train,44.0,42.517053158045975
train,24.0,21.212918117484143
train,50.0,56.65277415172918
train,24.0,18.01338776484559
train,24.0,24.526304978368646
train,50.0,51.56195877079796
train,63.0,55.396918829512956
train,15.0,42.218640023933816
train,30.0,38.48662541856247
train,24.0,25.366959528814032
train,50.0,53.66468310015683
train,46.0,49.27841002762817
train,46.0,47.343947843889175
train,24.0,19.508801192123624
train,46.0,47.88932144484076
train,48.0,54.38734331435484
train,44.0,56.818970781771014
train,63.0,50.29474741748737
train,40.0,36.107990018228335
train,24.0,21.624032632578544
train,48.0,50.136727899849504
train,15.0,30.381653640927915
train,24.0,21.643407617828515
train,38.0,34.981627845194495
train,59.0,58.63121355353004
train,24.0,26.083795293523853
train,18.0,21.093351518019865
train,46.0,48.10860205175547
train,42.0,41.58906249018133
train,48.0,52.320381904566744
train,24.0,25.590301355352647
train,42.0,40.87424819872083
train,24.0,23.72605639206875
train,56.0,52.353637720522755
train,59.0,37.811653919703836
train,30.0,41.356872290808006
train,34.0,41.92948965403876
train,59.0,47.291079022935016
train,15.0,23.415662800604604
train,63.0,45.89477168378763
train,46.0,47.858754006622156
train,50.0,54.52077879335125
train,56.0,53.77544200008635
train,24.0,20.524109553064754
train,18.0,42.5360662288027
train,50.0,49.62129241066583
train,30.0,36.04181102915053
train,61.0,55.13503407148721
train,50.0,53.251301966013514
train,30.0,42.694125909993296
train,30.0,41.179089716252925
train,59.0,46.50367904175156
train,38.0,35.35267805322901
train,48.0,58.36334410337042
train,68.0,58.80620383483982
train,34.0,37.06936385239094
train,18.0,16.74622647472258
train,36.0,36.05977703876077
train,24.0,24.569173187546994
train,50.0,48.166368081119764
train,50.0,53.278793927921484
train,40.0,43.95589211125225
train,68.0,59.8106985459071
train,18.0,22.17184559060921
train,18.0,28.921141670107033
train,36.0,45.41419550365825
train,36.0,34.12816776556074
train,59.0,56.46387613378427
train,24.0,27.07762983568652
train,63.0,53.82935145827213
train,18.0,14.882301941664608
train,42.0,44.32271606569381
train,44.0,52.88109105379855
train,63.0,47.701257516864516
train,42.0,41.94696832343997
train,61.0,59.79580484682394
train,54.0,46.272397213809164
train,44.0,43.81564214569338
train,61.0,59.22730383059589
train,59.0,58.117951305567665
train,56.0,56.99986275388506
train,63.0,49.3368648517384
train,61.0,58.61997975777079
train,68.0,54.0261154105252
train,68.0,41.59028313255651
train,54.0,58.58040911348343
train,30.0,44.35002744826601
train,54.0,62.426359653511625
train,46.0,48.030860765546194
train,36.0,28.17122852415221
train,36.0,38.980579893676975
train,15.0,28.304983304462155
train,38.0,34.43953618199097
train,48.0,52.213397693587304
train,38.0,37.17713338042074
train,50.0,52.63212101578611
train,63.0,52.3808028237673
train,15.0,28.64423336799787
train,59.0,59.54349981389153
train,46.0,49.53320078370911
train,59.0,43.90936912272185
train,50.0,44.62522017405316
train,44.0,42.43461440331949
train,50.0,52.43419372267225
train,54.0,47.085596307221266
train,54.0,63.44976536701405
train,24.0,22.14239821998872
train,38.0,36.051256984057645
train,54.0,57.57456301649709
train,52.0,51.26996886723578
train,34.0,38.113950136941305
train,54.0,59.97463249847395
train,63.0,45.74140217794045
train,68.0,58.62596925435541
train,18.0,19.003834547984965
train,61.0,59.65788114362914
train,61.0,48.30166047096409
train,18.0,33.59753237242409
train,44.0,48.38347960032884
train,61.0,53.51725755226649
train,56.0,50.96792436530155
train,68.0,56.50274420565972
train,15.0,27.155227888520823
train,24.0,20.143999346144582
train,48.0,52.12405517119271
train,46.0,51.24323207921743
train,54.0,51.69444386201611
train,52.0,51.43765022955849
train,38.0,35.10062232748671
train,42.0,32.714363917228894
train,46.0,45.67765070587369
train,38.0,32.59585742873713
train,50.0,52.46159805965122
train,18.0,15.933083540717146
train,42.0,34.77880851805723
train,30.0,37.93814514473203
train,34.0,34.81332204069961
train,44.0,43.28950097654219
train,59.0,58.1287233618643
train,24.0,22.178073017288884
train,50.0,54.88436879021219
train,63.0,49.69732091226842
train,38.0,37.45150191076647
train,18.0,21.134207291749235
train,18.0,22.955634391650566
train,52.0,47.855413062691184
train,38.0,36.52474025955159
train,54.0,54.14484106667429
train,50.0,47.87325333293194
train,30.0,34.0888361088078
train,40.0,41.13014901107332
train,61.0,46.14418995659264
train,44.0,43.51293694080596
train,30.0,38.90682620760083
train,63.0,52.854386963913
train,63.0,46.75338059059145
train,36.0,41.39340847612886
train,52.0,51.430566859413204
train,18.0,14.476932543863448
train,30.0,34.99311965711428
train,52.0,53.791991729698275
train,48.0,53.46214825172577
train,18.0,26.35152821267919
train,63.0,58.96892620429422
train,59.0,58.23009592889899
train,42.0,44.441348646007434
train,59.0,47.67392606265866
train,68.0,58.41087451983111
train,38.0,38.29577199895349
train,50.0,52.97756404503641
train,50.0,51.55959754001536
train,61.0,56.99184088291699
train,36.0,17.213166976160235
train,15.0,42.53201356924652
train,54.0,47.084276524680774
train,54.0,59.768871580177866
train,44.0,47.26342791370591
train,63.0,53.695525027869934
train,18.0,28.72203311868025
train,30.0,29.133165223167033
train,63.0,46.30521425157642
train,36.0,48.24751413684779
train,59.0,51.65705076808579
train,18.0,13.557075997557092
train,42.0,42.23135259134125
train,48.0,52.90336863737342
train,44.0,44.969251650722434
train,54.0,59.237343268049486
train,61.0,57.16747473411602
train,34.0,30.615537019503094
train,24.0,25.816188205818108
train,18.0,20.084617834417234
train,50.0,48.16508312022877
train,63.0,49.81748229342553
train,18.0,26.769002797078635
train,36.0,32.97427458514571
train,50.0,52.75874830160429
train,15.0,42.847607536519455
train,44.0,44.77188869229104
train,63.0,49.57445084096555
train,44.0,41.723855042326576
train,61.0,60.515215050217364
train,56.0,57.078106552270285
train,50.0,48.31400334730504
train,46.0,43.049732712582276
train,24.0,24.46363334194371
train,44.0,41.40874003708579
train,24.0,27.54654427067083
train,50.0,49.053877246662964
train,59.0,62.90668933033347
train,46.0,50.23496988856714
train,42.0,39.88712805203507
train,24.0,24.275352181581873
train,40.0,43.768489568885926
train,63.0,47.05335984699919
train,68.0,45.14537845091189
train,36.0,30.213877640225178
train,15.0,26.1758835880629
train,44.0,39.35846539170075
train,59.0,53.786011242326836
train,59.0,48.00657397933753
train,61.0,58.687275229496585
train,63.0,53.07577556812542
train,40.0,92.87231686648184
train,50.0,45.018062816473986
train,59.0,42.89259353025493
train,24.0,23.701094119764615
train,52.0,52.643067092240884
train,36.0,35.56301655182221
train,63.0,52.00163404078869
train,46.0,43.62363094153467
train,44.0,45.532281242105746
train,30.0,33.35121327910142
train,50.0,48.37832021175948
train,18.0,16.223768851228257
train,56.0,44.95263465142403
train,42.0,37.35384287443511
train,46.0,48.1738388319659
train,54.0,45.15129704438617
train,34.0,37.22124796900205
train,24.0,20.70077441929776
train,30.0,39.24531321218566
train,56.0,52.954455987762856
train,44.0,42.96371639605323
train,38.0,38.90648498200065
train,52.0,52.95109290829684
train,59.0,47.50315982726786
train,61.0,62.050321394401614
train,61.0,58.13382253485724
train,61.0,58.705804168600785
train,59.0,59.777581943767736
train,56.0,51.874547799968006
train,68.0,58.26599070440972
train,48.0,51.917194559692234
train,42.0,34.24382870262623
train,61.0,58.80008813189511
train,15.0,28.89687348244084
train,52.0,38.788036653779706
train,15.0,26.754160453453217
train,30.0,33.571911097178806
train,59.0,62.75962914490052
train,54.0,56.50666943954659
train,61.0,58.1848243419179
train,68.0,59.11337270758687
train,36.0,34.55893631189581
train,24.0,27.22907249943582
train,52.0,52.07383372106244
train,59.0,37.623418609893186
train,24.0,27.567353001537423
train,54.0,60.45579346646123
train,36.0,49.10653266683068
train,38.0,34.80326329395719
train,44.0,38.55729086836735
train,68.0,57.90275290356315
train,36.0,46.691911830515245
train,50.0,51.282526721548244
train,50.0,55.844090116039425
train,68.0,58.319115173792014
train,63.0,47.71776570211607
train,18.0,19.431207720797598
train,56.0,33.114011367626034
train,46.0,50.59873910608668
train,68.0,55.909439653638785
train,24.0,22.019752097320186
train,50.0,53.24456070729925
train,30.0,36.191669021046565
train,59.0,61.274681038858375
train,18.0,17.977547652904086
train,63.0,51.49199489959636
train,56.0,52.474607881604165
train,24.0,21.71260782559761
train,46.0,46.07152991700173
train,48.0,58.07358439071298
train,24.0,27.122410933164108
train,18.0,21.690184296682965
train,50.0,46.39373241139011
train,54.0,59.639074268378934
train,59.0,51.42615869240284
train,59.0,59.481804824005735
train,56.0,55.74421161161608
train,30.0,51.968474835785436
train,18.0,20.14177742685787
train,50.0,51.61203169652832
train,63.0,50.642538890596846
train,18.0,14.281611250039944
train,34.0,49.93201766786069
train,38.0,36.879317215524246
train,34.0,37.97844837292423
train,59.0,57.29332768691712
train,63.0,46.9065659758291
train,63.0,51.691904395367885
train,59.0,60.279431874850495
train,40.0,41.844339992512886
train,42.0,38.66444559129904
train,50.0,53.733099665426
train,63.0,47.96752343762403
train,30.0,52.15982790066958
train,54.0,58.899715067718546
train,42.0,34.29697776730576
train,40.0,43.89514007447051
train,24.0,25.135183458517506
train,68.0,60.62494337251905
train,40.0,45.29110050857366
train,50.0,54.08618452051085
train,50.0,37.1393456567644
train,24.0,23.839059203031713
train,59.0,62.24757037761091
train,52.0,54.837982626845935
train,48.0,51.521382632256746
train,61.0,55.86737489590702
train,24.0,23.24340088191802
train,24.0,27.6749857771498
train,48.0,51.29413212241965
train,50.0,46.143370972808256
train,44.0,42.175839672892565
train,59.0,60.300059412745114
train,40.0,45.67793961346037
train,54.0,62.78252933995354
train,40.0,44.09655816012876
train,56.0,50.26475112574175
train,61.0,59.62409884138064
train,54.0,62.36714857109788
train,54.0,62.769652962437874
train,63.0,47.77040007884502
train,61.0,58.604207599366056
train,24.0,29.98971006103526
train,24.0,22.565380505132325
train,61.0,62.62475257501414
train,63.0,51.08473674580364
train,68.0,56.361138267012734
train,24.0,28.85704598262685
train,54.0,54.460124480515134
train,38.0,48.942678991180195
train,50.0,52.41106973307118
train,46.0,51.35384442950641
train,54.0,56.92974638456258
train,59.0,31.097584486073725
train,54.0,56.489401203129155
train,56.0,50.6845059274125
train,54.0,55.75933973663594
train,68.0,57.524393847037075
train,34.0,42.23007922142376
train,24.0,26.082906055490557
train,50.0,51.02251805762336
train,24.0,24.524744205479145
train,48.0,51.75847643599211
train,44.0,42.87087733370529
train,18.0,24.51134276490621
train,61.0,59.90417115396296
train,63.0,49.58784279532192
train,54.0,59.43472212821837
train,24.0,20.07823836886498
train,52.0,54.895911531793615
train,18.0,46.674817800079836
train,44.0,39.788896672784034
train,15.0,29.058995368885377
train,36.0,41.07565378146569
train,59.0,35.69440066836926
train,24.0,21.52750793040503
train,24.0,22.791724737222328
train,34.0,34.049567684112084
train,59.0,54.82987207180659
train,24.0,20.092275378673087
train,38.0,37.56429355660711
train,24.0,23.526360705970184
train,61.0,58.2325720753634
train,61.0,48.089968164767505
train,56.0,57.43160566023334
train,38.0,37.08458849395299
train,56.0,55.395009930814155
train,61.0,58.20347552974775
train,44.0,42.65667170191628
train,48.0,51.83677494936552
train,54.0,60.95846415543669
train,68.0,59.067501876183556
train,54.0,63.4956051506159
train,61.0,58.20522774087727
train,24.0,30.369176390473903
train,42.0,43.03619929845861
train,38.0,29.870155179823065
train,63.0,51.207986062272234
train,48.0,56.39724220003598
train,52.0,55.3705040259557
train,15.0,21.11801359055381
train,15.0,31.844299057026923
train,63.0,53.25246824832513
train,68.0,40.61512472744013
train,36.0,52.047240689499915
train,52.0,52.60942448849208
train,36.0,43.39403085908301
train,54.0,49.56796538622387
train,46.0,39.60059028482001
train,68.0,62.028509124828936
train,50.0,53.267755620589774
train,56.0,50.26974800798016
train,44.0,42.51238125780909
train,18.0,16.47909503373902
train,48.0,49.232488598333575
train,63.0,49.08388274594379
train,36.0,25.64342079046371
train,15.0,23.63501828683505
train,61.0,59.91331013334694
train,34.0,35.46551187389796
train,15.0,34.43823559976103
train,59.0,38.72959975753103
train,63.0,54.45967896518236
train,36.0,45.326368548162705
train,54.0,62.05113296864182
train,24.0,23.012937288261092
train,46.0,49.06872056445145
train,54.0,43.722459903353695
train,59.0,59.08328239018326
train,24.0,19.792469962820352
train,36.0,51.44136867674494
train,63.0,48.67674626079063
train,24.0,26.334803755962994
train,61.0,59.45250693756988
train,44.0,45.64252146227641
train,54.0,46.0674737584796
train,59.0,59.59453056908545
train,34.0,36.089123121863935
train,15.0,26.016696703723916
train,44.0,38.180647526528304
train,56.0,49.69857945612891
train,18.0,20.589598338841824
train,44.0,48.54985721703794
train,34.0,33.03270282233072
train,56.0,52.22524872421023
train,24.0,44.35323388812909
train,56.0,48.441465703269486
train,18.0,21.206691723279704
train,42.0,39.38034867404417
train,24.0,22.26456473183746
train,42.0,42.71803487726797
train,48.0,54.46383931316388
train,36.0,48.67360761309009
train,68.0,61.566987054742704
train,61.0,57.639844725323286
train,61.0,58.05527493993526
train,63.0,53.4466650467305
train,18.0,46.87191077699846
train,30.0,35.256113786975966
train,15.0,33.732010877003404
train,34.0,50.41805275813816
train,40.0,44.6248371648977
train,61.0,56.17537612082784
train,46.0,48.7724076224545
train,59.0,53.40505843802099
train,24.0,23.145146053354072
train,24.0,25.683616108307366
train,30.0,42.82438858219155
train,68.0,55.94696450160802
train,36.0,36.826083672270784
train,36.0,50.24589801759279
train,24.0,26.83117169609898
train,61.0,57.66073491769199
train,34.0,32.68929819008735
train,56.0,45.14344469007986
train,15.0,20.171656739322643
train,34.0,36.0492733844978
train,46.0,51.28854789671702
train,56.0,50.56951589536732
train,15.0,37.269434441228675
train,63.0,51.50715747107427
train,68.0,58.93264336830117
train,48.0,54.67854606987261
train,30.0,37.28520980112023
train,48.0,52.81742420334869
train,50.0,52.45118175320266
train,18.0,36.3687190693076
train,50.0,39.43351882347644
train,38.0,32.78177417437329
train,18.0,16.567443677936836
train,15.0,53.511789879052785
train,34.0,40.021819870005544
train,63.0,41.76804898998219
train,38.0,41.81180444073381
train,34.0,46.451955154358096
train,24.0,25.373374658183174
train,50.0,47.26494310003963
train,34.0,31.104525304250064
train,30.0,35.8682054699118
train,56.0,52.46986084677217
train,48.0,53.55077887441855
train,44.0,45.75697106039442
train,50.0,32.611271033854635
train,18.0,13.980922088975799
train,59.0,40.625320578776936
train,18.0,20.735163106646205
train,18.0,17.419409363857934
train,48.0,52.48972033346617
train,63.0,46.38041467532041
train,24.0,22.42692781128657
train,46.0,47.6270912683432
train,40.0,44.80091987718672
train,68.0,59.73500891135821
train,56.0,50.530278335553874
train,34.0,35.249136474302475
train,46.0,37.84562340804431
train,42.0,24.869846356989346
train,24.0,25.39965849330185
train,24.0,22.43092292452177
train,15.0,28.791878180549155
train,54.0,46.39028026040347
train,54.0,51.25171961527283
train,63.0,54.974908373006
train,46.0,45.40260527625301
train,36.0,32.646720509582565
train,50.0,52.29395900462113
train,18.0,19.23170132261955
train,24.0,27.351756639073614
train,68.0,59.50935630141591
train,50.0,53.6284960385875
train,18.0,39.6214426543678
train,50.0,54.1390986101064
train,30.0,37.76819025596036
train,56.0,43.41481370045675
train,59.0,60.302670629149134
train,34.0,34.037913455558176
train,15.0,26.71975334644847
train,56.0,52.793291326323846
train,50.0,52.995994161809996
train,38.0,46.33730280994876
train,59.0,59.925115257590754
train,52.0,53.57017786920108
train,68.0,60.12011430222796
train,48.0,55.21688320581423
train,18.0,22.815943876608838
train,59.0,44.877941339809816
train,48.0,57.26678594171669
train,38.0,34.95766900884157
train,59.0,46.15690940156719
train,54.0,55.98357601537791
train,59.0,62.73623702412996
train,68.0,56.07645022099351
train,18.0,50.81360839433124
train,63.0,50.61862695581466
train,38.0,36.898670883812805
train,63.0,49.71473207164302
train,48.0,51.108179192004386
train,30.0,39.07417190141749
train,50.0,53.959826102715425
train,34.0,33.24657636662499
train,61.0,56.233543577312304
train,40.0,43.8156202822866
train,50.0,52.67247443201259
train,56.0,49.71470442340025
train,44.0,43.61536407422738
train,15.0,30.46111072325968
train,15.0,39.88741260530892
train,40.0,44.01686693876615
train,36.0,32.19700160036133
train,15.0,29.753944897679585
train,24.0,24.08073256440986
train,52.0,50.296867368354164
train,59.0,43.980193723785554
train,52.0,48.727780814232425
train,56.0,51.3206368036535
train,48.0,51.4141627065747
train,50.0,53.757471144605006
train,50.0,48.37711927029794
train,59.0,60.94753739642479
train,68.0,58.27918074945209
train,38.0,40.94827243393909
train,24.0,25.323525224305364
train,50.0,50.124593490508204
train,30.0,40.737744319128815
train,52.0,43.18080486428841
train,24.0,25.083105534314384
train,54.0,63.704917081708714
train,63.0,52.48747816939778
train,56.0,44.173536115651665
train,44.0,40.06137492761161
train,68.0,44.082944195166284
train,24.0,23.66703330978618
train,63.0,49.99389076098682
train,46.0,45.769769595416435
train,44.0,45.15415604684733
train,24.0,22.12512362389973
train,44.0,44.02542931173717
train,59.0,50.706954834071595
train,30.0,36.11745703860483
train,52.0,52.746478838205356
train,24.0,25.537306787931637
train,50.0,53.30687851693083
train,59.0,59.542517154198876
train,56.0,51.74693084492836
train,44.0,40.58819291164402
train,30.0,36.70125796471054
train,50.0,59.01954760517992
train,59.0,60.91788062039485
train,44.0,46.171172331085465
train,30.0,38.65346688083643
train,50.0,42.61329610734921
train,30.0,34.17517136972204
train,34.0,34.77680834870068
train,61.0,58.30925086271582
train,18.0,13.797889568492124
train,24.0,27.310825629619647
train,30.0,34.54819629533209
train,46.0,46.77166788477254
train,56.0,53.26426569674676
train,24.0,24.700121272776595
train,59.0,59.26766809011207
train,50.0,54.51377846882963
train,15.0,30.030893269193108
train,42.0,39.70806603101436
train,46.0,51.26879895334161
train,40.0,43.54062442312631
train,48.0,47.832758431985035
train,61.0,57.80467943928144
train,42.0,37.556134768043556
train,40.0,43.38397636854676
train,38.0,36.29545482111026
train,63.0,51.50947201421158
train,42.0,43.49904741160056
train,61.0,57.45104800746217
train,56.0,50.635671520617336
train,34.0,36.074713136440664
train,24.0,19.7113898673248
train,38.0,44.206198525441806
train,61.0,57.216286958798605
train,48.0,52.07885662671475
train,18.0,17.46140626804839
train,30.0,37.55592235430352
train,56.0,56.74133447313624
train,30.0,38.758929894791784
train,44.0,34.67799047087709
train,34.0,36.72814333031019
train,48.0,49.801442616338775
train,36.0,9.483790308737362
train,40.0,44.479780725184426
train,48.0,51.697262192289415
train,61.0,55.039646192936495
train,24.0,23.642092402664368
train,50.0,49.5210155341874
train,30.0,39.15772685737445
train,30.0,39.83800596797186
train,50.0,46.9470424711423
train,34.0,37.67532565692152
train,34.0,37.25423871244461
train,54.0,65.39908744645574
train,63.0,50.71351287194561
train,68.0,44.96062498800222
train,44.0,40.061489489063604
train,44.0,45.19828544200448
train,24.0,23.761691846115443
train,24.0,24.363232521223683
train,46.0,48.51813307596846
train,15.0,22.284988002650525
train,48.0,50.94060855719145
train,46.0,46.22773271304459
train,56.0,55.35088416467739
train,24.0,25.631852651061784
train,34.0,30.082020343644245
train,50.0,54.04308059465224
train,52.0,55.943476661615534
train,50.0,45.44109725273428
train,56.0,51.332566081673
train,56.0,53.2569041837608
train,15.0,30.94260897457358
train,63.0,52.3545188646935
train,30.0,41.202580063366085
train,56.0,45.55452738780058
train,24.0,25.018935577461363
train,56.0,49.56657300225596
train,34.0,29.82338207897142
train,56.0,53.880999680744836
train,52.0,52.610719288253435
train,40.0,45.03941191516855
train,68.0,60.182002909233404
train,18.0,15.51656914350064
train,38.0,38.79933198134598
train,63.0,51.12041173169111
train,61.0,59.174757423045605
train,18.0,14.997800077390849
train,68.0,61.78603530730969
train,34.0,32.26182411097217
train,59.0,28.26641075341071
train,56.0,57.323012863829405
train,18.0,28.994781566482406
train,44.0,45.87572687016116
train,50.0,54.88091608817822
train,42.0,41.24729017017881
train,59.0,39.043831626305966
train,30.0,37.32615134449619
train,61.0,58.931107251642175
train,40.0,46.45510801073561
train,24.0,18.158890256611645
train,50.0,54.64654207091016
train,44.0,46.83572951496643
train,61.0,58.48585179561694
train,24.0,28.939029411480533
train,24.0,26.912848340794618
train,52.0,50.580606690177895
train,30.0,36.49369845134324
train,46.0,50.264559637774575
train,68.0,50.105014397371974
train,46.0,48.073817834132555
train,40.0,59.85353577464005
train,36.0,11.585841364730321
train,61.0,48.21591018449327
train,30.0,43.31377973117897
train,54.0,59.251625435096116
train,59.0,61.32664634456631
train,50.0,50.708233944191925
train,48.0,52.04949820114649
train,54.0,53.3075724591965
train,68.0,61.184750981017146
train,46.0,51.098006112957364
train,56.0,56.06858308530098
train,24.0,22.1275790731426
train,50.0,57.40121156692224
train,46.0,47.55456759348964
train,44.0,43.21174515315488
train,59.0,64.25325537244582
train,24.0,24.27683979056815
train,68.0,59.31418883909825
train,30.0,37.931461888401834
train,63.0,53.57270641902994
train,56.0,45.81124095729526
train,59.0,45.670876452854046
train,52.0,53.961731684399226
train,36.0,50.19269248993271
train,36.0,13.185343243605018
train,50.0,39.49995106588136
train,24.0,21.29034605082493
train,48.0,50.45977059054299
train,44.0,45.55725153684321
train,59.0,44.983267489598184
train,56.0,52.755714336193286
train,30.0,34.72469971541694
train,52.0,51.27672021113101
train,61.0,58.50631662404072
train,52.0,55.94205259165231
train,18.0,28.795333232144756
train,61.0,57.238803216632036
train,48.0,53.629132420342046
train,68.0,56.33245966806217
train,24.0,21.329536396298927
train,40.0,43.59040100183987
train,59.0,60.7128985755387
train,34.0,30.86132111931075
train,63.0,48.621120436115746
train,59.0,58.77567811429916
train,34.0,28.253326963734175
train,18.0,15.513685836771987
train,68.0,58.87165700517762
train,50.0,43.17538235328636
train,50.0,47.50642670836121
train,56.0,56.41822290307556
train,36.0,41.35697024211596
train,42.0,40.481250951203805
train,38.0,29.412762829810696
train,63.0,50.83521218642309
train,54.0,57.6018659694987
train,63.0,50.00682596765195
train,61.0,57.16528029737297
train,24.0,26.03194524914495
train,44.0,39.92998675649802
train,52.0,54.15724706432337
train,56.0,53.27670824852261
train,30.0,35.52473146175783
train,36.0,44.91203184903998
train,54.0,61.43520040276102
train,44.0,43.576455834041035
train,50.0,34.68868971952694
train,48.0,53.279395200709715
train,68.0,59.51474470747448
train,46.0,50.26578774069769
train,24.0,27.638980503780665
train,59.0,62.49705353625298
train,54.0,62.89481886663265
train,40.0,44.48968016752895
train,34.0,30.174155361075705
train,38.0,46.89899888540337
train,38.0,35.65597247866837
train,50.0,49.509561338883266
train,15.0,30.140612747069788
train,63.0,52.121152954169276
train,68.0,59.3017810561433
train,36.0,30.266227941007905
train,38.0,31.432192493399235
train,24.0,26.20482503243469
train,61.0,60.02099654010914
train,40.0,45.80787890151135
train,34.0,35.429354069166315
train,42.0,44.25030791549614
train,48.0,50.951164139447464
train,36.0,45.980750238864466
train,36.0,51.89715692874542
train,52.0,52.57261873117271
train,56.0,57.837352053921634
train,44.0,43.49087369996307
train,59.0,60.41296442917569
train,56.0,54.918457691946585
train,30.0,37.655940577849265
train,59.0,48.201100218566005
train,68.0,62.01370370829963
train,24.0,19.815316745487618
train,30.0,37.68306293054629
train,15.0,32.4851240556585
train,15.0,32.606011613836145
train,24.0,26.005828152697887
train,50.0,38.12595283406513
train,63.0,47.9930344534301
train,68.0,43.35983592185211
train,54.0,36.357501420532365
train,34.0,34.48551216872126
train,52.0,56.42126590351177
train,56.0,57.88129774660471
train,52.0,50.03822475200057
train,59.0,60.7704605841474
train,63.0,52.92711164755484
train,50.0,56.9901674588147
train,44.0,37.61537610028837
train,15.0,25.26604706704436
train,68.0,57.47144322164621
train,44.0,36.51619730868798
train,24.0,23.884459810540612
train,63.0,51.28938205474603
train,24.0,21.34055424407145
train,24.0,20.630391545467848
train,38.0,35.623997182628734
train,24.0,25.35578969443003
train,38.0,34.19717730434324
train,50.0,50.47411875437186
train,30.0,42.86487128657631
train,24.0,24.4391750666105
train,40.0,44.273442444268206
train,15.0,31.067741787871537
train,30.0,38.929913609036234
train,38.0,35.848666460799905
train,63.0,49.66888129213996
train,54.0,62.69435082313267
train,38.0,47.4376434796961
train,24.0,23.163674993987375
train,36.0,31.508886079921172
train,36.0,37.231928433600714
train,68.0,59.79100730753634
train,36.0,49.84711731949837
train,52.0,53.87530797655744
train,50.0,55.40332627530425
train,18.0,21.821555844663084
train,24.0,22.271960402691576
train,54.0,65.48860067416716
train,50.0,42.43142590301497
train,50.0,49.899583271911034
train,46.0,47.22344657461748
train,40.0,41.39942649514416
train,68.0,58.92197630790457
train,56.0,53.63917540666764
train,56.0,47.50219831548334
train,59.0,60.19879723951156
train,68.0,57.051004115215434
train,52.0,49.91150721009189
train,61.0,57.940758928818695
train,61.0,58.690753754966984
train,24.0,23.749812573658787
train,52.0,49.10846359446714
train,36.0,47.26314107353292
train,68.0,60.37439447846076
train,56.0,56.06174082486597
train,42.0,44.89957554450184
train,50.0,50.967665165116244
train,38.0,38.082231831579755
train,30.0,35.37036085211503
train,52.0,55.66192692201723
train,46.0,47.42750043781213
train,24.0,16.36122978400191
train,34.0,31.22812818031977
train,38.0,31.61523111701694
train,56.0,55.89844438406763
train,46.0,49.07345380061446
train,30.0,38.325462597395074
train,24.0,25.62398070232862
train,24.0,44.85993812690869
train,38.0,35.26222127014636
train,61.0,59.507139531583654
train,52.0,42.16783037704164
train,52.0,52.27781268585221
train,48.0,53.186153458408825
train,68.0,57.80867761357398
train,68.0,59.401957416590804
train,50.0,43.41113128287182
train,46.0,47.55272569326702
train,40.0,42.75544057196047
train,63.0,45.18418178607081
train,56.0,57.01653038805123
train,42.0,30.279830548150613
train,18.0,22.211836006585585
train,56.0,55.73638188245346
train,44.0,44.636787617998955
train,68.0,61.528384519633974
train,50.0,55.23067670460967
train,15.0,22.393270888540236
train,34.0,36.43650275526503
train,38.0,37.0717426453815
train,24.0,22.291996185350417
train,63.0,47.84084359423844
train,44.0,43.05073750231382
train,40.0,45.84222557999475
train,48.0,51.27933548517199
train,50.0,51.65060678542147
train,63.0,48.27686436924286
train,44.0,43.82915821490266
train,18.0,18.670669926464655
train,59.0,42.15484234792579
train,24.0,24.161547180319573
train,24.0,26.221187435163593
train,15.0,33.25495731678053
train,38.0,40.5399292263844
train,34.0,34.85702027318572
train,50.0,42.3137912081909
train,52.0,50.753747633265874
train,24.0,25.46323411821924
train,15.0,21.83593745722653
train,24.0,26.45331141706644
train,38.0,44.00921778993718
train,50.0,51.814390379648444
train,46.0,47.409229171503064
train,18.0,29.587031141270735
train,15.0,26.756144061516064
train,40.0,43.750980967823246
train,61.0,56.162501969562705
train,24.0,26.053391396182136
train,59.0,58.66135640191484
train,63.0,50.183909832162655
train,54.0,61.69578853824341
train,42.0,51.59030987628852
train,15.0,27.58480077883112
train,15.0,31.6241988848761
train,38.0,34.94006642777682
train,48.0,53.90648958774484
train,59.0,57.95121013432666
train,54.0,30.828104432395346
train,34.0,38.80108925298574
train,61.0,59.641262731218916
train,59.0,30.175736554349236
train,38.0,37.86557387331748
train,61.0,58.98738203454745
train,61.0,60.58155831041671
train,68.0,59.267511640708825
train,38.0,50.205652842331695
train,50.0,50.54912533638301
train,30.0,35.56315897321696
train,42.0,42.3481422003601
train,24.0,21.891301834267026
train,34.0,35.016552546444565
train,36.0,32.5326434192788
train,38.0,30.65877450707204
train,15.0,32.27826632564762
train,24.0,20.221182709138667
train,59.0,59.147891916063344
train,30.0,45.696766755795615
train,24.0,24.402531713134575
train,30.0,40.04884939228365
train,30.0,39.40606164743283
train,40.0,44.99687814679969
train,61.0,55.08224064995848
train,50.0,49.06730959176487
train,56.0,55.871073649870524
train,38.0,35.661454528269644
train,52.0,53.25248136580167
train,50.0,52.35990267650996
train,18.0,29.045437715560887
train,36.0,42.480328180063495
train,63.0,47.63281327480175
train,68.0,59.520301450708956
train,34.0,35.62905583137231
train,50.0,57.28617573909334
train,30.0,35.47042517856792
train,46.0,50.04090041128435
train,18.0,19.171631771696614
train,54.0,46.49418392138229
train,56.0,50.51311218894218
train,50.0,54.0761430249024
train,30.0,38.461709846247885
train,36.0,43.58313947822662
train,30.0,36.70668880204045
train,59.0,42.725565731257205
train,61.0,58.74485392485193
train,18.0,40.308741065926014
train,50.0,53.64800473061537
train,68.0,56.36240477796491
train,44.0,44.89102906701198
train,63.0,44.28912632181492
train,18.0,22.474779740140594
train,59.0,60.34873075966536
train,59.0,29.371372256837127
train,24.0,44.50463607358213
train,56.0,47.19909903709791
train,36.0,38.13962828697438
train,30.0,41.38656957411196
train,48.0,52.00896581693201
train,54.0,61.959086866879595
train,54.0,59.852994214271014
train,61.0,56.371851061246105
train,46.0,45.85510481698002
train,68.0,56.55926635156709
train,54.0,61.323502340308536
train,34.0,38.73676714777581
train,56.0,55.61660626983608
train,30.0,36.46610690053416
train,61.0,58.441486684954114
train,36.0,29.320676010106688
train,30.0,43.28321012063694
train,50.0,52.082864906910416
train,44.0,41.04445247203341
train,30.0,32.456692531703176
train,15.0,30.503502591118895
train,50.0,50.91128084999436
train,61.0,60.36967808944844
train,56.0,57.270436413037004
train,36.0,28.12728506475215
train,15.0,33.39141796948932
train,54.0,63.05631317839973
train,18.0,15.0189899203295
train,15.0,25.557202404451512
train,50.0,51.53697337631807
train,40.0,44.77671377912496
train,36.0,34.624826147168825
train,42.0,41.3844266401731
train,24.0,22.994349239560187
train,44.0,42.49778341178303
train,63.0,50.25822663813961
train,18.0,14.25124950518952
train,24.0,20.92288266777898
train,59.0,62.09104705053386
train,50.0,46.18222512857315
train,18.0,26.273550848388766
train,44.0,45.346075550779645
train,24.0,27.09587129714116
train,38.0,56.6892903679698
train,24.0,22.051834779355353
train,42.0,50.99264548005361
train,61.0,55.41002718813546
train,63.0,45.832726444924845
train,59.0,43.823190728723894
train,63.0,48.61279250207319
train,38.0,39.39594164998855
train,61.0,57.830536635956776
train,59.0,61.7675743621533
train,24.0,25.605646209650757
train,30.0,38.689031754328965
train,61.0,58.42882055648497
train,50.0,32.049686481082375
train,63.0,50.67569092241312
train,61.0,58.76105361105919
train,36.0,50.75842519422119
train,54.0,60.85560715216364
train,44.0,40.42886202807695
train,24.0,24.22729379533978
train,18.0,17.324546664168267
train,59.0,60.404389020852776
train,61.0,57.05996621444064
train,46.0,48.90878219281016
train,56.0,56.44809137854612
train,56.0,55.932309795681604
train,42.0,41.59779268248523
train,24.0,23.789064565041283
train,30.0,34.71439929856949
train,34.0,34.9416358916061
train,63.0,48.77953449500824
train,38.0,35.42968301203115
train,50.0,54.256537241126004
train,30.0,37.64714623747416
train,61.0,59.518147995374434
train,61.0,60.43276628950278
train,18.0,20.620986566095294
train,61.0,50.24747085216146
train,18.0,17.9197136731009
train,63.0,47.70523654933969
train,18.0,32.22663068011647
train,54.0,60.57592083827865
train,52.0,54.21133701526973
train,24.0,25.708649760848992
train,36.0,26.336341648456198
train,48.0,55.56070541798963
train,24.0,21.286415232772995
train,24.0,23.434175922763774
train,68.0,59.402518582255
train,24.0,23.241035288223852
train,44.0,45.43602063146816
train,63.0,51.50507740710819
train,46.0,49.011217985451665
train,56.0,51.66547214965179
train,15.0,29.44227100892116
train,63.0,49.772267587063624
train,36.0,41.15197321592767
train,30.0,38.142438371728595
train,46.0,49.19439708428167
train,61.0,59.72606260870788
train,34.0,47.59958170685745
train,44.0,43.189562642662125
train,61.0,59.46748116105453
train,61.0,46.72014756348234
train,48.0,54.31744987773918
train,24.0,22.20490131650786
train,15.0,30.152963410269386
train,24.0,26.710152947237845
train,56.0,51.08058733972388
train,18.0,34.14916242603579
train,36.0,47.03566023248108
train,15.0,35.13403371048532
train,63.0,52.196703997203045
train,61.0,56.99598263776592
train,18.0,26.3151512718664
train,30.0,43.14850338080865
train,48.0,50.83107482661416
train,56.0,55.3910549045244
train,30.0,40.37694025179262
train,50.0,53.253964726987135
train,56.0,55.571189583070414
train,34.0,35.459941705374
train,36.0,31.343265455365092
train,48.0,55.43127147645956
train,34.0,39.34900449094997
train,52.0,49.48139066502509
train,59.0,60.68615820734142
train,54.0,59.44044517670979
train,54.0,59.89720764061981
train,54.0,62.25975984001845
train,15.0,46.59927292213877
train,68.0,56.907360340217124
train,30.0,34.69216372277257
train,59.0,60.5572230851598
train,30.0,39.29563298815849
train,59.0,55.8749327100421
train,61.0,57.4080615885539
train,63.0,54.82410767159082
train,50.0,47.92327996532677
train,24.0,29.037859066829135
train,36.0,51.175924716808
train,18.0,23.07653681869136
train,54.0,65.21805051010271
train,52.0,51.44036746807439
train,38.0,43.15946626875026
train,46.0,48.360645877686586
train,42.0,38.294742622294834
train,63.0,46.33004541638086
train,46.0,48.113260712149696
train,50.0,48.30030501102228
train,38.0,45.270420306341855
train,24.0,22.967928249942318
train,48.0,51.33789017903558
train,48.0,50.799525149275546
train,52.0,49.89309670502029
train,59.0,33.600944427369186
train,24.0,26.703946556031205
train,63.0,50.59110846543145
train,42.0,40.78944039109588
train,24.0,25.335711020570407
train,56.0,53.422990428941304
train,61.0,60.12378990040763
train,63.0,48.33687095276775
train,54.0,41.02417481129441
train,61.0,59.80386241500467
train,18.0,20.44887231858709
train,56.0,54.91687796074544
train,24.0,23.43128389413172
train,56.0,48.02765649698195
train,44.0,40.40313533616104
train,34.0,36.02454068494943
train,44.0,41.90178257102744
train,15.0,48.75491481070331
train,24.0,22.622888872433933
train,59.0,53.25101027040589
train,42.0,39.723917321672076
train,48.0,54.37402940658327
train,54.0,61.51160809748595
train,30.0,40.13809223691768
train,54.0,61.12985943323941
train,15.0,32.66925590981108
train,54.0,57.57595113466367
train,54.0,61.60803116843526
train,48.0,52.27589446740141
train,44.0,44.7255607613728
train,56.0,52.56339100208622
train,34.0,40.349792048637035
train,46.0,49.51005405277595
train,68.0,58.27941837534415
train,68.0,59.67193514784167
train,34.0,33.77729574472502
train,68.0,57.937590617506295
train,44.0,36.87942804516969
train,40.0,31.540679892673573
train,24.0,29.64034728754388
train,56.0,50.53303366794612
train,18.0,40.51984188478446
train,30.0,38.30256781036916
train,59.0,60.833887706122994
train,50.0,42.0636042730892
train,34.0,34.73932528618085
train,54.0,59.86869950428507
train,61.0,57.345301673600936
train,42.0,32.25768323684515
train,68.0,48.47017431922001
train,30.0,36.430468608075074
train,34.0,36.58246637750348
train,42.0,34.96581994544206
train,44.0,44.64756808727278
train,36.0,31.61314795563744
train,24.0,25.41683885564435
train,15.0,21.146684731187086
train,30.0,40.90602970578941
train,42.0,42.25113930420062
train,56.0,47.18585005434583
train,24.0,25.852678172484936
train,59.0,61.66954491874789
train,63.0,50.53955528562753
train,38.0,35.85003890702008
train,38.0,42.68136982743228
train,38.0,32.87027344305017
train,36.0,47.50701060454989
train,44.0,44.65378233830764
train,15.0,22.457414086214097
train,68.0,47.90393611506233
train,48.0,45.91223168795355
train,24.0,27.800280748285584
train,50.0,36.74619534062025
train,68.0,58.34216459016184
train,44.0,39.79411037515719
train,24.0,26.521219183394862
train,61.0,56.37343900947302
train,44.0,41.69957847308203
train,24.0,17.115515648715512
train,56.0,52.8022994144428
train,44.0,42.50215759694308
train,61.0,58.286902046148796
train,24.0,24.284209516884435
train,40.0,51.44949211373171
train,46.0,46.4604382787283
train,24.0,21.574183636592746
train,36.0,40.08374369876231
train,59.0,61.693722983943324
train,18.0,18.065472833685355
train,63.0,56.02922814098166
train,68.0,47.47640125585828
train,18.0,24.373567282917083
train,40.0,43.85689635129479
train,36.0,27.90170816403655
train,56.0,54.20421500908261
train,54.0,59.25284110225526
train,15.0,27.651255375097115
train,15.0,34.77672564901395
train,38.0,36.090721269694775
train,44.0,43.375410438461294
train,42.0,31.72496289969095
train,30.0,37.373039565881086
train,63.0,50.20199128166765
train,44.0,43.41555742668939
train,59.0,59.393690923938834
train,63.0,48.7926125007289
train,59.0,54.816717101918634
train,24.0,21.166719661237106
train,30.0,33.96880350696883
train,61.0,59.13491551273225
train,63.0,53.162599197241654
train,63.0,52.98752168264799
train,61.0,56.47947381149433
train,59.0,46.35677078580674
train,36.0,38.03160562675128
train,48.0,53.435753958266325
train,54.0,49.003227902977684
train,59.0,58.797265845506715
train,63.0,52.752728396279394
train,50.0,54.16451176577111
train,24.0,22.985105523891562
train,63.0,47.51275299292369
train,38.0,31.448372083743955
train,68.0,57.97441528452141
train,18.0,61.872553053076125
train,24.0,25.492402122801042
train,59.0,42.756761228264935
train,46.0,47.315642382347335
train,50.0,45.93139224194648
train,59.0,28.97429617049837
train,46.0,50.29203612494727
train,38.0,33.069246474897234
train,46.0,43.77329221655447
train,15.0,25.182113396509802
train,68.0,59.168609438646484
train,44.0,38.432587514376564
train,44.0,40.49022642262768
train,44.0,46.79416517301234
train,24.0,17.63345060559163
train,46.0,50.223130503720654
train,63.0,47.955045149342276
train,59.0,57.07154059017979
train,34.0,39.048753490009894
train,38.0,31.978763886210455
train,61.0,57.77179935976996
train,30.0,44.98864867462064
train,63.0,53.90801176260183
train,38.0,35.77150165685545
train,63.0,52.43239388377898
train,48.0,53.26120557749997
train,48.0,52.312157148206964
train,40.0,45.372315600425786
train,24.0,22.28735986792829
train,24.0,23.924416029005844
train,61.0,58.10998367312436
train,24.0,25.27335604806145
train,59.0,61.53880493275946
train,61.0,55.66781039828891
train,61.0,59.282152122893486
train,68.0,59.7470975901861
train,48.0,51.51662834265799
train,63.0,49.33743334360645
train,34.0,34.99419425431974
train,61.0,58.48328774225398
train,42.0,40.03122815296909
train,44.0,47.790674645073146
train,56.0,55.472705150649674
train,50.0,53.31481160268658
train,42.0,46.76067290866676
train,63.0,47.553171311489656
train,38.0,44.11818667777518
train,18.0,35.35381182330518
train,68.0,57.36164002579331
train,48.0,49.9998961166847
train,30.0,47.10047201437855
train,63.0,52.0801383743138
train,34.0,33.471665966077936
train,24.0,27.873864468159915
train,24.0,30.52339264061684
train,50.0,47.76875768157897
train,52.0,50.103400588306485
train,50.0,56.1733166553079
train,24.0,20.461411875316752
train,18.0,20.154182868898033
train,54.0,64.33235176506903
train,59.0,58.2343613939252
train,44.0,48.67298738724664
train,24.0,25.764262627741378
train,42.0,39.632452518487106
train,54.0,41.76876792447742
train,46.0,51.24871027988244
train,63.0,46.94184278972479
train,36.0,29.72041998104823
train,30.0,40.21400977602463
train,34.0,35.68666694000823
train,48.0,54.93435620090359
train,48.0,45.13071188010895
train,61.0,57.964849445051314
train,61.0,59.125515917785926
train,18.0,17.621047885682202
train,54.0,48.56099889228088
train,48.0,51.94984019211043
train,50.0,36.624055705556465
train,50.0,56.191081853083716
train,24.0,26.154595270381122
train,59.0,59.50778411046741
train,38.0,34.22862122342289
train,68.0,57.3377078070811
train,50.0,55.451288147871644
train,63.0,44.399954305824096
train,40.0,42.87787186520906
train,54.0,58.874885564130565
train,59.0,54.943517974078645
train,44.0,41.964589281117554
train,63.0,49.369885356115205
train,18.0,33.72731034326367
train,63.0,45.09480845509889
train,34.0,48.348599763539404
train,24.0,24.638660311932433
train,42.0,37.43193551120816
train,36.0,33.6274660539434
train,15.0,28.95482103302475
train,68.0,57.63793568994697
train,30.0,31.933915432474098
train,44.0,41.9943751977132
train,30.0,39.24288943588004
train,63.0,42.98920857464273
train,61.0,59.12405959602392
train,50.0,63.162795500122485
train,61.0,59.90921523644571
train,34.0,39.73884172433815
train,52.0,53.40546062780257
train,50.0,47.0269852721986
train,56.0,57.459542564384435
train,18.0,26.53078530609096
train,48.0,44.883524324000305
train,61.0,60.1287164605795
train,59.0,46.50837690857117
train,63.0,50.24389361211476
train,36.0,29.88293174178686
train,56.0,60.420905909162215
train,68.0,46.42567417801782
train,34.0,34.00396028887422
train,61.0,58.80190678930715
train,56.0,48.06368008382575
train,56.0,50.03040159104687
train,24.0,22.30138366016113
train,24.0,18.62802197707324
train,44.0,43.07066814124279
train,40.0,42.06208860709765
train,38.0,32.542437426865476
train,36.0,41.05950833170606
train,40.0,46.146516984390956
train,61.0,59.99429421775844
train,54.0,58.77183000575231
train,44.0,46.11854856900113
train,50.0,53.048535427990174
train,24.0,27.80879186104544
train,24.0,19.2272294330654
train,50.0,50.364667281038514
train,24.0,26.242036999013692
train,59.0,50.57261476292133
train,38.0,38.080326983570025
train,54.0,59.141559134176866
train,18.0,32.70443840596317
train,24.0,28.283660938384095
train,24.0,26.16688018786146
train,34.0,32.136443293800426
train,42.0,40.332488337089785
train,30.0,41.50339062108004
train,63.0,49.125182691278034
train,61.0,57.74307560898817
train,63.0,48.11209783137248
train,68.0,53.92391479136209
train,24.0,27.193757745407147
train,30.0,39.55519313936423
train,56.0,54.29267530116026
train,50.0,52.95740436377621
train,50.0,51.88387867759464
train,30.0,46.951451666996576
train,15.0,29.88054750714062
train,68.0,57.772034663829515
train,59.0,55.75038292910243
train,44.0,43.1311323827493
train,48.0,56.69129230155839
train,36.0,21.686340846142492
train,18.0,24.67774229774721
train,61.0,112.10957359440306
train,59.0,60.04368359420195
train,18.0,19.243985179571407
train,61.0,59.282482243966996
train,59.0,61.671769513417516
train,40.0,48.12180240773294
train,44.0,44.61364632105403
train,50.0,49.38219331056564
train,48.0,41.54847827919178
train,42.0,53.06512021793692
train,56.0,52.62999489880164
train,59.0,48.30146417139719
train,54.0,40.50847247190273
train,61.0,46.87657344692615
train,56.0,50.26378768012251
train,48.0,52.5830451131817
train,18.0,21.677505367145695
train,61.0,55.3682459341951
train,48.0,53.70470710195551
train,56.0,45.93651750181021
train,24.0,19.727264890949172
train,46.0,45.09330972238357
train,63.0,49.53665036535422
train,40.0,45.260828874588704
train,44.0,42.05873095374181
train,46.0,48.46062091893501
train,54.0,39.26885685691968
train,30.0,36.666011945875994
train,50.0,50.01677090554073
train,18.0,56.586665757477945
train,46.0,46.32394519472948
train,18.0,29.07808683738053
train,46.0,45.67142127291835
train,61.0,58.0805426290363
train,40.0,43.54651598963825
train,18.0,26.9399714786384
train,18.0,17.532530517470192
train,44.0,44.588178754479905
train,42.0,53.8181617623237
train,44.0,39.761616858723656
train,48.0,39.12122348269463
train,44.0,45.5071844318029
train,18.0,26.21718456819278
train,18.0,17.587206314466496
train,50.0,47.61622423309676
train,34.0,50.69144159376788
train,24.0,15.234729709053038
train,24.0,26.692372889009583
train,63.0,55.08265347085644
train,61.0,60.52009701681755
train,68.0,46.52336455800208
train,68.0,59.528319338531965
train,68.0,57.345871439458094
train,46.0,42.367154557029075
train,50.0,58.58092696005069
train,59.0,58.42196051566347
train,38.0,34.18012623019314
train,18.0,29.785865653394083
train,54.0,44.54746976716709
train,44.0,45.16626479164089
train,50.0,44.314322396079895
train,56.0,56.36714900739999
train,30.0,35.32820730905004
train,24.0,24.082593564331457
train,18.0,30.6946361906419
train,59.0,62.24307090899984
train,38.0,35.988332204899685
train,24.0,25.455487716371426
train,59.0,61.21627359280515
train,34.0,35.11311177357245
train,68.0,59.82337703089199
train,48.0,51.526206367367855
train,44.0,36.03941036312028
train,59.0,60.89728749559538
train,63.0,51.67326158298859
train,68.0,58.42980970537147
train,34.0,32.17776652133112
train,54.0,58.91698663149749
train,56.0,55.18446980747588
train,42.0,37.22568747927214
train,18.0,13.985913311406538
train,42.0,28.147263157529935
train,50.0,49.75467077422286
train,54.0,63.9977207862028
train,50.0,48.77369688183978
train,50.0,48.295898545546635
train,68.0,43.290617466994625
train,24.0,24.22531392854262
train,44.0,43.47989707224554
train,59.0,60.61059269016962
train,36.0,34.31272615059487
train,18.0,-10.878483652197907
train,50.0,55.751425731997976
train,52.0,55.94981160869346
train,59.0,43.729085115488104
train,56.0,54.50232945400971
train,50.0,56.473945293890075
train,56.0,56.76196293865877
train,50.0,44.129504753103234
train,44.0,44.16127910267919
train,36.0,28.880592629014405
train,61.0,59.96137245472062
train,38.0,41.49988631275886
train,59.0,46.22646466978773
train,15.0,32.6468241074798
train,61.0,58.058460182665335
train,56.0,32.28295764236998
train,56.0,56.91437682450408
train,68.0,41.984114313211876
train,18.0,27.6028453604958
train,59.0,57.851591813652945
train,50.0,51.40450332067469
train,56.0,39.87333013635404
train,59.0,61.1709749661278
train,68.0,59.79589988326608
train,61.0,57.45492771329265
train,15.0,31.505054735312925
train,36.0,36.82739337516547
train,15.0,34.03988735600951
train,50.0,55.42294900291218
train,50.0,48.0475717822843
train,18.0,20.56574988096227
train,59.0,54.186136101479704
train,50.0,52.154873397477516
train,61.0,41.83919259076631
train,18.0,21.794803995431458
train,38.0,42.99991438186014
train,50.0,49.76260580492227
train,36.0,26.427911936483767
train,36.0,45.90094381914349
train,68.0,56.996850668869854
train,63.0,52.86276814021161
train,68.0,61.32016968216659
train,56.0,53.3911096664951
train,36.0,34.558269628398556
train,30.0,37.05053779011938
train,50.0,41.33145327839219
train,24.0,23.07926786496129
train,63.0,46.97466351495157
train,38.0,41.07908239431072
train,18.0,22.645197673717774
train,54.0,61.21382572317611
train,36.0,37.81340156566574
train,38.0,36.83857354834039
train,63.0,53.49840361342251
train,61.0,61.01779987475385
train,46.0,49.866360981224034
train,61.0,58.796487483506176
train,30.0,50.70636704025287
train,38.0,32.22569118328056
train,18.0,31.582125878217724
train,50.0,48.351116828843686
train,24.0,21.706396594111215
train,15.0,31.73029139226016
train,56.0,53.29808227294106
train,52.0,54.07222940204499
train,50.0,51.40118613982651
train,54.0,51.20272867325484
train,63.0,49.51349743278688
train,15.0,31.090316597919596
train,56.0,57.27986130587254
train,63.0,48.220837449231105
train,40.0,44.10832086512901
train,36.0,28.861043087060402
train,54.0,57.59939887328439
train,61.0,56.5789664060955
train,15.0,66.58923928063008
train,68.0,57.75938990126863
train,24.0,23.524444621011487
train,48.0,51.76639295099886
train,15.0,29.182763512281817
train,61.0,50.51085007617585
train,24.0,22.47828841718536
train,44.0,43.396963195413555
train,56.0,57.54684958414389
train,48.0,54.51816563121386
train,56.0,51.86559469716926
train,48.0,52.582168250144086
train,30.0,43.343368066230546
train,38.0,38.80393197452948
train,18.0,17.425226506771043
train,42.0,47.891584415393496
train,63.0,50.494929419588345
train,52.0,55.10876498183544
train,50.0,56.78319455528866
train,36.0,50.53434219829223
train,52.0,52.58993942975361
train,54.0,63.55960870560908
train,50.0,35.584729751549226
train,63.0,54.65478996786622
train,44.0,43.15038168479301
train,50.0,46.551207665350596
train,24.0,27.309360011260978
train,68.0,59.51961730299885
train,68.0,50.97591338736626
train,50.0,39.861495875296015
train,61.0,59.69184731434734
train,50.0,46.81808379182537
train,24.0,25.58371454122269
train,30.0,38.47512071049447
train,59.0,28.67848782822424
train,54.0,48.683727595073044
train,15.0,24.789568264472173
train,36.0,26.106095929803132
train,59.0,59.15054882729843
train,46.0,49.677979188764056
train,50.0,49.34026871793112
train,50.0,55.89441132223936
train,63.0,49.879568034024516
train,46.0,49.03922376952279
train,50.0,52.36664062176746
train,50.0,46.73605190859524
train,59.0,50.53324970448122
train,18.0,28.59661100820896
train,61.0,58.83264325260653
train,68.0,59.2956894605054
train,40.0,41.633321349876766
train,68.0,60.83855326559198
train,56.0,54.80533756483011
train,48.0,52.2190128552393
train,36.0,29.81600786842509
train,63.0,51.13529255509171
train,50.0,55.315972381124226
train,50.0,51.37679722007765
train,30.0,46.56035426847646
train,44.0,41.42587629414304
train,30.0,37.79850663208685
train,50.0,48.89042983235869
train,24.0,28.55494402103082
train,30.0,36.148258882193424
train,34.0,31.783941862131492
train,24.0,20.776161459463182
train,24.0,24.21764232629116
train,34.0,35.549943932738444
train,48.0,51.84377405128102
train,59.0,59.18912931370811
train,15.0,48.094189926642585
train,54.0,58.913461833324455
train,24.0,24.317219699459912
train,50.0,54.08967632060933
train,59.0,62.114687392753964
train,44.0,46.44156253716647
train,59.0,57.389864239532784
train,38.0,42.94705095482339
train,61.0,59.28599650731643
train,48.0,55.13327627483982
train,59.0,60.01550259728017
train,63.0,49.828796910818646
train,63.0,49.86056774290794
train,44.0,43.10269108351167
train,48.0,53.28658165894754
train,48.0,50.88617859040396
train,50.0,38.32188445655925
train,30.0,34.508242306066805
train,59.0,60.56955421520621
train,18.0,20.565619375958498
train,46.0,45.894683563480015
train,30.0,41.21973711676624
train,18.0,20.433544799638753
train,30.0,38.99127295099173
train,46.0,51.42590871412087
train,61.0,58.269857960023316
train,36.0,32.065041563106234
train,30.0,39.581757947183355
train,48.0,52.64427092200013
train,24.0,17.57232159064756
train,44.0,44.580908702673035
train,34.0,29.528046334849055
train,40.0,41.94179016327696
train,54.0,62.299478936088576
train,36.0,43.815674246661146
train,44.0,41.90329733791712
train,50.0,45.23454809401418
train,50.0,51.51494725739035
train,15.0,29.122656591075167
train,59.0,49.3536548841645
train,24.0,23.556436534333084
train,52.0,50.25925476102924
train,61.0,58.026822794461
train,40.0,44.128977942193245
train,50.0,55.706890706370245
train,15.0,30.408582200782277
train,36.0,48.165615527306024
train,61.0,56.52642674729232
train,50.0,53.164957198069956
train,18.0,23.339796209693294
train,50.0,51.648746742549854
train,38.0,47.221301744222494
train,63.0,52.14895157114352
train,46.0,47.3315421042045
train,36.0,30.96007058442408
train,61.0,57.49260519326104
train,50.0,44.59962294445661
train,68.0,59.68558436892337
train,34.0,27.313181515628184
train,34.0,36.0947429770391
train,24.0,29.639536015843973
train,50.0,55.87564555008193
train,46.0,46.00787003934514
train,54.0,56.46705830324073
train,63.0,48.61317743233739
train,24.0,18.04636002349147
train,30.0,38.08703804159884
train,15.0,32.21544954343412
train,44.0,43.53058364103691
train,44.0,45.961039032520326
train,18.0,26.253315333456047
train,63.0,55.01160797613872
train,50.0,55.88311723743885
train,44.0,47.56661707963012
train,24.0,27.178852598725662
train,50.0,48.66290175248986
train,15.0,29.767377471481275
train,38.0,42.683184473912654
train,48.0,51.722063542298486
train,34.0,33.511160172211746
train,50.0,53.56855984836228
train,42.0,41.26749287143641
train,68.0,55.806990743880654
train,59.0,57.02732941403616
train,24.0,21.464912637793276
train,24.0,22.915454136658948
train,52.0,52.07364812897654
train,30.0,40.29248521204089
train,42.0,35.063324538265746
train,63.0,53.25846571545318
train,68.0,58.74241554464828
train,54.0,55.28417738555311
train,63.0,48.565694968801935
train,52.0,51.573158653794025
train,40.0,41.04662368417292
train,30.0,46.868771959905395
train,54.0,42.240754805533896
train,54.0,58.72506130388459
train,48.0,53.49621788681122
train,68.0,58.33101026396298
train,48.0,54.44409535614454
train,61.0,57.108669479407666
train,38.0,35.21257177961698
train,48.0,51.77214697366222
train,63.0,52.10461660695123
train,44.0,35.84640962869921
train,48.0,52.78319729984833
train,46.0,50.20982211031766
train,50.0,47.546488115751146
train,50.0,54.90970046072589
train,40.0,43.42208198578168
train,36.0,29.80603019133341
train,40.0,45.083072786599686
train,24.0,25.93693947037144
train,38.0,34.008049085484274
train,61.0,58.12987937647661
train,56.0,52.85760317129515
train,61.0,61.76571511672141
train,56.0,55.51830198887297
train,50.0,48.63352780439404
train,52.0,50.771870267125486
train,42.0,35.44156086542354
train,38.0,31.23876549131848
train,38.0,44.42171420336701
train,61.0,60.144885843255686
train,63.0,50.439243421049746
train,18.0,22.46926428804037
train,42.0,36.16875829090068
train,44.0,40.864246172777555
train,38.0,38.799631858461424
train,36.0,40.9260657689411
train,38.0,36.825625338013175
train,24.0,23.80980983550807
train,46.0,46.700418569540496
train,34.0,27.046729913504866
train,68.0,44.19839134976955
train,63.0,51.17566070747203
train,30.0,41.292830387526784
train,36.0,45.79042878942102
train,30.0,38.124307194983516
train,46.0,48.90473750475998
train,44.0,32.72066438063558
train,34.0,46.08701429472778
train,30.0,40.65273087272486
train,24.0,23.619023500216095
train,38.0,53.06641651674481
train,54.0,40.07084198851917
train,59.0,64.06344533697461
train,61.0,59.19133491675938
train,63.0,45.76131114712174
train,54.0,63.857708852704064
train,36.0,45.01874090440117
train,68.0,37.44910631958772
train,54.0,54.80306413699423
train,56.0,54.629896484063835
train,24.0,25.060963345559443
train,50.0,49.11503480642845
train,30.0,34.87428110900354
train,48.0,56.489577059824484
train,18.0,15.158378268306606
train,48.0,44.34766043323149
train,68.0,57.76048429040059
train,61.0,44.04298078859538
train,61.0,58.56294369512573
train,18.0,53.21802930237542
train,50.0,55.39173815781501
train,30.0,45.07200037369434
train,50.0,46.24392752597698
train,54.0,64.23230411773572
train,50.0,50.222944976801884
train,42.0,37.069207098031185
train,63.0,49.81580272788383
train,46.0,61.85241063474115
train,48.0,53.171379989840595
train,63.0,53.76590879912671
train,48.0,53.16124841306898
train,15.0,44.04458297074709
train,24.0,26.08234667333751
train,48.0,50.140097837023475
train,38.0,36.87744505459689
train,61.0,58.70552510381134
train,52.0,55.237056795240036
train,50.0,46.05766863590077
train,63.0,51.23228546576931
train,61.0,58.34489983155548
train,61.0,59.52842665823908
train,46.0,48.88283591083398
train,63.0,51.543515801567025
train,61.0,57.8139308610757
train,24.0,23.578623558117414
train,30.0,40.383441302865194
train,34.0,35.03914494469317
train,18.0,24.082696002531183
train,44.0,41.884459047318224
train,42.0,39.37145726301169
train,54.0,56.753284647231666
train,34.0,33.77887743388242
train,24.0,24.64946133924671
train,59.0,63.47398711237489
train,44.0,42.71056615854461
train,18.0,28.11117044976223
train,61.0,59.12830076460067
train,68.0,61.562058202220314
train,34.0,34.43376185070406
train,54.0,56.247887035455555
train,68.0,44.187509410968836
train,44.0,42.54988934035171
train,61.0,58.720366299624956
train,50.0,54.93537120572273
train,24.0,21.921583788190407
train,18.0,16.78960828478856
train,46.0,48.722882436861944
train,40.0,46.5658192859814
train,40.0,46.41039782329273
train,36.0,36.35646777082579
train,44.0,39.40837434131021
train,38.0,33.592133928196375
train,54.0,58.04401168621179
train,15.0,25.29578123032224
train,46.0,46.72720477997824
train,34.0,38.61098781649392
train,38.0,37.880498357675194
train,50.0,46.00728017021205
train,63.0,49.80593906669829
train,61.0,57.42931686327193
train,48.0,52.32287880193266
train,24.0,22.77449293251313
train,34.0,35.125483342598244
train,36.0,34.86233257951965
train,61.0,58.38414298655587
train,48.0,52.13052202218635
train,46.0,47.700394897709785
train,56.0,57.05847944340722
train,15.0,33.726916492029986
train,59.0,60.822745080824625
train,46.0,48.470118801280094
train,44.0,44.152088307450235
train,46.0,48.03878998656649
train,18.0,25.54578110477835
train,46.0,48.73959137855568
train,52.0,51.614780406594484
train,56.0,58.582156933824216
train,24.0,23.940777539600916
train,54.0,54.77699187651268
train,24.0,25.301630231845596
train,38.0,41.51148223775973
train,68.0,43.00602044562872
train,61.0,59.29619416081752
train,68.0,61.90256173674023
train,15.0,24.68536680043314
train,42.0,29.67862298814687
train,68.0,61.538288455565684
train,56.0,54.7705575373183
train,44.0,40.948732104779374
train,63.0,46.29287315891165
train,44.0,44.99314039953471
train,42.0,56.94976382117031
train,15.0,34.979390981675785
train,34.0,33.456350658996755
train,52.0,43.63806912207433
train,18.0,28.37311442434394
train,36.0,25.58525921420957
train,48.0,45.3249676580434
train,59.0,29.667949200050682
train,15.0,30.12918454639435
train,48.0,51.571553621063785
train,18.0,22.294057063384844
train,38.0,43.726868528223086
train,50.0,48.1860695597332
train,46.0,48.42996801672016
train,52.0,50.61825057999611
train,50.0,52.915754932249115
train,48.0,55.71463403111701
train,40.0,40.40628409284947
train,59.0,43.00426143314431
train,63.0,51.66360749264086
train,30.0,49.273014886367996
train,42.0,34.49853133125548
train,50.0,50.9402131035952
train,63.0,50.6758542690478
train,24.0,26.349574880281594
train,63.0,48.05316312058666
train,46.0,51.99349836614954
train,61.0,58.46221482145252
train,24.0,24.080276989099055
train,68.0,58.86634250683615
train,34.0,33.66940897013127
train,18.0,45.133688810559235
train,30.0,37.02713819331147
train,40.0,55.336194431976196
train,50.0,53.897959551820975
train,15.0,31.654649091752812
train,36.0,39.648782864865765
train,68.0,43.50332894445702
train,68.0,58.14982627211299
train,24.0,28.17255041096471
train,59.0,55.75419380586134
train,61.0,58.92499061767753
train,18.0,21.675245231889324
train,50.0,50.804726295706786
train,18.0,38.14163460463499
train,54.0,61.39330564412849
train,48.0,51.412271155687435
train,50.0,48.039346623239254
train,54.0,57.716646607406076
train,59.0,53.93639285293341
train,44.0,40.21224942419191
train,63.0,47.674387356239215
train,68.0,56.86642586640003
train,50.0,49.241329214779185
train,50.0,37.142293462204215
train,52.0,50.679298616128435
train,63.0,52.14261594506894
train,30.0,34.73298888814742
train,50.0,53.52963768554244
train,52.0,51.1479356561797
train,18.0,23.412984786108424
train,50.0,52.47107650475455
train,56.0,52.93083522700683
train,61.0,57.78076032672273
train,54.0,60.20954222056683
train,59.0,61.00721676233364
train,30.0,38.445865131146945
train,30.0,32.764541393771275
train,18.0,18.689376194306817
train,46.0,47.524886463227986
train,56.0,54.45509690122032
train,61.0,59.410065786683916
train,18.0,32.18259897093944
train,38.0,30.463376113962802
train,24.0,25.519188229900912
train,46.0,47.09716814641146
train,50.0,54.63313602369547
train,50.0,48.33411674245614
train,30.0,39.18498783161157
train,56.0,53.067253818463534
train,61.0,58.43073415794903
train,59.0,58.356309295616484
train,30.0,42.97647668129174
train,40.0,43.3678873764328
train,46.0,48.85570134960468
train,24.0,24.933616779940454
train,46.0,46.32632216577401
train,44.0,40.46053689351685
train,61.0,59.27204613068022
train,63.0,55.99388176711149
train,48.0,51.93214528661354
train,63.0,50.348065507217626
train,42.0,41.438272069498524
train,18.0,18.585295590123568
train,15.0,41.911799513319984
train,56.0,51.68644868452737
train,61.0,58.27196176889338
train,15.0,26.322299772874242
train,24.0,22.96574739196352
train,54.0,49.362717823401525
train,24.0,24.644539223078613
train,61.0,56.490496139312896
train,46.0,49.74146879694814
train,63.0,47.28281715437931
train,61.0,59.29082091504518
train,59.0,58.02453351467442
train,18.0,19.419048717460292
train,18.0,20.873897527016005
train,68.0,59.10518454104378
train,50.0,50.946018893218294
train,63.0,52.57230335229237
train,44.0,45.65028532078234
train,34.0,32.45428891244097
train,40.0,37.64239031821707
train,44.0,44.3456016676997
train,42.0,43.84791016338325
train,52.0,49.41329659200029
train,54.0,61.59951367270862
train,48.0,53.18119653392672
train,59.0,59.51520871135247
train,54.0,52.34370571428081
train,61.0,60.51014415949186
train,50.0,62.219739520346025
train,59.0,55.82368981458759
train,61.0,58.17084908962123
train,54.0,54.05719240885979
train,34.0,29.299431178837352
train,50.0,52.918858592840486
train,54.0,59.87336045472189
train,59.0,58.52705136434799
train,54.0,62.99212625862077
train,24.0,23.468635703350817
train,36.0,26.811771180802793
train,30.0,34.90152392755744
train,42.0,42.835064534488
train,34.0,38.49534614694571
train,63.0,54.28013217332039
train,61.0,57.33573761179601
train,52.0,31.510861034922534
train,18.0,8.43493382728979
train,18.0,27.849806184185155
train,40.0,35.7281815644851
train,24.0,29.601859785554595
train,48.0,53.55152406372729
train,15.0,29.84286339251777
train,24.0,24.382823810295086
train,36.0,16.63654419800507
train,50.0,49.22334680805149
train,54.0,58.940799358307196
train,46.0,46.22194263969295
train,38.0,47.184905528657964
train,52.0,46.057696956507854
train,63.0,49.84754701155341
train,40.0,40.75274934903454
train,59.0,57.11792361889835
train,36.0,41.809132389789966
train,63.0,48.45466222672227
train,18.0,22.851144618443783
train,30.0,37.15762784687427
train,40.0,47.08009505657859
train,18.0,20.29402473214523
train,56.0,54.355383172020524
train,24.0,24.423659118577856
train,38.0,36.388577210522506
train,61.0,56.95113316375969
train,48.0,50.524515411677214
train,63.0,48.410616193138395
train,18.0,14.97660763474569
train,61.0,60.94587593316778
train,50.0,56.90000571475733
train,44.0,40.253883945314875
train,63.0,48.261284872475855
train,50.0,55.003997748602536
train,63.0,52.87373968119897
train,46.0,48.72888636952262
train,30.0,39.67883767282227
train,42.0,38.772448251579945
train,50.0,49.76828357774329
train,52.0,52.81146083127759
train,46.0,45.40198372925498
train,34.0,36.20417297122604
train,18.0,19.65679521372833
train,63.0,53.04113978374477
train,46.0,46.75826622695858
train,44.0,45.86315303974608
train,15.0,26.75502878129643
train,44.0,39.46846562027439
train,63.0,47.61759654888157
train,54.0,59.585317618336354
train,50.0,53.157815037965946
train,15.0,29.629420052307186
train,18.0,21.38988779802889
train,38.0,35.73053073343696
train,50.0,49.06536625233598
train,30.0,35.52309855713349
train,48.0,43.63690924946742
train,15.0,36.92165046738737
train,18.0,16.22708704743916
train,61.0,58.77743819545484
train,48.0,52.920259208511006
train,63.0,49.48695649184749
train,36.0,13.012303905285677
train,48.0,53.36704791907705
train,59.0,57.24544686119454
train,50.0,48.835834579540474
train,48.0,41.77961206623262
train,24.0,20.085166880008646
train,46.0,46.834528834795854
train,46.0,47.92135252384829
train,30.0,41.18662812417239
train,30.0,33.30888162639077
train,63.0,49.9043074578082
train,38.0,44.510769944677286
train,50.0,54.58943363358754
train,68.0,45.7699366071905
train,54.0,55.60858615320247
train,61.0,58.71466005994965
train,24.0,25.881251020584315
train,56.0,55.503182997040994
train,18.0,18.334287089257856
train,38.0,35.98740324740942
train,18.0,27.28553067778386
train,34.0,32.965959948678766
train,38.0,36.89261215683044
train,46.0,46.350541440307175
train,30.0,31.7031135748769
train,42.0,24.339777060107895
train,52.0,53.97048931168787
train,18.0,20.42545689671891
train,15.0,41.46794214634548
train,24.0,24.132844304139077
train,24.0,20.961838625844102
train,24.0,25.79627123998739
train,61.0,56.989423237118416
train,50.0,49.382610825249564
train,30.0,40.124285845141706
train,50.0,54.437927379046634
train,50.0,49.94020930531841
train,34.0,43.76666134465762
train,24.0,23.516159085426125
train,38.0,33.31067487719222
train,63.0,46.26570291923532
train,15.0,34.92158438440103
train,50.0,55.64847844525037
train,54.0,53.99288519780487
train,24.0,24.976467996772847
train,48.0,57.23304065656937
train,24.0,22.599359896069508
train,56.0,57.06178862862812
train,30.0,36.55065462335401
train,36.0,28.49897712175848
train,24.0,21.28397660822783
train,68.0,58.245226279308355
train,38.0,35.27635871634255
train,24.0,27.400323745740366
train,50.0,56.33052616769193
train,54.0,62.58581521038431
train,15.0,29.4476216905771
train,50.0,52.475736410112845
train,18.0,16.98742481993266
train,59.0,30.55953704418864
train,56.0,40.10451745058882
train,56.0,50.28899443065413
train,34.0,34.302051732691176
train,50.0,49.503021750685534
train,44.0,46.78706119061929
train,15.0,26.70842330676444
train,56.0,50.476714513406414
train,54.0,54.88474940960569
train,59.0,61.302398047544685
train,59.0,56.78733898646829
train,24.0,26.66115587396863
train,48.0,55.04762582750581
train,59.0,57.64044525514838
train,18.0,23.733537407581583
train,46.0,46.5382442333087
train,15.0,34.381589304191955
train,15.0,30.76282010725125
train,61.0,58.327463116237745
train,18.0,24.942550863106412
train,56.0,56.56657809038883
train,42.0,42.76060953213162
train,24.0,25.550025933458667
train,30.0,35.44634552372163
train,18.0,40.37755083023087
train,50.0,52.39169675168144
train,61.0,58.74038916851656
train,59.0,53.060396435561074
train,30.0,38.59054931396588
train,50.0,52.00570099949658
train,24.0,25.427284428039247
train,61.0,59.51956001005082
train,48.0,54.86491517528187
train,44.0,42.07033359930982
train,63.0,45.31261845220237
train,18.0,20.67426485177365
train,52.0,53.63434891208821
train,30.0,39.14629504394553
train,36.0,27.047141894320784
train,68.0,45.68153091609229
train,30.0,35.56817563177981
train,63.0,49.69478869171
train,36.0,47.08176994919597
train,63.0,48.12683852299021
train,24.0,22.526947794475394
train,46.0,47.04332996429502
train,38.0,43.712535847677444
train,34.0,32.859855428597434
train,15.0,34.25212105042565
train,52.0,52.18958527270435
train,44.0,44.59527639241397
train,59.0,35.220179176881345
train,24.0,18.17103801390885
train,24.0,26.002476923938396
train,54.0,45.843384358604226
train,54.0,57.15949618338185
train,18.0,23.177057579374292
train,38.0,41.19765584500532
train,48.0,41.275722600764276
train,50.0,38.20141568005341
train,30.0,42.05681843212483
train,68.0,58.667889401094
train,18.0,16.851272763496095
train,34.0,43.42774097261666
train,50.0,46.88577105009831
train,56.0,54.86292441424425
train,48.0,51.018662667066
train,68.0,59.645725675442755
train,36.0,31.07215083208262
train,36.0,35.47060337729104
train,68.0,58.350343103469626
train,52.0,50.568080067372456
train,24.0,22.032757526404513
train,18.0,19.107258579892044
train,44.0,41.85383164882392
train,52.0,51.15278845084137
train,52.0,50.959345009961766
train,50.0,50.00772329022435
train,61.0,59.83578118323024
train,34.0,35.78076153368741
train,34.0,34.96367336666824
train,48.0,50.66010343401869
train,30.0,41.433605292095784
train,50.0,49.726355399446945
train,68.0,58.179448520041205
train,18.0,18.29854350940579
train,38.0,34.48633824023501
train,54.0,55.190460547970126
train,30.0,42.60288325124785
train,15.0,21.509207763394702
train,15.0,32.29637462809379
train,18.0,14.02168038985748
train,52.0,54.81283280331342
train,46.0,50.360762232501216
train,61.0,57.003989300475
train,56.0,54.49683665186331
train,24.0,20.576388232610803
train,56.0,54.79786352884809
train,30.0,29.65444509196014
train,61.0,58.507330334372796
train,54.0,43.23987101281655
train,30.0,44.557534216911414
train,46.0,47.31573805035322
train,42.0,46.87206390325514
train,15.0,24.18869800123406
train,63.0,51.70339706232828
train,24.0,27.123511372136054
train,61.0,61.0724087621572
train,38.0,38.94192192860265
train,36.0,47.826951834999136
train,40.0,34.11817571774446
train,18.0,21.176730837586266
train,46.0,48.25584773525611
train,59.0,43.944937081165314
train,15.0,32.007901071200834
train,48.0,51.25945066327488
train,54.0,61.00731960909617
train,54.0,59.23174884666709
train,36.0,47.432051741145784
train,38.0,35.34268362301315
train,34.0,35.72830543613146
train,30.0,37.137547249746405
train,38.0,38.4198800779536
train,63.0,52.04304641448702
train,63.0,56.91603455126555
train,18.0,31.87477643868256
train,38.0,28.697531481444166
train,15.0,30.934333959988507
train,68.0,58.05988932886393
train,68.0,59.92205845289176
train,15.0,23.870250419176095
train,24.0,27.803135300137736
train,68.0,44.0124163795263
train,30.0,29.041953723589458
train,59.0,60.95070659635259
train,61.0,56.34276676616794
train,59.0,49.839512423274755
train,24.0,27.264217588670757
train,56.0,54.42264336402231
train,63.0,45.05507309714865
train,56.0,54.45926298940072
train,54.0,46.69908745675295
train,56.0,54.34743382993382
train,18.0,21.334358875166235
train,50.0,54.80276423637548
train,36.0,35.740076191961954
train,56.0,57.47187590767098
train,18.0,50.94039300368096
train,34.0,34.338261062284744
train,40.0,45.80554085546069
train,63.0,52.61803949677765
train,24.0,26.159640681816757
train,30.0,39.78823239683219
train,54.0,54.06006184013472
train,50.0,47.217194768634954
train,24.0,29.3655915924927
train,52.0,48.76260437371085
train,68.0,60.61177564199487
train,52.0,53.61545298117149
train,44.0,45.269045592204705
train,24.0,20.00543138397749
train,42.0,41.43675871840235
train,46.0,41.78361937408302
train,54.0,50.52601552475551
train,18.0,13.822366779666194
train,61.0,58.11318972544991
train,24.0,22.861739593819276
train,50.0,48.44454241286734
train,44.0,44.23320446266508
train,24.0,22.788076711187184
train,24.0,23.377480396090984
train,46.0,48.962280416077064
train,63.0,50.3399534592513
train,61.0,46.77398453409312
train,15.0,29.792651956275467
train,59.0,59.316697754174044
train,68.0,60.98715890961512
train,24.0,25.524465266455618
train,50.0,51.56470345224271
train,63.0,48.846165014086324
train,56.0,51.59042757060219
train,50.0,54.47466910761495
train,61.0,59.96222559166026
train,61.0,57.943694064513245
train,56.0,57.394927312105025
train,59.0,31.967619128202923
train,63.0,47.5837440395083
train,30.0,36.029989209886615
train,52.0,53.23251062812834
train,15.0,27.362290144320752
train,30.0,39.29928704393986
train,50.0,42.814903527137744
train,50.0,47.09317119391123
train,15.0,31.64841067770235
train,24.0,23.89787524977615
train,18.0,14.169633163565834
train,24.0,20.065336419647306
train,15.0,40.51933713548605
train,54.0,49.26907359610904
train,36.0,26.79640764590056
train,18.0,17.72967373410028
train,15.0,31.596929350567933
train,54.0,63.66036984053015
train,48.0,42.62931875123651
train,42.0,40.971303239988195
train,52.0,51.8356092913608
train,38.0,37.06799281796417
train,46.0,48.88097168548625
train,24.0,24.530483732844623
train,52.0,44.3670164314943
train,18.0,18.817008938297377
train,46.0,41.809469772458634
train,42.0,41.597952724396194
train,59.0,58.5768716969823
train,18.0,29.818143432896036
train,48.0,53.13193437315961
train,50.0,53.89032397016499
train,50.0,54.71549945452277
train,50.0,53.86651956227851
train,38.0,35.160749672799724
train,36.0,32.621035712719404
train,34.0,35.87084755270786
train,52.0,52.70461672961583
train,63.0,46.08174020141421
train,36.0,48.0926322934644
train,61.0,58.370264160067194
train,46.0,47.71806339417375
train,42.0,39.55688474187541
train,24.0,25.903704105098655
train,38.0,32.57899881206714
train,15.0,25.40825031504125
train,56.0,56.22316868704665
train,52.0,55.18623095497844
train,50.0,47.64756437804489
train,48.0,52.710474698566536
train,56.0,51.915096959765535
train,54.0,53.42987404989374
train,52.0,51.077095387273104
train,56.0,37.742309963549125
train,18.0,15.241911278502783
train,59.0,59.59124811394345
train,18.0,25.51160957104412
train,63.0,55.93794236438779
train,24.0,23.866328299418516
train,18.0,18.367796253490816
train,56.0,50.16685998541226
train,30.0,35.24171560101178
train,46.0,53.91974468866641
train,15.0,50.33647527376496
train,63.0,50.404693021629804
train,24.0,28.471711234656826
train,42.0,41.31176422694509
train,50.0,46.48432368644544
train,24.0,22.414510720771833
train,50.0,44.960690745992004
train,44.0,45.74596009719395
train,56.0,50.21302850938429
train,61.0,58.106779098885994
train,54.0,63.49846992047213
train,38.0,39.145405675721676
train,46.0,44.51238950963744
train,42.0,40.917616876921656
train,52.0,54.21625678086731
train,54.0,52.12993929026463
train,44.0,40.90425385998003
train,52.0,52.97944248695499
train,54.0,58.53370238019538
train,42.0,43.05524842325647
train,18.0,24.73354201721352
train,61.0,38.06020835433891
train,24.0,21.712627443321132
train,54.0,40.44714952974739
train,40.0,46.78230920274551
train,44.0,43.31421508144106
train,15.0,32.088765875321194
train,61.0,59.892809737935174
train,52.0,40.63842641959935
train,50.0,53.61549982377201
train,50.0,50.97625820297734
train,18.0,46.39038491340668
train,50.0,43.35775200913475
train,61.0,58.26882425585141
train,68.0,57.922491361515334
train,36.0,43.64978956083729
train,36.0,32.4400754062729
train,59.0,40.94726380371558
train,54.0,40.40067229974625
train,42.0,41.74012844518582
train,46.0,47.16088444713114
train,61.0,57.77580827718842
train,50.0,52.101684871548436
train,24.0,23.84232300935401
train,30.0,35.398830425022815
train,34.0,31.56915082894183
train,46.0,43.9525059734461
train,15.0,45.66056018313753
train,24.0,16.89004454154172
train,48.0,53.67820037719449
train,24.0,17.50171647652687
train,59.0,60.22121626260288
train,30.0,33.49935548832421
train,61.0,58.84269272277939
train,40.0,43.62052962188321
train,44.0,41.742911805842596
train,59.0,51.868421991798066
train,30.0,36.061449108135065
train,38.0,42.44810205197936
train,44.0,44.69405053316858
train,42.0,47.929537223768605
train,68.0,59.885134564543094
train,50.0,38.64558905931368
train,18.0,21.221898627464494
train,36.0,23.039091540924982
train,24.0,27.755051787460566
train,30.0,38.80840934062778
train,63.0,46.879207624177035
train,38.0,29.475569144438495
train,30.0,37.83862794412619
train,34.0,37.80673383819527
train,42.0,42.7493318977881
train,59.0,59.88972188193266
train,48.0,51.214825368338296
train,24.0,25.570468181038205
train,36.0,28.737017726867247
train,63.0,52.46075251082223
train,34.0,32.00219254750053
train,40.0,46.79005322595787
train,34.0,29.897964015695166
train,68.0,58.421375063373134
train,15.0,28.54264408414564
train,63.0,48.193509062670245
train,61.0,57.17635032826786
train,30.0,38.59402814713654
train,63.0,51.765149429735814
train,30.0,39.43344863782316
train,15.0,29.269631103787088
train,30.0,39.22482465461228
train,59.0,63.486632703524805
train,54.0,52.181479648422325
train,56.0,49.20244193382609
train,38.0,34.17967535143682
train,18.0,18.84879049698732
train,59.0,48.37126353201795
train,59.0,38.45527838488939
train,52.0,58.54383546089843
train,63.0,51.462443058151905
train,59.0,44.78181965994427
train,42.0,51.53004409671233
train,61.0,57.169750878817574
train,52.0,52.29650323287457
train,61.0,55.678545042061835
train,24.0,22.802212886051983
train,24.0,27.002593081448488
train,36.0,50.13786086895302
train,40.0,41.3604962256442
train,63.0,50.32569174309752
train,24.0,24.17035110131138
train,54.0,55.098700649035564
train,34.0,36.7783980620627
train,48.0,53.44187195046363
train,38.0,46.618389513606296
train,52.0,57.50695672149118
train,36.0,44.14919727223593
train,68.0,58.99223021826691
train,46.0,46.98623765692892
train,61.0,58.21027148961051
train,44.0,37.85873288092336
train,61.0,59.16167026979875
train,18.0,20.857011549318518
train,46.0,46.29467292853652
train,50.0,44.368163258475775
train,56.0,51.72687062432654
train,18.0,51.773737854346024
train,36.0,31.047698740976898
train,46.0,49.85128710975155
train,56.0,56.309948904778125
train,30.0,40.95861253210879
train,42.0,54.634819713755064
train,38.0,31.196973850441676
train,50.0,53.08055604007464
train,59.0,58.21287767967825
train,42.0,33.35888785073014
train,56.0,54.18400975505818
train,36.0,47.15694436651462
train,18.0,19.67959593662257
train,61.0,58.2737901580966
train,56.0,54.35694053128046
train,24.0,21.871209393453064
train,46.0,49.912779142024036
train,42.0,42.28511021519937
train,54.0,44.95456872387462
train,68.0,58.270988200743815
train,38.0,41.1017688411193
train,68.0,58.08524454786513
train,56.0,53.15929453777968
train,34.0,42.09015677452132
train,44.0,46.304095913258
train,56.0,51.764630133349755
train,48.0,51.61280564691239
train,30.0,33.18092054617942
train,18.0,15.170944964388667
train,15.0,26.857653199984046
train,18.0,40.84717373349426
train,61.0,57.67704875500289
train,56.0,53.697601847786274
train,40.0,45.531914919074474
train,52.0,54.19024036607544
train,38.0,39.12917051897257
train,15.0,30.92328413276179
train,52.0,52.91135827294405
train,34.0,40.34923639247366
train,50.0,53.66799798125766
train,61.0,57.52432405469226
train,59.0,31.1116763108347
train,68.0,60.272200983002165
train,52.0,53.638249512146096
train,15.0,34.89495255115085
train,68.0,60.14280582782545
train,59.0,59.60364551251631
train,38.0,38.88685285838113
train,54.0,41.50641559594348
train,56.0,51.90961898835026
train,61.0,57.297733999989745
train,38.0,35.85465456902297
train,63.0,52.76432732198697
train,59.0,37.48139996811936
train,36.0,27.894558497736995
train,44.0,42.45854004161965
train,54.0,57.82993007515094
train,44.0,43.20271597133653
train,34.0,32.05786043618035
train,38.0,41.70258195551837
train,46.0,50.20088875171723
train,36.0,45.10807553371102
train,15.0,23.66300409566832
train,61.0,57.206625745168694
train,52.0,52.05417884742374
train,15.0,32.10458640668786
train,56.0,54.34743981662135
train,44.0,42.88577151251825
train,18.0,27.084571409334576
train,63.0,50.27739137042688
train,59.0,59.76146755824447
train,36.0,24.14817015929296
train,38.0,38.79355919671479
train,44.0,43.176959877464675
train,30.0,37.809601354251186
train,48.0,45.95725927636949
train,24.0,27.562308586731657
train,15.0,23.818649085564264
train,46.0,45.937711433277485
train,54.0,61.8722306824714
train,15.0,30.61262975402461
train,24.0,24.727979616087026
train,46.0,50.54290662363542
train,30.0,37.47539132042111
train,30.0,59.462023657756234
train,30.0,38.66394252733529
train,24.0,26.88653780000361
train,56.0,56.543881974768695
train,48.0,50.19204119350199
train,24.0,22.59576234647617
train,63.0,46.256919159346346
train,36.0,30.253934370704066
train,24.0,24.535365300330923
train,30.0,48.748348072862775
train,61.0,43.24794336741676
train,61.0,59.46884530902665
train,24.0,25.81392304255208
train,50.0,52.849079895142864
train,61.0,60.07136646473688
train,59.0,60.59749234051466
train,38.0,49.15892086035903
train,24.0,27.161807377939617
train,48.0,49.442667749796854
train,61.0,58.58850143455884
train,40.0,44.41421071970616
train,38.0,46.71550404467226
train,50.0,46.302992918624
train,38.0,35.00950316797396
train,46.0,54.1642558109264
train,36.0,39.48351722148819
train,42.0,40.769767443404106
train,59.0,57.55093034310492
train,50.0,58.83578875938363
train,50.0,54.237485308053905
train,42.0,43.46983030098981
train,40.0,43.2425219691611
train,24.0,24.669581802736964
train,63.0,39.45879781549501
train,50.0,56.81759160975923
train,56.0,53.891220890018
train,59.0,42.179475776660155
train,56.0,54.6782381489149
train,38.0,31.248128651740345
train,59.0,62.925560408370686
train,44.0,41.81299284906785
train,59.0,59.02709193514019
train,63.0,49.92105154383873
train,46.0,51.204538697895494
train,30.0,35.40373502872707
train,44.0,40.41717021121045
train,52.0,56.225632797791455
train,40.0,43.15095154808083
train,68.0,57.33308035091645
train,24.0,24.241627346651914
train,50.0,52.622513050957096
train,18.0,17.175597275556402
train,46.0,45.03018954549039
train,61.0,58.05881975042301
train,50.0,51.246459328546116
train,15.0,40.53091603233924
train,15.0,31.00372846236926
train,52.0,52.49491544908693
train,24.0,19.259557910306345
train,44.0,42.28548957955412
train,46.0,40.550008021683475
train,24.0,28.751618793310982
train,61.0,58.93054883364566
train,36.0,48.889683625959705
train,63.0,50.73339383820178
train,24.0,21.63956378132717
train,24.0,20.42971324207626
train,52.0,53.453823196226466
train,48.0,56.26776146043769
train,48.0,57.23651687028345
train,15.0,32.70737742228991
train,63.0,50.61456410925217
train,38.0,36.97104699818472
train,18.0,45.4963890668208
train,50.0,51.361916777424696
train,59.0,42.63411343185141
train,15.0,33.4323943151917
train,54.0,39.0053747335161
train,30.0,39.21960692559158
train,30.0,34.07369816104726
train,56.0,56.12044507350195
train,38.0,44.3697707143064
train,50.0,55.25745142085505
train,30.0,32.47172232338035
train,18.0,18.14773636919535
train,46.0,47.52299266032765
train,50.0,49.54343172486885
train,30.0,34.61376636694095
train,40.0,46.142005051118225
train,50.0,52.111064112231645
train,59.0,62.34531769352631
train,30.0,35.61786312672531
train,30.0,36.39443891528855
train,50.0,50.98472325466929
train,18.0,18.524081474549583
train,36.0,48.47621557944871
train,44.0,44.72307998259998
train,24.0,24.147053562487876
train,30.0,38.88281101657204
train,24.0,25.683359609988194
train,48.0,49.958824149346576
train,34.0,34.58377244225869
train,48.0,55.00646021271484
train,42.0,44.55397050152407
train,54.0,37.740076823550034
train,63.0,52.34062273457066
train,30.0,38.51839829416193
train,34.0,35.16579939059494
train,54.0,61.029860508653705
train,56.0,44.59880370863776
train,34.0,34.62759986239965
train,44.0,41.62921746913426
train,61.0,56.65124594654517
train,36.0,42.216056897668416
train,61.0,59.368882852643644
train,18.0,31.32732432075568
train,36.0,32.590470980734395
train,46.0,48.27170031777103
train,54.0,63.1587703187289
train,38.0,35.599997237205415
train,54.0,57.67899838225346
train,63.0,45.27914551711008
train,61.0,56.88850331003045
train,50.0,51.97727634695299
train,24.0,26.837124387680262
train,42.0,39.641581389462985
train,24.0,25.178819836744022
train,36.0,40.354371360836616
train,68.0,59.430046022909245
train,38.0,34.54947557293494
train,50.0,54.35195495277468
train,36.0,28.704042657756883
train,59.0,37.5700648688196
train,24.0,27.360681787321358
train,50.0,51.904658771795454
train,40.0,45.98031779949682
train,68.0,43.561360300663885
train,52.0,53.13137543416751
train,34.0,32.372030720442396
train,46.0,47.41165728300875
train,18.0,49.98451024710853
train,54.0,64.24828595968708
train,15.0,38.33798710302405
train,30.0,36.37045149867458
train,30.0,39.899375091055305
train,48.0,54.64705099341897
train,38.0,44.27305618954012
train,36.0,36.15951434720933
train,15.0,22.985748182668438
train,56.0,57.76396622997963
train,36.0,44.516671347325264
train,24.0,21.992162529603338
train,15.0,29.218488532327548
train,44.0,39.78705837107946
train,63.0,48.868701609713895
train,61.0,56.023448997030435
train,68.0,49.130339865617785
train,24.0,31.117208841401187
train,52.0,54.67786752275171
train,50.0,55.910729651422585
train,50.0,52.40202200074141
train,40.0,46.849353616761974
train,54.0,59.89446849474534
train,59.0,59.30483230498645
train,24.0,23.723840714811466
train,15.0,32.698565656140644
train,30.0,39.43537262189619
train,40.0,42.50441431524638
train,63.0,49.16140606143485
train,18.0,12.364863089867413
train,18.0,18.350889680540664
train,42.0,53.006427343448
train,48.0,51.09796451995316
train,54.0,61.28825879668142
train,52.0,54.800107816675364
train,68.0,60.40626093000641
train,18.0,25.52256059729916
train,61.0,58.27655486397009
train,42.0,42.218408568100756
train,50.0,55.74483959574223
train,44.0,44.19974039717355
train,46.0,44.39571250220518
train,56.0,53.05221059979634
train,54.0,58.53081434137929
train,24.0,22.730645605562223
train,38.0,36.610845894421395
train,48.0,52.321313135791414
train,59.0,57.26701112767631
train,30.0,35.66788479872072
train,18.0,20.22754460943769
train,59.0,42.37828651712446
train,68.0,60.804657838403
train,18.0,18.135200231384673
train,52.0,50.01977440931984
train,50.0,50.06613470649616
train,44.0,47.516540363697025
train,52.0,50.84010334724946
train,18.0,32.05483917206341
train,46.0,50.186052341234294
train,30.0,39.92844430526239
train,63.0,47.1698665497539
train,38.0,29.070459984291382
train,63.0,41.675826204560224
train,61.0,57.84506032113602
train,46.0,48.87697387544087
train,24.0,18.453583053762895
train,56.0,43.12817920993224
train,50.0,39.13685575669882
train,52.0,54.555509354520964
train,63.0,54.50862505603823
train,61.0,58.76768901651732
train,46.0,39.71663469439807
train,63.0,46.23588229256157
train,63.0,45.80051687568616
train,61.0,58.871774800282665
train,52.0,45.275168282015805
train,30.0,40.756120749593585
train,44.0,43.16338564847967
train,61.0,57.83420436758989
train,44.0,43.366570055722214
train,24.0,22.579756253611666
train,18.0,42.80028234191399
train,54.0,60.878460819406186
train,24.0,23.481542161118306
train,18.0,22.84240936812791
train,24.0,23.760147511997534
train,42.0,37.74723077175794
train,30.0,39.82929881350549
train,24.0,26.925198174162173
train,68.0,60.34111189832125
train,15.0,24.648888431088235
train,34.0,34.95071723271241
train,63.0,51.07562733112854
train,15.0,40.005939426987794
train,36.0,29.89500816443674
train,59.0,61.630041584876786
train,40.0,43.826693576455924
train,54.0,63.02072733838587
train,50.0,48.33613737141631
train,68.0,48.742587242121374
train,36.0,37.72228615659701
train,50.0,48.70360154086656
train,36.0,30.35929604971082
train,24.0,20.15040295587704
train,34.0,36.804659825935886
train,36.0,32.77659907196483
train,34.0,30.87186667407684
train,34.0,38.43589576996872
train,59.0,46.603057796236754
train,18.0,20.273158207823442
train,15.0,46.12997142069072
train,63.0,44.42775000258271
train,34.0,35.05722271441222
train,63.0,48.27221977117162
train,42.0,31.611542299955154
train,15.0,21.7694879691027
train,24.0,25.36582656499128
train,40.0,43.435832385838715
train,54.0,58.68294651247071
train,68.0,56.277059293225875
train,36.0,44.877217607169364
train,63.0,46.91036382193893
train,50.0,47.24417896145923
train,38.0,30.312821078013524
train,42.0,41.03595754585036
train,38.0,31.250819362574518
train,46.0,53.70652387707499
train,38.0,36.04966648767973
train,52.0,54.87425277439326
train,63.0,46.975523654285006
train,15.0,32.305431224261376
train,50.0,49.74564288087489
train,52.0,56.836607845906485
train,24.0,25.750033027476967
train,40.0,44.22961782340716
train,38.0,34.60334218094751
train,34.0,51.074049239558846
train,18.0,12.466326284028995
train,38.0,33.9276082465069
train,36.0,31.26373392878545
train,63.0,45.51600532235475
train,63.0,43.09292508850172
train,24.0,24.193663831588076
train,63.0,52.9868495117745
train,34.0,33.37857936240545
train,50.0,54.89453753783151
train,61.0,59.413824262020356
train,61.0,59.78220022723053
train,44.0,41.951927616629675
train,18.0,46.020354798389214
train,50.0,52.389437469258745
train,68.0,47.04492596483144
train,18.0,24.778179274838745
train,30.0,30.59718965577637
train,38.0,38.29444959540421
train,52.0,52.3760201068731
train,24.0,28.966363000224284
train,63.0,49.868185657545446
train,68.0,57.22648301449729
train,68.0,61.11350481810895
train,50.0,53.97314234266561
train,44.0,49.95992082383805
train,50.0,45.95246865160186
train,59.0,62.59014120718777
train,54.0,65.79261735869044
train,24.0,25.357965056460436
train,15.0,40.06362755838487
train,46.0,43.36323726365446
train,63.0,48.591556893052875
train,46.0,45.08422101580004
train,63.0,47.58261741931233
train,44.0,42.88698392316668
train,63.0,65.00191621160084
train,30.0,34.60789305867138
train,30.0,43.71539438469031
train,50.0,53.02294358853137
train,50.0,39.960203376001004
train,38.0,37.179087098550525
train,44.0,42.69063228092555
train,68.0,59.17795890606747
train,18.0,25.358339637106397
train,50.0,53.31431026904403
train,48.0,53.688642496517176
train,30.0,34.24406793369497
train,34.0,36.31760996833155
train,54.0,62.978164359364044
train,44.0,47.95098961588214
train,54.0,43.7806248521493
train,36.0,31.46330139612408
train,68.0,59.819250634320966
train,40.0,40.91642734338341
train,44.0,40.276643607311115
train,56.0,52.94040070117218
train,68.0,61.17163906821011
train,50.0,47.088484465561244
train,61.0,57.47938157369332
train,56.0,54.91142944497083
train,38.0,37.15980293769316
train,48.0,51.48606994197329
train,52.0,55.03760796174916
train,44.0,44.48192253912461
train,15.0,46.872861283112556
train,46.0,45.97399212306541
train,59.0,57.24459053803987
train,50.0,50.56679705767099
train,63.0,51.774034102306764
train,68.0,58.70153325250482
train,68.0,59.76804421455745
train,34.0,42.55809508103468
train,42.0,36.15565773187047
train,24.0,23.22107518893934
train,56.0,54.413292557412355
train,38.0,38.046741620691286
train,42.0,40.923283615316905
train,24.0,24.155512071634377
train,63.0,53.62013622286783
train,52.0,41.17309243485204
train,34.0,37.375128468650665
train,38.0,35.48440487447773
train,63.0,43.23444576364753
train,63.0,48.44309194667588
train,52.0,47.25705118994672
train,54.0,41.4005418368138
train,63.0,51.239610413838626
train,68.0,57.59483312881729
train,18.0,18.127638199670397
train,68.0,59.73075358634576
train,50.0,54.89375273347004
train,59.0,58.11872334299133
train,34.0,28.130676451741312
train,50.0,9.402917306705596
train,68.0,54.07976206636923
train,18.0,23.691755280378477
train,68.0,58.11553909818194
train,63.0,44.29575232626811
train,30.0,45.5022547565027
train,42.0,42.283013536811325
train,42.0,39.56577159591622
train,46.0,47.26081762094342
train,63.0,46.340534351441896
train,24.0,19.974440685399905
train,30.0,46.840460528394935
train,61.0,57.945103041959
train,50.0,51.61458808879194
train,15.0,54.383145901162386
train,59.0,39.24287632782645
train,40.0,45.68407456484559
train,61.0,61.86531290588592
train,48.0,51.05564952076974
train,38.0,43.35699271617614
train,30.0,38.35537431714471
train,38.0,33.62298092281398
train,50.0,53.10001230935386
train,30.0,34.51099191242835
train,36.0,39.15766292043008
train,59.0,31.84590149785486
train,46.0,39.81832887826397
train,18.0,13.8785607755661
train,24.0,20.414259772135754
train,24.0,23.839530206219127
train,50.0,52.37768322813617
train,50.0,46.01565875374618
train,42.0,25.958474037841835
train,15.0,45.95636667911175
train,38.0,32.80482250217952
train,46.0,49.531211239814716
train,52.0,53.982319719461266
train,52.0,49.02690078524913
train,18.0,20.03096319657402
train,52.0,53.06410594729617
train,56.0,55.00697252757193
train,24.0,29.20003244387854
train,40.0,40.96496704364998
train,52.0,53.6741847656011
train,42.0,36.89112982493997
train,18.0,25.390959673966705
train,48.0,51.596515920431436
train,30.0,33.95605323678156
train,56.0,54.41521745259947
train,46.0,44.63955834488353
train,36.0,26.50625756144731
train,59.0,30.25230214033779
train,50.0,55.5816398995045
train,42.0,42.88402406910896
train,46.0,48.06485107072775
train,61.0,55.46395996693159
train,34.0,36.437322386369665
train,54.0,57.52770184545167
train,18.0,33.894986273621896
train,38.0,40.61788212421731
train,38.0,39.895612372286585
train,34.0,37.60441625287377
train,36.0,30.199885021181537
train,36.0,51.08576424041165
train,59.0,57.756074958767414
train,24.0,29.175030806646006
train,30.0,37.24435672230879
train,15.0,31.752360605340627
train,56.0,57.57457343279553
train,68.0,60.022548265798775
train,15.0,32.15373103284796
train,40.0,41.978252042500614
train,50.0,47.97747464586479
train,24.0,20.107651508331273
train,56.0,56.517020928432174
train,36.0,26.46521284045424
train,61.0,57.538997530193626
train,61.0,59.68311539432632
train,38.0,37.425225949877486
train,63.0,49.876075543985465
train,18.0,22.799204805701073
train,30.0,38.36132156257783
train,18.0,19.362719361335184
train,52.0,51.75355859287321
train,50.0,46.36216001872708
train,61.0,56.61811499663083
train,24.0,21.641670165366385
train,44.0,38.472828811374946
train,46.0,46.94374614328694
train,56.0,56.30762478016524
train,59.0,61.385809178498704
train,50.0,52.421470121650444
train,24.0,23.87276492859289
train,61.0,58.372750009536254
train,18.0,17.00242353475714
train,61.0,56.028411872883744
train,15.0,25.839361413011897
train,15.0,31.435827606656495
train,50.0,54.04765638633994
train,46.0,52.72089655055798
train,30.0,41.01589837540777
train,50.0,56.89934792037498
train,63.0,47.33698890189918
train,50.0,52.244498118205975
train,52.0,51.735368725396256
train,50.0,49.95463228634045
train,46.0,49.85626973936564
train,48.0,49.97429719511844
train,63.0,49.407517592082684
train,42.0,42.82515785367664
train,24.0,22.14632227213104
train,15.0,29.08924767933054
train,38.0,35.79102503057834
train,15.0,27.347237035418942
train,56.0,53.98484438555056
train,56.0,55.18588927741579
train,38.0,30.247948537393295
train,44.0,46.423703927393014
train,52.0,49.71359654261724
train,24.0,25.48150078794504
train,54.0,58.50690703269072
train,30.0,36.70920527625618
train,54.0,63.53720782117982
train,34.0,33.58391909793815
train,59.0,46.09556484077653
train,40.0,47.29935411424686
train,18.0,41.352839200344846
train,56.0,52.18203044621115
train,54.0,62.37564689916637
train,30.0,56.4342736804321
train,42.0,42.395313679046666
train,61.0,56.509174250579406
train,18.0,17.280797285321135
train,24.0,25.84326667572787
train,68.0,54.684131600631815
train,50.0,48.39256608730509
train,48.0,46.19432511980626
train,18.0,17.21477449767371
train,61.0,59.65701056457715
train,50.0,53.74730874109618
train,15.0,23.776827823961746
train,68.0,60.44087339263692
train,52.0,52.27566917918243
train,30.0,37.66134666961593
train,50.0,53.93798835466204
train,42.0,41.92173990357215
train,50.0,51.096612947669314
train,18.0,24.491393627149556
train,61.0,56.767223444546744
train,30.0,38.39704197728838
train,44.0,44.95334361761332
train,18.0,17.283098438591278
train,63.0,50.585321105249626
train,24.0,21.26719467922264
train,54.0,39.696958642541276
train,42.0,40.30354223610737
train,68.0,59.5901204584016
train,68.0,58.917944457124534
train,44.0,45.671827464768995
train,56.0,53.97652724218089
train,42.0,43.58759783000502
train,42.0,51.73671224942596
train,42.0,36.483070343722
train,52.0,53.07643300137374
train,38.0,44.437622179013694
train,24.0,49.734934981601015
train,30.0,37.57921949933911
train,36.0,34.95933594855441
train,18.0,29.24833865843599
train,56.0,56.59444474701627
train,46.0,46.750022686636214
train,50.0,51.800750546499316
train,24.0,23.427401564000682
train,18.0,26.772303875296863
train,48.0,50.6745570869152
train,50.0,53.31688585996517
train,48.0,51.22149092189785
train,48.0,52.147180415246495
train,63.0,52.89698535901777
train,34.0,36.700219067471366
train,24.0,26.066705565530725
train,15.0,32.873223973747415
train,30.0,43.63963965722119
train,50.0,55.51297754307168
train,63.0,49.38411446415379
train,24.0,29.764548727262067
train,15.0,26.162984741633245
train,44.0,42.85631486285339
train,24.0,29.352618294992244
train,54.0,57.692362652660385
train,42.0,42.41354507400451
train,50.0,54.872538038452134
train,61.0,57.93173924049268
train,63.0,50.1298340410105
train,42.0,40.09886643852435
train,30.0,36.882538681217305
train,56.0,55.536290695927704
train,52.0,52.01869487448491
train,24.0,26.747368311096253
train,61.0,60.87938728282548
train,61.0,54.844191820514794
train,44.0,43.481636915355985
train,63.0,53.12507576723948
train,40.0,45.99601338519268
train,50.0,52.6278772035525
train,18.0,28.084711404761848
train,63.0,54.226226001990966
train,68.0,58.076830416090665
train,50.0,55.44493874091763
train,48.0,57.01762828150128
train,50.0,55.31648755300185
train,68.0,62.914846451459965
train,52.0,56.48162391034805
train,24.0,20.401648285514497
train,54.0,63.5913519588901
train,54.0,63.85971747858001
train,34.0,36.255087153803956
train,15.0,19.21014621009245
train,44.0,41.9194489532535
train,15.0,25.950458303550878
train,34.0,34.97958684106325
train,15.0,25.587047617946205
train,59.0,55.50986612239081
train,44.0,46.080976371416384
train,68.0,58.53313164138904
train,56.0,56.36153452666127
train,24.0,23.766432555792445
train,36.0,30.938259439141476
train,48.0,52.021623552168805
train,24.0,23.762502516726165
train,50.0,54.89803415192347
train,24.0,24.41770220893334
train,34.0,32.51268639765056
train,63.0,48.299289438849826
train,63.0,52.02133554175344
train,48.0,52.29196997233085
train,63.0,52.12122217578771
train,30.0,33.638495916162285
train,52.0,55.37328169378417
train,56.0,54.04084188199885
train,68.0,60.902377447906474
train,15.0,30.877665591445083
train,63.0,54.544289037026324
train,36.0,32.71191647984458
train,46.0,49.781899536503786
train,61.0,60.466243139772885
train,59.0,42.478146515026594
train,46.0,45.40442627202677
train,24.0,24.99153380640741
train,50.0,56.04770072997077
train,68.0,58.63260711148515
train,61.0,58.23909349910487
train,24.0,23.07398756906226
train,61.0,59.226250674641726
train,34.0,37.31764758914612
train,50.0,50.44494009545896
train,15.0,34.202990103196214
train,42.0,40.1548737444763
train,18.0,23.33007238111745
train,34.0,37.79712389427091
train,44.0,44.47751957474402
train,52.0,52.28260737818501
train,68.0,60.96055054255886
train,50.0,57.85852260931408
train,30.0,38.713095098191445
train,48.0,46.09208354688215
train,63.0,51.51234213687517
train,61.0,59.49701458658746
train,36.0,28.28030299972138
train,56.0,54.817211523297004
train,24.0,23.950875440610325
train,50.0,27.37587889740941
train,52.0,54.430202281122774
train,50.0,48.78105996480314
train,46.0,46.39587221927335
train,50.0,38.761699278701734
train,59.0,31.819269029644307
train,61.0,56.06445887698007
train,54.0,59.322252572080124
train,48.0,53.96749129000523
train,24.0,23.370238017022356
train,50.0,42.76762072787155
train,63.0,50.29761600155521
train,50.0,47.90856162642505
train,63.0,52.780431187766055
train,50.0,45.811096291330486
train,63.0,47.664648953363276
train,40.0,40.96769930295147
train,61.0,58.512759893188075
train,24.0,22.368388230336496
train,50.0,53.086753831600674
train,54.0,46.2194931117567
train,68.0,59.56067778021704
train,52.0,51.470249320135636
train,61.0,57.50113303785805
train,63.0,50.73997069763418
train,46.0,44.70084405561103
train,36.0,31.47937779388187
train,52.0,55.43903065775504
train,50.0,52.71236341879747
train,46.0,54.82275242144105
train,15.0,31.526125386318654
train,18.0,23.488705513987448
train,52.0,27.80592841339281
train,46.0,47.63133856080299
train,38.0,40.43696429200305
train,63.0,52.39967468702226
train,61.0,60.28327902134065
train,63.0,51.09445617566331
train,56.0,56.52553248154675
train,18.0,15.161349174778874
train,50.0,53.27170248773267
train,68.0,60.431037020433926
train,18.0,17.6076451067602
train,61.0,58.00747733221239
train,18.0,17.631618183245266
train,63.0,52.226532341056654
train,56.0,55.355752629467844
train,50.0,51.87864540722778
train,36.0,49.15300267226965
train,52.0,49.57573511018144
train,18.0,17.46765265358745
train,18.0,24.609705743861703
train,18.0,21.064047373478765
train,30.0,36.63637456197776
train,46.0,44.044390784447536
train,50.0,53.434967714160955
train,24.0,25.045373168517898
train,24.0,18.59097437851424
train,50.0,51.33681271205181
train,48.0,54.6565802231692
train,36.0,47.099244890718886
train,63.0,53.93963585587392
train,59.0,57.328293458984845
train,68.0,57.80634518284428
train,68.0,58.09688785807383
train,30.0,37.60435240779974
train,61.0,57.842326027033735
train,52.0,44.24952933323223
train,46.0,49.894609974146896
train,24.0,35.75164576073156
train,38.0,37.66776747949555
train,24.0,17.18950809929627
train,30.0,53.09489260574869
train,44.0,43.218860982856874
train,24.0,43.31078033323185
train,56.0,58.81331908538165
train,48.0,56.133961837738845
train,38.0,37.691586064775755
train,56.0,56.31487120869794
train,61.0,58.597592483411226
train,46.0,48.263802057636404
train,24.0,25.05081385358283
train,42.0,38.615845918291704
train,63.0,53.69535209871776
train,48.0,51.75710493944982
train,50.0,54.4457584369997
train,59.0,59.564812973032225
train,54.0,57.99369865047722
train,54.0,62.58188787671109
train,56.0,53.40345289277724
train,44.0,43.814466967298316
train,38.0,35.348462901807174
train,46.0,49.2792340792778
train,61.0,59.526814480203335
train,30.0,34.3405653933776
train,46.0,44.90905087587483
train,15.0,26.036066481830304
train,42.0,37.903578102483756
train,36.0,30.292620352565372
train,38.0,34.52797827887719
train,24.0,20.894826618103487
train,24.0,42.824705458356874
train,44.0,42.72727861375807
train,50.0,47.8687485841175
train,59.0,58.59179045566807
train,18.0,18.240224310951007
train,61.0,58.45146104836303
train,68.0,58.06314737248555
train,24.0,24.500761441518385
train,42.0,41.00402436506751
train,24.0,18.47345893028098
train,54.0,42.48012844450611
train,61.0,57.414533373482314
train,68.0,58.54040812799145
train,18.0,15.816764954092122
train,44.0,46.92844706740004
train,46.0,47.34526886802342
train,46.0,47.31336946933354
train,34.0,28.8702522358047
train,38.0,35.50743182465594
train,68.0,58.83472292461279
train,63.0,51.72884366486471
train,63.0,41.30995703606604
train,44.0,42.11075356188353
train,63.0,52.74803220409177
train,30.0,37.04244052114712
train,63.0,49.801299092747456
train,30.0,32.38916203080467
train,63.0,51.02026167995905
train,34.0,26.27188392216334
train,52.0,54.80833563534975
train,59.0,60.95067673596103
train,30.0,37.67429486896395
train,38.0,44.62572475421672
train,24.0,19.061182630044488
train,36.0,32.77779350489223
train,61.0,57.0568058605173
train,61.0,57.946934776227124
train,68.0,47.93664300865176
train,38.0,35.87988855549551
train,63.0,43.05240305139907
train,61.0,58.41605577803118
train,30.0,16.12778742555204
train,15.0,42.721020717834826
train,59.0,37.444117807878094
train,56.0,43.50923296758363
train,15.0,30.566802262039754
train,24.0,24.14671233241433
train,40.0,41.33885200714633
train,63.0,51.84326938281406
train,24.0,23.532207541978043
train,42.0,43.4369727828516
train,46.0,48.83234593710403
train,38.0,35.66078706972954
train,59.0,56.68655342252622
train,18.0,14.600950084789709
train,50.0,51.137714812497286
train,63.0,45.77178216603657
train,52.0,52.99335708651897
train,24.0,24.8926086472926
train,18.0,19.74085720114916
train,15.0,24.44647807314953
train,56.0,53.26674791038013
train,50.0,41.457446868190274
train,18.0,22.044259996612755
train,30.0,32.597026114659116
train,44.0,37.706435651333614
train,63.0,47.387277804733614
train,18.0,20.47593452984673
train,38.0,37.268256128565326
train,48.0,53.52220406809561
train,63.0,52.242399409795496
train,46.0,46.59183272633653
train,18.0,25.658270276862087
train,48.0,53.6657276609884
train,42.0,39.92734430642089
train,56.0,40.84485375640176
train,38.0,33.059565606574054
train,40.0,46.07940485145576
train,50.0,54.069101420416075
train,30.0,38.74675509045454
train,30.0,40.86515667761042
train,46.0,61.1298821832839
train,30.0,42.69057644029908
train,59.0,35.954994462291545
train,50.0,59.88582079478421
train,61.0,57.44471768901222
train,68.0,57.10744760098207
train,59.0,44.513045568961665
train,44.0,46.15100857601419
train,24.0,21.25870095448855
train,15.0,32.858508221686606
train,30.0,37.672479509152005
train,34.0,32.424529104123806
train,46.0,46.99681006452968
train,15.0,25.22310579681625
train,30.0,31.468870027822422
train,46.0,47.23096437683023
train,63.0,52.03005840770315
train,24.0,27.397659386382102
train,24.0,22.029574373706076
train,34.0,37.06399070969216
train,68.0,61.61499379319426
train,18.0,45.47745433508642
train,44.0,41.424774926532415
train,40.0,32.335286040068176
train,44.0,43.13339656724173
train,61.0,41.18845278893372
train,24.0,16.07289153760374
train,18.0,17.965894354953498
train,61.0,59.478994192312655
train,18.0,17.1978228984607
train,24.0,26.58894409286892
train,50.0,48.35646553443804
train,59.0,33.705927417561945
train,68.0,57.60428307318702
train,68.0,49.96235839486307
train,63.0,51.21383523418298
train,36.0,39.242310013238075
train,56.0,56.35272661360071
train,44.0,43.67842573477154
train,54.0,48.84473151709121
train,36.0,34.45405603808026
train,54.0,59.42788398716507
train,68.0,58.226932662238454
train,15.0,28.244573769767918
train,52.0,51.217512498615875
train,46.0,48.62456098073865
train,40.0,43.673470755638554
train,46.0,46.71659624323828
train,40.0,41.73172849858814
train,52.0,49.1895307348116
train,46.0,48.85740915545832
train,30.0,43.37564478518656
train,46.0,50.056261344297724
train,44.0,44.84266843231461
train,46.0,37.614313652073534
train,34.0,32.381549729339575
train,24.0,26.459029750096732
train,50.0,37.766024661676774
train,46.0,48.446448722329485
train,30.0,36.324759598816506
train,52.0,43.27499916673457
train,61.0,58.48954147698851
train,44.0,41.93626322541919
train,44.0,48.076506601354374
train,44.0,41.62904231018094
train,46.0,43.287153845707934
train,18.0,52.76255838534736
train,63.0,54.225306562392035
train,46.0,46.49832259107077
train,24.0,24.489594834487637
train,68.0,60.154181166467765
train,40.0,43.724029942052724
train,54.0,60.92754124754281
train,36.0,26.195371497520163
train,50.0,41.77862661043935
train,54.0,56.53122004419659
train,63.0,49.7200615782739
train,59.0,34.93924159139875
train,38.0,37.059044312221005
train,46.0,50.34751348381333
train,34.0,41.158444086151526
train,59.0,62.172835518283385
train,42.0,34.582357025467175
train,52.0,54.96193255730161
train,24.0,24.194774414537765
train,54.0,48.342732164395564
train,54.0,63.836608308492146
train,56.0,50.48937029645522
train,15.0,33.778693274129836
train,50.0,57.59334216520868
train,59.0,61.77482158863735
train,24.0,23.976930460047193
train,59.0,58.507948797867485
train,68.0,59.4185619400698
train,15.0,30.781518124120097
train,24.0,21.99017115369045
train,52.0,39.52325409735445
train,38.0,47.432854324325405
train,61.0,56.21861376091233
train,68.0,60.12801976391913
train,50.0,41.08226723259299
train,50.0,49.78357322644871
train,18.0,59.0475948870011
train,36.0,27.76865025195031
train,61.0,48.127781171587486
train,34.0,36.89391292096768
train,38.0,39.39737159453187
train,24.0,27.821849752091367
train,61.0,56.03298951338235
train,48.0,56.95643762580107
train,44.0,50.67537746102893
train,48.0,51.745656553382176
train,52.0,53.33401650781728
train,52.0,53.31064910328501
train,63.0,50.78855937237569
train,24.0,31.682509883133562
train,42.0,36.86443817019055
train,61.0,58.08996951066429
train,38.0,37.18336451631814
train,61.0,58.57630418519626
train,44.0,43.6045058737825
train,50.0,54.416566817029874
train,46.0,47.55418134966705
train,56.0,47.83608519340486
train,30.0,31.029503286983704
train,54.0,64.30072078318241
train,46.0,49.06186347520943
train,40.0,44.785164450255344
train,24.0,27.175107485276154
train,30.0,41.33283844956755
train,48.0,50.27342560208669
train,50.0,48.471460739818966
train,30.0,37.56827260394507
train,34.0,48.527212946043704
train,68.0,46.6988918968533
train,38.0,34.36713388836022
train,68.0,60.589600919019205
train,61.0,57.31724922988776
train,18.0,15.572012921093375
train,18.0,19.70405506240472
train,24.0,30.517970142795484
train,36.0,43.735298626167996
train,30.0,38.15457220510757
train,36.0,40.75398959325983
train,24.0,21.537593228694448
train,50.0,53.94095232515003
train,30.0,38.388165750535066
train,42.0,44.69675332347717
train,46.0,44.803815677410505
train,50.0,50.536895540109185
train,38.0,38.7944357794661
train,50.0,52.94125617735202
train,54.0,40.0774970913428
train,59.0,60.51995574347421
train,36.0,37.28543311258425
train,68.0,60.36986006338579
train,54.0,52.26777393178893
train,38.0,35.59698669572728
train,24.0,17.262723308170024
train,36.0,41.938752805863174
train,52.0,56.283858108165916
train,59.0,63.46372073721489
train,61.0,60.73932641741057
train,38.0,36.12669726545687
train,30.0,37.47007372493507
train,52.0,42.01368432361127
train,56.0,54.8188388173391
train,59.0,60.29949852845466
train,34.0,34.65200658017483
train,48.0,52.57905501898199
train,50.0,50.50483478848394
train,59.0,45.51557497031598
train,63.0,50.28529345544612
train,56.0,55.99950921783553
train,63.0,47.77628540748325
train,46.0,37.07577795689211
train,15.0,32.01737180588324
train,24.0,21.28649054165625
train,24.0,23.41045966165442
train,61.0,59.388848497652575
train,42.0,39.98589864529933
train,54.0,63.51304530369289
train,68.0,58.44406069925627
train,15.0,33.65892149397969
train,63.0,52.264411375973125
train,44.0,41.864705304128144
train,48.0,53.30087779831551
train,42.0,42.74049103249453
train,48.0,50.79604236147733
train,44.0,43.588578213835035
train,34.0,35.321674289523955
train,63.0,48.408762376403104
train,30.0,37.55677289704842
train,50.0,37.73050926326949
train,68.0,61.82325884007517
train,61.0,58.06942630411784
train,15.0,23.09488549453733
train,36.0,29.966255147534284
train,30.0,42.7957709915026
train,48.0,52.62756030690084
train,63.0,61.69240680351621
train,54.0,56.74508452069067
train,15.0,24.15261858656103
train,15.0,46.71479596961568
train,63.0,51.39245981056117
train,50.0,42.27599436009272
train,68.0,57.83930903013167
train,15.0,32.53466629578209
train,50.0,44.26225065764088
train,59.0,40.5630555499844
train,59.0,63.98712222490356
train,44.0,46.462596561182295
train,50.0,47.94071809858874
train,18.0,37.13111645959975
train,46.0,51.52671578765739
train,59.0,42.91672102829058
train,15.0,27.140440908190563
train,30.0,37.32796129836112
train,56.0,56.43333368292916
train,63.0,51.525937364108835
train,40.0,47.50852312485659
train,63.0,52.42169200431901
train,50.0,52.05649482264515
train,59.0,43.05699724545885
train,50.0,55.07726071241373
train,18.0,29.837723501598482
train,68.0,58.78505975267159
train,44.0,43.8423736800676
train,42.0,34.765291025863945
train,61.0,58.45058149844451
train,50.0,41.342078731753936
train,61.0,56.7468215105514
train,59.0,59.55652473423004
train,18.0,29.022709524563
train,68.0,55.929979119772725
train,24.0,15.848087902632507
train,63.0,55.41819140123836
train,50.0,48.495070036798204
train,34.0,38.64467448783901
train,38.0,43.889692147452216
train,44.0,42.627819578858116
train,30.0,39.2708381528873
train,36.0,38.34941448170002
train,42.0,30.831486939941357
train,40.0,45.242976505341595
train,38.0,40.54443121447971
train,56.0,55.07837918570563
train,30.0,34.820272567265356
train,15.0,48.42784483879217
train,30.0,37.85740218063884
train,40.0,43.22786455978527
train,63.0,48.88983041980587
train,54.0,57.35502503154455
train,38.0,35.42369562668674
train,38.0,33.336846382050965
train,38.0,36.21191279088471
train,63.0,52.4583503760897
train,63.0,49.461609647196624
train,68.0,60.960112333937325
train,24.0,21.797613197612296
train,63.0,49.57997458464517
train,44.0,42.566532743867846
train,30.0,35.871891167763955
train,18.0,51.856213056462096
train,61.0,37.2460121704206
train,36.0,34.06686365280116
train,30.0,37.821871281110425
train,44.0,41.93997601154532
train,24.0,25.2485977611916
train,38.0,34.91984141963895
train,24.0,22.914060350639986
train,34.0,33.19240127156772
train,15.0,28.441563650676656
train,36.0,48.17165908729474
train,48.0,50.51880596860927
train,52.0,54.249173157864604
train,61.0,55.61734735961801
train,18.0,52.80194634387174
train,42.0,32.67535268390142
train,59.0,59.258353239235134
train,63.0,52.43296038846351
train,54.0,63.029682877821294
train,56.0,57.98738936610155
train,50.0,57.309763861270916
train,46.0,51.61722314909482
train,44.0,42.50474907697286
train,59.0,38.905396176642675
train,48.0,50.93068053034341
train,50.0,58.711890539376974
train,24.0,22.640798279646443
train,52.0,53.207787222777206
train,61.0,62.03092690995912
train,61.0,58.34626829140612
train,15.0,41.818845728843534
train,52.0,52.747786285076316
train,56.0,56.08425263474548
train,40.0,42.931794440564104
train,61.0,57.64025013581268
train,68.0,58.55486894083814
train,54.0,52.872826194102416
train,46.0,45.94579957760328
train,50.0,52.073262893012114
train,56.0,52.58970506921183
train,52.0,44.35479562155595
train,68.0,40.91181212187672
train,68.0,61.001315901986345
train,52.0,55.34932802463048
train,59.0,61.71739525399287
train,48.0,52.11411608321518
train,46.0,53.894471623962126
train,38.0,31.1900561631537
train,44.0,40.23035328717624
train,36.0,49.522588713978266
train,36.0,25.719714002790393
train,50.0,39.15015414226243
train,63.0,51.58027819087374
train,36.0,34.909107101714326
train,52.0,54.98064933268391
train,24.0,24.321507149577887
train,54.0,62.839869281243274
train,15.0,30.70885807783489
train,54.0,44.22306274395005
train,59.0,44.379288639143205
train,24.0,22.070143661040298
train,48.0,52.46772757041706
train,15.0,27.127654911959024
train,52.0,53.89797417849631
train,48.0,53.80890810957387
train,40.0,44.136435129363484
train,42.0,40.204154576367166
train,44.0,41.667560375198576
train,40.0,40.3052416583774
train,56.0,36.53612541712235
train,48.0,41.275714563782536
train,30.0,43.03854887110161
train,63.0,54.412602781778965
train,24.0,21.697034964606736
train,63.0,53.08340723181534
train,44.0,44.194591667517884
train,40.0,40.57858280570107
train,56.0,52.78236673473073
train,24.0,22.32586608747137
train,59.0,43.145535824063444
train,24.0,27.948102404993108
train,68.0,57.7100105352738
train,38.0,28.881129325152894
train,18.0,47.662731037083994
train,38.0,36.87356682109716
train,30.0,37.21338394829011
train,44.0,41.85114860815501
train,54.0,56.99832150143054
train,50.0,55.166483359419715
train,24.0,21.551934588193497
train,50.0,54.33350558227305
train,36.0,32.246255651831106
train,24.0,22.976808768871987
train,42.0,33.45949085284745
train,54.0,62.783116794384014
train,63.0,49.11112197057194
train,50.0,42.41997482955456
train,40.0,33.252188518985825
train,24.0,22.287865301156945
train,34.0,32.120158071342175
train,36.0,28.68804021434392
train,59.0,57.73492164978758
train,54.0,62.277524187155265
train,24.0,21.63019357926766
train,46.0,44.626007823487356
train,48.0,50.96054714573319
train,34.0,33.530746422934655
train,50.0,50.77250657177161
train,38.0,46.83109666266438
train,63.0,53.13906033994867
train,24.0,20.882523466449406
train,18.0,52.25486357504343
train,40.0,42.36405920590498
train,56.0,51.58868779068896
train,38.0,38.52540772517277
train,15.0,32.4613995865877
train,50.0,48.651412702078275
train,52.0,54.97077350811297
train,40.0,43.54395353013337
train,44.0,45.02111249869342
train,59.0,46.32370925329529
train,61.0,55.845697197699295
train,59.0,40.29614755526349
train,54.0,61.800499053115054
train,42.0,30.347475054178236
train,40.0,43.45447208504158
train,40.0,48.98800184396987
train,50.0,56.77420045620096
train,59.0,39.224686011059084
train,52.0,51.243418185011095
train,54.0,53.92973209549295
train,36.0,45.617659276476616
train,30.0,40.25345409100394
train,24.0,23.45575131721258
train,48.0,50.429868243608766
train,15.0,24.300694955458887
train,30.0,37.148505324326024
train,36.0,34.825975345233694
train,50.0,28.496265885795168
train,63.0,52.4728138896828
train,52.0,55.19167182131601
train,46.0,48.2369468391441
train,68.0,39.07913679725202
train,50.0,43.343508439754274
train,48.0,50.990622906077654
train,15.0,29.016613977603733
train,56.0,55.511425451409636
train,50.0,51.57496701500744
train,63.0,50.24365011906423
train,46.0,46.932052195512775
train,59.0,64.25409694596259
train,50.0,50.68578814401971
train,30.0,35.27501015273346
train,48.0,50.68769453098866
train,50.0,48.50645783973676
train,56.0,52.017611899412984
train,36.0,47.61606965605992
train,59.0,58.227827353304214
train,56.0,54.66370709726028
train,61.0,58.63317301557787
train,40.0,44.177758792275824
train,44.0,43.857538672099835
train,68.0,59.486246714217565
train,38.0,49.556065731864685
train,18.0,17.239946658188533
train,59.0,35.91362548373497
train,44.0,42.675192994189466
train,54.0,59.63180103763804
train,38.0,34.853369955426885
train,34.0,34.745539001739324
train,34.0,39.10919907014459
train,18.0,26.45889021351082
train,34.0,38.53064388133917
train,38.0,49.31100074797081
train,46.0,49.01067189583864
train,50.0,48.33956243052839
train,50.0,49.77070845328753
train,42.0,43.091544969991574
train,50.0,54.50362287284675
train,24.0,22.62987813517219
train,68.0,41.722503566629186
train,68.0,58.67756284144174
train,24.0,25.444231098355576
train,61.0,56.91963556653508
train,24.0,24.613240377222994
train,50.0,47.5989980384235
train,18.0,28.11437928785639
train,54.0,62.80693780394144
train,63.0,44.08933812175024
train,52.0,51.37210667805972
train,34.0,45.098905104098996
train,54.0,59.27349064955635
train,68.0,62.12766238691138
train,63.0,50.25457968193298
train,38.0,48.07710258400462
train,18.0,19.427684383305483
train,56.0,57.43292480311534
train,34.0,33.381119762323706
train,42.0,35.76854735146674
train,50.0,53.04283512414106
train,40.0,46.007392698041535
train,15.0,33.73554222478177
train,30.0,38.7713210115367
train,40.0,38.88183211996587
train,48.0,51.63133334762074
train,18.0,18.85820257553516
train,61.0,56.77933665872212
train,61.0,57.81658558155064
train,18.0,22.384667913930254
train,63.0,47.599117002456495
train,40.0,46.51348778452761
train,63.0,50.080325230592344
train,68.0,57.88258357274172
train,56.0,54.79251057990575
train,46.0,48.13342536073096
train,54.0,61.17773721542065
train,48.0,50.94305876370704
train,50.0,45.44390901361514
train,24.0,26.612025684852128
train,38.0,44.95991765085521
train,59.0,59.05472114484111
train,59.0,58.991698811893585
train,54.0,62.921590919566356
train,46.0,47.78831548174549
train,42.0,38.780232944691136
train,24.0,24.124038913073857
train,52.0,49.66618471781701
train,34.0,45.30519623549881
train,38.0,37.09235710897168
train,50.0,55.43517443602047
train,48.0,49.47622338733067
train,24.0,24.110228589134422
train,50.0,56.15894059471886
train,18.0,22.552107750505808
train,38.0,35.57959448837032
train,68.0,56.59606446302745
train,38.0,52.316788241766716
train,48.0,52.13730731985765
train,48.0,52.733015879916394
train,46.0,47.89731284024551
train,42.0,34.53760547744758
train,54.0,61.65085606990599
train,50.0,50.00610101692904
train,38.0,30.802600961781067
train,50.0,44.18436957264476
train,40.0,43.712946383534245
train,18.0,37.135719831129606
train,34.0,45.61786794578216
train,56.0,55.2156572894194
train,63.0,51.092946463902905
train,42.0,36.42368249530988
train,54.0,61.950818370082445
train,42.0,39.762175949509604
train,59.0,61.22825519365236
train,48.0,55.83683617810514
train,18.0,35.95536113663175
train,36.0,37.674204660813906
train,30.0,36.40344731377218
train,15.0,31.09852430724945
train,38.0,44.6748331269383
train,40.0,43.40432903853016
train,61.0,48.410179978838926
train,52.0,54.14884751447384
train,30.0,36.30436311072894
train,24.0,22.21637516841097
train,50.0,48.875976182366294
train,61.0,57.266646484617624
train,36.0,34.156135655692694
train,59.0,64.51833144217163
train,54.0,42.12967416104276
train,59.0,48.17945858133041
train,36.0,29.703630843189217
train,54.0,59.71258614224071
train,36.0,40.8852048573411
train,30.0,36.48244885405113
train,44.0,44.325850625041795
train,50.0,42.71620563933455
train,46.0,48.77901264203187
train,42.0,28.700145387137262
train,38.0,37.447695598037924
train,30.0,36.31295559379828
train,56.0,49.87686489992036
train,68.0,44.62260500668113
train,50.0,48.55905287360887
train,56.0,53.36708955664618
train,34.0,34.46508107783974
train,30.0,36.903244052662004
train,59.0,37.54176703608597
train,44.0,42.78755574862551
train,46.0,50.00072192880783
train,61.0,44.586619723238265
train,68.0,58.38555692517626
train,36.0,30.23930989115399
train,18.0,16.116372319106894
train,68.0,57.88860222490065
train,61.0,57.35111233671874
train,42.0,40.83384902514171
train,63.0,48.732059976764454
train,59.0,59.49779655462372
train,24.0,25.81617374098768
train,63.0,51.20589483341808
train,68.0,58.38930370512948
train,36.0,38.40713940718667
train,42.0,40.03340058277078
train,38.0,32.91715680694758
train,34.0,38.52155258631828
train,61.0,47.79555850113813
train,63.0,50.97643619478118
train,46.0,49.62125501732912
train,40.0,43.31771702328639
train,38.0,37.25804016128181
train,24.0,28.214000243607266
train,36.0,51.984832245914305
train,24.0,28.83651516427118
train,38.0,34.08809138325072
train,54.0,34.43324767469626
train,34.0,34.47611107335504
train,52.0,51.57028213827586
train,18.0,27.527641243846457
train,56.0,53.476170378681424
train,63.0,38.631632686543405
train,44.0,39.89513375136674
train,50.0,53.144754980854586
train,42.0,48.601382323388435
train,50.0,37.340458293789126
train,15.0,32.229536304975134
train,30.0,43.17592118898057
train,24.0,22.080091801820533
train,30.0,32.89953985371716
train,48.0,54.16035802151017
train,24.0,26.725033628324145
train,15.0,27.662342030971605
train,18.0,24.43288950409461
train,48.0,52.761987154682394
train,44.0,35.29237094886501
train,42.0,36.78651096014788
train,48.0,52.980511973724745
train,61.0,60.031177514448444
train,59.0,53.15533176498233
train,30.0,37.39953628610271
train,44.0,43.059724407894564
train,24.0,25.394635031026766
train,63.0,48.898351408088786
train,44.0,48.552374471140325
train,61.0,56.64328624688328
train,59.0,45.40398854064962
train,61.0,58.14577163374496
train,30.0,40.730662537221676
train,46.0,55.07107496642228
train,42.0,41.541984662628124
train,24.0,25.355748088593806
train,59.0,57.84282799656064
train,42.0,22.211756673195747
train,30.0,35.637075474928025
train,63.0,60.73130303672634
train,30.0,40.16245110083779
train,68.0,56.70288244004033
train,54.0,60.49770856045647
train,61.0,58.03979997553549
train,61.0,59.04348869082496
train,68.0,46.44112076954781
train,61.0,57.78720141740732
train,63.0,51.80092087901754
train,56.0,51.94076270373721
train,50.0,48.45576385876816
train,15.0,24.451480225683312
train,56.0,52.386742575197125
train,46.0,47.35837937221736
train,18.0,40.01529033709944
train,48.0,50.16265507185336
train,18.0,32.750586604977315
train,50.0,50.589442300710736
train,30.0,39.951889856937775
train,30.0,40.16816083312463
train,63.0,51.616528545394175
train,50.0,51.14915835982159
train,48.0,52.22269990306533
train,24.0,21.350597181865684
train,36.0,40.757493011641664
train,30.0,43.61097052064021
train,56.0,56.47436455491821
train,61.0,61.30110632746026
train,68.0,57.95391023496474
train,46.0,45.958520398481795
train,38.0,35.773414037185404
train,68.0,48.31320840215267
train,44.0,43.045499012401855
train,30.0,37.67919339332839
train,18.0,21.764764561677204
train,54.0,51.97513055987137
train,54.0,60.613362647790986
train,54.0,40.28594769871349
train,18.0,15.870278826267118
train,24.0,28.768583503389983
train,52.0,35.469610424423685
train,59.0,61.44827251880418
train,54.0,60.63706666793876
train,63.0,51.93158613499564
train,46.0,42.96708360731739
train,52.0,50.2082775365386
train,63.0,53.94115554423453
train,63.0,48.544870603085236
train,63.0,49.08027712625642
train,24.0,24.57316572719806
train,56.0,58.464099649376095
train,61.0,57.43977228511879
train,48.0,46.09559161811724
train,34.0,35.12677473818996
train,50.0,52.99475184544328
train,50.0,38.65894376085674
train,48.0,53.254869766388126
train,59.0,59.61582900048334
train,42.0,37.847643129358985
train,38.0,41.10706868757488
train,56.0,55.41892158842185
train,50.0,54.95032479006119
train,42.0,35.95760473456252
train,59.0,63.35112292789631
train,61.0,59.914320151097925
train,40.0,43.18855370871196
train,59.0,60.7266321998542
train,59.0,49.05433466562761
train,44.0,44.7534393106411
train,48.0,53.8721335579359
train,68.0,60.42320475035046
train,18.0,24.42789013384104
train,44.0,42.59158098971306
train,50.0,58.52861844101228
train,50.0,38.84377884547973
train,44.0,50.81731439252571
train,46.0,45.54198941221497
train,54.0,60.72192720940127
train,24.0,21.370444714806364
train,52.0,51.065537726537876
train,40.0,42.64075647943776
train,40.0,41.45790153562578
train,50.0,50.53452335218569
train,46.0,48.20868183797216
train,56.0,50.68672776673779
train,34.0,38.71856113888702
train,52.0,51.45600167782721
train,36.0,44.456085954174924
train,68.0,41.155240573318224
train,34.0,33.063268805251546
train,54.0,50.78067171281988
train,61.0,57.942468152623455
train,40.0,46.30466781526935
train,24.0,24.62210720989969
train,24.0,25.094271305608743
train,63.0,50.16224434643199
train,48.0,54.434515521046734
train,56.0,55.27022183994776
train,50.0,49.89477691248831
train,36.0,24.705484364869957
train,24.0,25.07702698736051
train,50.0,38.3794412207087
train,59.0,57.530387536922895
train,38.0,37.30068527452473
train,54.0,60.52110613332053
train,42.0,46.226929660303774
train,24.0,27.220708398889133
train,50.0,53.90402872185973
train,30.0,35.27244228149711
train,18.0,14.660184730093498
train,18.0,16.771201883563325
train,24.0,20.130521906048873
train,56.0,60.420556318986925
train,24.0,28.625815412554573
train,34.0,32.842722995303035
train,50.0,53.89183382699909
train,68.0,57.823213228383445
train,30.0,42.56160003472592
train,52.0,49.33174752653147
train,61.0,58.770304828720356
train,61.0,59.97211531926625
train,34.0,42.988026401494196
train,54.0,61.692096467260924
train,46.0,47.06915234344389
train,56.0,53.039504681246086
train,34.0,33.045141051329814
train,56.0,54.000574093263
train,56.0,52.48881653481503
train,56.0,55.47000828537988
train,24.0,18.824788787088423
train,40.0,43.77279660541708
train,30.0,37.93942540492403
train,63.0,53.07638359398088
train,61.0,56.018846502672474
train,48.0,54.72033909905123
train,24.0,19.19496148053797
train,40.0,43.10125393833902
train,50.0,47.89142583279169
train,38.0,35.26034711027491
train,30.0,39.394507705101184
train,38.0,33.04055352616399
train,61.0,58.58843363486422
train,48.0,51.83645492429061
train,18.0,30.946715184804177
train,38.0,44.20325937840981
train,54.0,60.72336098294812
train,61.0,57.0376990845421
train,30.0,37.35338806396582
train,46.0,47.857050919056604
train,15.0,27.690848305518287
train,44.0,36.05794785091727
train,30.0,39.05573899717958
train,56.0,57.97212445384591
train,24.0,24.738647344828046
train,18.0,18.487983607890808
train,63.0,48.12474032597608
train,18.0,20.51648423579928
train,54.0,63.39642152261129
train,38.0,35.32558089103189
train,30.0,38.50524409755882
train,30.0,38.07008335731075
train,59.0,65.033132749716
train,48.0,54.61639563513993
train,38.0,34.10151395624779
train,48.0,35.670812663846455
train,24.0,24.158218825016863
train,54.0,44.63419775105201
train,34.0,31.59039504907043
train,50.0,52.49357845931602
train,30.0,39.91979637284646
train,30.0,36.834501948618026
train,15.0,27.26862315841402
train,50.0,46.682261711400734
train,18.0,17.84866658874527
train,15.0,28.56754848608083
train,46.0,49.875312622913945
train,15.0,31.47696534637401
train,18.0,15.028887202795879
train,24.0,20.99813040806779
train,42.0,31.08223809322918
train,63.0,49.27563183361755
train,52.0,55.71175471944868
train,59.0,60.652994181165475
train,59.0,62.61474918269463
train,63.0,51.585936466936886
train,59.0,35.29501875766037
train,54.0,59.63751297995566
train,15.0,32.96164621941117
train,38.0,34.31870951517157
train,36.0,43.769246730003005
train,61.0,59.05127797012568
train,30.0,40.11933359482805
train,24.0,23.501206379601946
train,42.0,32.279657906514316
train,24.0,21.695806306274182
train,50.0,45.92012108752301
train,38.0,33.490483743196954
train,24.0,23.123690643678774
train,59.0,41.802570402057064
train,68.0,58.35707501933088
train,46.0,47.53327765252445
train,30.0,37.29938641283953
train,18.0,21.944115683881925
train,38.0,39.962096516579955
train,59.0,58.7792978064395
train,38.0,37.98533076898742
train,38.0,34.960023787452975
train,24.0,27.958966908809835
train,61.0,60.92635474056826
train,36.0,45.648057810112945
train,68.0,57.649158694896016
train,18.0,22.5980838799488
train,50.0,51.707047475885595
train,34.0,32.45114246077273
train,54.0,55.722334257972975
train,52.0,42.89943702414441
train,68.0,55.66038597253909
train,30.0,33.77091619394809
train,44.0,41.17189149002469
train,61.0,61.243853520086034
train,44.0,44.60712361870327
train,52.0,51.57853777540916
train,48.0,55.676872898954365
train,63.0,42.17802897669801
train,18.0,15.972813823463891
train,30.0,42.04581907586622
train,46.0,46.708153975870964
train,68.0,56.45539812826853
train,56.0,50.45154186088447
train,50.0,57.55973188431944
train,24.0,22.14146423036613
train,54.0,62.934706558604326
train,30.0,32.03900195458553
train,68.0,57.98398282735704
train,36.0,14.512808070979084
train,63.0,48.78223494656753
train,24.0,22.58083171727698
train,18.0,41.09460051482021
train,44.0,42.46169685249784
train,50.0,51.33012521398845
train,50.0,48.91180560099043
train,38.0,33.43019238052595
train,38.0,38.2685395771722
train,40.0,43.291573949164544
train,52.0,51.62546193755881
train,42.0,44.98443798180516
train,42.0,41.279093424393814
train,48.0,41.8250461882623
train,59.0,57.0123789927833
train,46.0,49.76044209573564
train,48.0,55.19153105569448
train,59.0,27.5773411233503
train,54.0,46.378122457090015
train,24.0,28.507352342751943
train,24.0,21.953810471612393
train,44.0,40.35116727257011
train,15.0,23.208393448217276
train,15.0,30.8610719896974
train,24.0,18.74174225816479
train,42.0,38.788773175582804
train,15.0,30.674669874182605
train,56.0,48.430239925262505
train,34.0,29.640885509757595
train,52.0,54.319792964953635
train,24.0,24.397843581196586
train,50.0,60.38171507897343
train,42.0,20.155563471248566
train,50.0,55.177004245020726
train,38.0,35.223464828670096
train,15.0,29.877133933989434
train,48.0,41.38469999841015
train,54.0,60.66237449598849
train,48.0,53.67898819793801
train,24.0,23.346574696539843
train,54.0,61.03296090726797
train,24.0,24.612861121007242
train,50.0,51.57095977506652
train,50.0,51.52579385084209
train,38.0,37.03124447850203
train,63.0,46.54423352483132
train,30.0,39.9858911140073
train,63.0,52.93609263329303
train,34.0,35.01288530160241
train,42.0,45.21952715941628
train,30.0,35.6242010942366
train,59.0,53.76345255845748
train,36.0,30.647203155014612
train,15.0,40.67991722905064
train,24.0,29.365487739067163
train,52.0,49.01263434219
train,52.0,53.51944799087434
train,38.0,40.505248269469334
train,50.0,51.8742605029038
train,30.0,37.41861973380996
train,68.0,54.59041993979876
train,24.0,23.817267628982847
train,24.0,25.623714444704085
train,63.0,50.81636444970769
train,56.0,52.25780263989983
train,68.0,59.99738486256707
train,46.0,50.07421986810916
train,52.0,55.8293658772643
train,30.0,34.53050942630164
train,61.0,58.50180837622834
train,68.0,59.73220285771322
train,61.0,59.94060659877661
train,61.0,57.39621280633856
train,24.0,21.34521879153501
train,59.0,60.82077888625499
train,44.0,47.03829153421767
train,56.0,51.21911480263925
train,56.0,53.75315050242771
train,52.0,52.02130325206619
train,38.0,49.002494233657856
train,63.0,32.793278635039
train,44.0,40.06810647918085
train,59.0,61.951166662082954
train,18.0,30.86896075893924
train,52.0,51.71221974076002
train,24.0,22.358434472469884
train,24.0,24.1286729226914
train,59.0,44.293319924254874
train,24.0,17.87240492963054
train,30.0,36.28658959428955
train,56.0,54.87042498778038
train,40.0,46.36006368857988
train,50.0,52.914719005124454
train,56.0,54.528024556383706
train,15.0,42.1016569779188
train,63.0,46.339179166273475
train,36.0,46.410792917427436
train,18.0,16.91436930173863
train,56.0,44.43522963777772
train,54.0,58.705631355777086
train,18.0,37.12512686330595
train,44.0,44.20616045790324
train,59.0,52.421575238395704
train,68.0,58.122055255755754
train,24.0,24.58725800283957
train,63.0,46.679419807122706
train,50.0,50.52858025880744
train,34.0,35.121297856424185
train,56.0,56.95702601780644
train,56.0,55.7081493584464
train,50.0,50.33565174367679
train,50.0,46.7864078250441
train,30.0,38.001632802888736
train,50.0,54.232141150737725
train,18.0,20.643717939495854
train,50.0,45.36885411495629
train,42.0,42.32923275207683
train,63.0,48.40344206240384
train,52.0,53.50453403580178
train,18.0,42.92519051645727
train,68.0,57.17926496566385
train,18.0,51.47351599900921
train,56.0,53.19300914301627
train,24.0,20.631727261779435
train,52.0,51.36056227584959
train,59.0,42.31896429822471
train,46.0,48.590749390359015
train,15.0,31.455779671522958
train,15.0,24.98819384809365
train,38.0,33.65891603297843
train,52.0,55.351425328089206
train,36.0,31.499699282771786
train,18.0,27.46743129443996
train,61.0,55.106432270331766
train,48.0,44.480345172084654
train,59.0,47.108756395367216
train,63.0,39.01260789737938
train,56.0,56.25202104200192
train,15.0,29.53518320585652
train,18.0,48.620848264017255
train,68.0,59.455528097623464
train,46.0,47.56166126622403
train,40.0,41.957326938606265
train,34.0,40.683504933691225
train,36.0,31.57643132456191
train,44.0,40.27566246601278
train,38.0,38.91067349177288
train,63.0,54.00530243843582
train,52.0,53.683503038298106
train,63.0,51.503082454691025
train,63.0,51.30499623125072
train,68.0,58.695523258308974
train,44.0,44.654894013985555
train,46.0,50.744466416551774
train,68.0,60.70619540812751
train,63.0,50.11312289228301
train,56.0,55.03573230228183
train,61.0,57.56062242441056
train,61.0,55.894044249798895
train,30.0,37.62162609453072
train,15.0,22.818976711726677
train,50.0,47.395387977979674
train,30.0,34.77260389358601
train,63.0,45.745374641628445
train,46.0,51.302194314349215
train,61.0,59.7756977127288
train,38.0,33.883253205204724
train,15.0,29.078928395304608
train,46.0,44.67249948341346
train,52.0,50.49193809223792
train,30.0,38.711030738616216
train,61.0,60.7092413494388
train,52.0,49.0870747661778
train,30.0,36.55147175413953
train,40.0,47.39178297972544
train,48.0,52.76842206702191
train,59.0,60.749603232261734
train,59.0,58.265469451834264
train,34.0,32.41871567988884
train,30.0,34.442593966060954
train,56.0,56.82681824308275
train,18.0,22.729272938833546
train,50.0,52.532769138963445
train,38.0,35.14171991862764
train,56.0,48.167269092369935
train,40.0,45.57613118466394
train,54.0,55.14053947073407
train,38.0,37.41338187808872
train,63.0,54.343585508888935
train,59.0,61.54390926537853
train,30.0,37.465387653803276
train,15.0,27.41780865075429
train,50.0,49.03973724966677
train,63.0,49.64899067867203
train,24.0,24.463484966495827
train,68.0,59.57350807047745
train,56.0,54.393414465799275
train,42.0,40.76199071237678
train,36.0,26.28643995728113
train,42.0,38.406098896222616
train,24.0,23.048444624632634
train,54.0,64.66670655903329
train,24.0,22.555933586404493
train,50.0,48.689162629808344
train,30.0,38.028829158336116
train,63.0,50.047428941297134
train,46.0,49.493713751590036
train,52.0,51.782569439647745
train,50.0,51.468549767257116
train,38.0,41.86781415371958
train,24.0,24.371373798192664
train,24.0,20.537215279226793
train,68.0,53.43732586540369
train,50.0,52.87360885959855
train,52.0,53.16573909842606
train,52.0,57.05505827063202
train,40.0,42.04875428467025
train,50.0,36.87590398967427
train,34.0,33.24321139645048
train,34.0,32.29157642074127
train,63.0,48.996197093019774
train,50.0,36.925376637504776
train,61.0,57.13563657802278
train,59.0,40.427071743997104
train,56.0,51.8487350361397
train,68.0,44.2212925112421
train,34.0,36.45360405741625
train,61.0,55.98597035731137
train,52.0,49.29393667410116
train,36.0,44.634920064606234
train,59.0,48.56160662059789
train,52.0,37.84472632351415
train,36.0,48.86212176211812
train,30.0,37.508111050250264
train,48.0,49.64676583349996
train,15.0,48.3029780906475
train,36.0,47.260291734688444
train,44.0,44.191817128011046
train,54.0,45.44006483182999
train,30.0,33.65493677302641
train,48.0,50.95672575289835
train,61.0,57.870753141947944
train,44.0,42.624753779539155
train,68.0,60.864914775133315
train,61.0,57.092160002601865
train,54.0,42.455545828391436
train,36.0,28.42371376475375
train,36.0,47.73213634952678
train,56.0,59.443730086848866
train,56.0,42.97925819320557
train,63.0,53.781107170932785
train,50.0,43.91224361778591
train,48.0,48.44999472192643
train,42.0,46.67858006692056
train,68.0,60.53737931897174
train,24.0,26.414369950932915
train,63.0,49.78510126469459
train,34.0,33.17718759553959
train,50.0,48.46795298278628
train,54.0,45.65897782621145
train,46.0,49.840205833768266
train,56.0,56.259051548727065
train,63.0,51.65022346820193
train,68.0,56.46610889315327
train,24.0,26.278792700878537
train,59.0,57.85126864924489
train,50.0,47.776626712658846
train,15.0,34.067396829661
train,24.0,25.812715835123623
train,15.0,25.68647503237268
train,38.0,44.02912393519861
train,36.0,31.387229312103866
train,56.0,56.85161294890365
train,61.0,58.21371248115399
train,68.0,58.98524979182193
train,30.0,40.40017235908362
train,15.0,48.495232820260206
train,50.0,56.10107348664582
train,18.0,37.672649490667844
train,24.0,14.524746997500817
train,59.0,62.61175826736574
train,56.0,49.5401389032623
train,18.0,14.716985673214499
train,46.0,48.7544319798233
train,54.0,62.2839385647017
train,44.0,46.222963925956925
train,46.0,56.018877729004544
train,18.0,23.418731756536154
train,56.0,53.76042585185726
train,48.0,53.77579472646704
train,24.0,27.185673978527667
train,15.0,48.41391886387439
train,30.0,32.13070024003363
train,50.0,47.90603237982389
train,46.0,49.36670206755852
train,15.0,47.34656578348668
train,36.0,35.10940937272768
train,15.0,19.934161373928166
train,38.0,35.05480921287533
train,24.0,47.972087435778086
train,36.0,15.291789287248154
train,24.0,23.76097562986202
train,30.0,33.6001541278906
train,54.0,63.30696159833869
train,56.0,56.87571059744151
train,59.0,59.637534226618506
train,46.0,48.61901375456995
train,15.0,26.67432364384536
train,54.0,59.83317387877357
train,63.0,48.65289487116153
train,54.0,60.061975461333276
train,15.0,31.109193289877474
train,63.0,50.4490091935807
train,38.0,32.39385229924979
train,68.0,57.60751007510779
train,44.0,42.03224304062078
train,15.0,19.06209607901123
train,24.0,26.285554274742427
train,50.0,52.00840275391362
train,44.0,42.18143700596217
train,56.0,50.89076710886238
train,50.0,53.51250184812393
train,38.0,32.28557627242575
train,50.0,37.918635643196595
train,15.0,29.201654873468023
train,46.0,53.77768922629369
train,44.0,40.808717677552714
train,48.0,56.333305492244236
train,46.0,47.54069974506546
train,56.0,56.00092883934829
train,50.0,14.453704537428205
train,54.0,50.799119762579686
train,30.0,38.165040085817694
train,40.0,45.02850551158096
train,52.0,51.58359538979468
train,38.0,34.128134851900334
train,42.0,47.494438040239984
train,15.0,29.14137717031793
train,52.0,50.79230821951718
train,56.0,54.162401339036904
train,46.0,51.94595440114164
train,61.0,49.04660559722711
train,30.0,39.62196927281233
train,24.0,28.55530216753048
train,34.0,32.905962435043214
train,56.0,53.44319444662276
train,42.0,41.966533766891274
train,30.0,38.25438723690917
train,61.0,56.87047590580222
train,59.0,62.58517553153762
train,56.0,57.87740113007203
train,24.0,38.740628281385256
train,38.0,37.84364979228191
train,44.0,39.89976046466688
train,63.0,49.350132987318574
train,63.0,51.88027125303715
train,30.0,47.85110344914781
train,34.0,34.33014063465683
train,24.0,22.878869493760526
train,24.0,18.845366520484042
train,44.0,42.32000649409623
train,59.0,60.138054955044254
train,61.0,58.75404082043542
train,52.0,53.41980657391414
train,48.0,51.96590019641222
train,36.0,52.28135988848885
train,40.0,47.560683479508
train,15.0,29.21911166515352
train,48.0,54.258383193443024
train,63.0,50.58196289933899
train,54.0,63.01669974268512
train,59.0,62.80900567164423
train,68.0,60.129286892040874
train,30.0,38.84407291349777
train,59.0,42.81382189604989
train,46.0,48.60373522845887
train,30.0,33.99442470908781
train,24.0,24.802839483712617
train,54.0,60.584309933945
train,24.0,28.079444439799204
train,56.0,45.97751010701714
train,24.0,24.971069621663126
train,30.0,40.12071175725807
train,63.0,48.05391636730556
train,50.0,58.78589617210643
train,63.0,46.31318736714078
train,61.0,60.61793531693915
train,54.0,58.73315984379896
train,18.0,18.38503064653037
train,61.0,59.80965574451131
train,63.0,47.37337258176761
train,44.0,38.50551973662453
train,24.0,17.12021307773326
train,50.0,58.28473371933627
train,48.0,51.09530828892963
train,54.0,60.20629587262329
train,68.0,61.17490906921279
train,42.0,45.25406579204067
train,61.0,57.76154795413126
train,46.0,42.32056987335698
train,18.0,17.7030268989285
train,68.0,59.38417712215188
train,42.0,43.45663166132403
train,42.0,39.680997592822436
train,48.0,52.62610092646224
train,63.0,52.16718100738089
train,59.0,61.688484175336015
train,54.0,59.20747586802123
train,34.0,30.909932580436525
train,24.0,26.605832531248453
train,48.0,55.80477799703105
train,38.0,48.58454633009461
train,15.0,33.23077171747094
train,48.0,49.78447240455337
train,48.0,53.15655886440478
train,44.0,39.85702243292228
train,50.0,50.076408744300196
train,48.0,50.04581293776498
train,40.0,44.74718101986856
train,61.0,44.252461320987244
train,63.0,49.656102390852894
train,52.0,57.20101361334758
train,48.0,50.1986668769167
train,50.0,48.85827103582384
train,59.0,60.79778881412234
train,52.0,52.03215136740802
train,18.0,20.55975106007308
train,18.0,50.42361966827155
train,61.0,58.921924106577066
train,48.0,59.20288387752352
train,54.0,61.657590395956916
train,30.0,37.602295539643826
train,30.0,38.4157402457735
train,48.0,50.196625127141736
train,54.0,56.50337917632289
train,46.0,41.325317859645054
train,38.0,35.59522554873051
train,48.0,56.629316176668965
train,42.0,43.00310218391143
train,59.0,63.65469252114955
train,38.0,46.167756540907085
train,46.0,48.085832733266315
train,44.0,42.62544416206836
train,24.0,25.747989045560846
train,56.0,50.614574395161625
train,30.0,38.32037629057709
train,15.0,30.900020488819106
train,46.0,46.98013039128431
train,18.0,22.21489816889668
train,30.0,39.64169978329763
train,30.0,38.233950628171854
train,48.0,49.70348945247082
train,18.0,13.965094596511708
train,40.0,41.62667295738254
train,24.0,23.393609620633267
train,48.0,53.14438206571829
train,52.0,55.635312259085154
train,24.0,18.77810852748508
train,34.0,29.261739354235594
train,24.0,24.526498192992612
train,52.0,49.74749015059923
train,50.0,45.61847878390192
train,24.0,25.836797881480752
train,40.0,37.04659164863611
train,18.0,19.13692280881176
train,50.0,32.38194743896167
train,61.0,60.98334086364744
train,15.0,26.523082289095612
train,36.0,47.41735078014481
train,61.0,59.59457404520617
train,54.0,60.902361377650394
train,50.0,49.03001025950113
train,42.0,26.783659762693773
train,61.0,58.759044924224426
train,63.0,50.86136767072593
train,42.0,45.10114612449151
train,15.0,45.22091796825237
train,54.0,64.88247468677866
train,24.0,24.80240187319366
train,38.0,38.940691057993746
train,54.0,56.01595622744283
train,48.0,54.494939249868175
train,56.0,56.68114595788936
train,59.0,60.69145170118892
train,34.0,37.41887826428844
train,44.0,40.55914868071907
train,61.0,57.00741970811961
train,50.0,46.07752079676431
train,44.0,51.9052759499189
train,50.0,52.54396720298481
train,59.0,57.651007961470185
train,61.0,59.40279347136872
train,56.0,53.702566385507254
train,50.0,45.045245306476595
train,40.0,43.831087387161524
train,68.0,58.55684664407377
train,54.0,59.570729597607794
train,59.0,55.73118141769568
train,36.0,48.41543464761675
train,50.0,45.90388771423538
train,63.0,43.6559770760627
train,48.0,53.26523211724343
train,18.0,17.290847095975312
train,56.0,48.421533194151316
train,46.0,49.49472610356158
train,59.0,61.44010621139267
train,44.0,39.17743711877874
train,54.0,61.73470275308955
train,34.0,32.223159680039075
train,24.0,27.688129194847743
train,68.0,60.54969322694031
train,18.0,25.758949417196543
train,34.0,43.65003811046007
train,52.0,54.55258213821075
train,36.0,30.488599866244478
train,56.0,56.44894274986728
train,40.0,44.69915453581247
train,36.0,25.287060015813125
train,68.0,59.23013043357446
train,24.0,21.092015241357327
train,44.0,43.95305782983499
train,50.0,55.65536575008498
train,30.0,43.3035335069374
train,50.0,45.04484765119088
train,36.0,23.688940597995483
train,36.0,31.656604798104024
train,18.0,26.433312771308536
train,30.0,38.38077439725563
train,61.0,58.19479252498846
train,50.0,51.72239642455626
train,59.0,56.47093198355387
train,38.0,43.136844048900876
train,50.0,51.852648094597086
train,36.0,50.30778274343307
train,48.0,52.89995035026147
train,50.0,63.915400370842505
train,24.0,26.066200598177623
train,36.0,42.35904199423786
train,63.0,48.318861441021525
train,61.0,43.282938112136854
train,30.0,40.71679386197085
train,42.0,37.19104055109902
train,38.0,35.832543420498794
train,38.0,42.3832817837591
train,24.0,28.35790707139383
train,36.0,48.48758431435854
train,68.0,58.545444282789674
train,59.0,43.67058713246392
train,38.0,34.95987244637641
train,48.0,51.793392110811496
train,15.0,29.87122357290196
train,15.0,26.953742129822068
train,54.0,58.92066439680177
train,68.0,61.28515808914953
train,54.0,62.311192586298475
train,24.0,24.401758002954185
train,44.0,37.192190848066026
train,24.0,21.885478400716824
train,46.0,48.15938954427479
train,15.0,19.921452726104352
train,18.0,22.147264714396258
train,24.0,26.00868777286532
train,24.0,22.472947635128918
train,68.0,61.90371370223586
train,30.0,39.67853399217052
train,48.0,56.32337221870009
train,44.0,35.25343208433727
train,30.0,35.01229891262233
train,68.0,57.31560277384311
train,15.0,34.632814738435684
train,36.0,49.52599903750664
train,46.0,50.23641011359085
train,54.0,47.377684165564524
train,48.0,51.362564758606354
train,61.0,56.10599325741634
train,36.0,30.31404182089927
train,40.0,43.061980485383486
train,54.0,58.420215595447836
train,54.0,60.82039407148545
train,52.0,54.11083601414521
train,56.0,57.88436155723252
train,24.0,24.67977637004908
train,36.0,26.486830945106508
train,52.0,51.673679673023635
train,68.0,46.9988946276048
train,63.0,50.770834172032664
train,50.0,54.32619335654971
train,24.0,22.91221908701038
train,34.0,33.04336088739404
train,63.0,48.80817706491785
train,63.0,49.213943411093474
train,42.0,24.313845267387688
train,15.0,25.758145809903123
train,30.0,34.728895697644106
train,56.0,55.3484680867436
train,24.0,23.62134280964859
train,24.0,24.67364328154525
train,50.0,50.85669410540919
train,56.0,57.44575280417467
train,48.0,52.56109947023408
train,34.0,28.51200608689935
train,63.0,56.005911986511066
train,59.0,29.950007926788484
train,24.0,23.29190310359575
train,30.0,38.70725588804445
train,38.0,36.182682417388314
train,44.0,41.333961253030466
train,52.0,53.81671917444419
train,36.0,36.02143419273622
train,59.0,58.94301694185559
train,54.0,50.97966049371475
train,50.0,47.48946494284932
train,24.0,29.268793488939227
train,52.0,45.35358658625596
train,63.0,54.76785519243874
train,54.0,63.723670346862875
train,52.0,59.27368643818578
train,56.0,53.714821541715516
train,50.0,64.56176810946529
train,52.0,46.936700024577576
train,50.0,53.18623074171582
train,24.0,21.169166502829555
train,61.0,58.85944847152761
train,15.0,29.317204403996207
train,52.0,45.63524443435008
train,50.0,54.075292682319834
train,50.0,49.459666049710265
train,24.0,24.189442929424654
train,56.0,54.55181688606259
train,50.0,51.84157162282707
train,56.0,54.8359269394237
train,46.0,50.09127091909125
train,56.0,52.86225509768653
train,15.0,30.024411313255737
train,30.0,37.735653538098255
train,59.0,38.46626346782871
train,18.0,18.119729270153087
train,52.0,51.179505228673506
train,48.0,52.16568660197283
train,34.0,31.840866021959624
train,30.0,38.559948318109804
train,24.0,22.88520360058008
train,61.0,57.94663459222819
train,38.0,35.63997169879305
train,50.0,49.946031918368654
train,61.0,57.73248014579438
train,54.0,62.42293290019542
train,63.0,52.33170641865326
train,52.0,52.3077375189429
train,18.0,21.707003297661224
train,50.0,54.133958609925614
train,34.0,27.61049736605229
train,68.0,57.668581122331375
train,54.0,64.38119677244445
train,59.0,59.31952092922881
train,48.0,50.65848069209389
train,63.0,51.48634693596691
train,46.0,51.06094347722229
train,63.0,54.37171055340771
train,34.0,33.160040879270134
train,24.0,21.099239183011196
train,61.0,56.03083262290872
train,36.0,45.059290062982676
train,50.0,53.42590440828988
train,59.0,62.402830655209335
train,59.0,61.611909366590886
train,68.0,58.33703503171674
train,68.0,60.05096917460125
train,40.0,43.42303270097621
train,40.0,40.916858287318824
train,34.0,37.925217613095434
train,34.0,34.273818282299736
train,54.0,59.12819193063805
train,34.0,42.23670554531222
train,44.0,41.885539766157045
train,30.0,36.82982389416464
train,50.0,49.626673236651605
train,40.0,53.14754258964027
train,56.0,39.43753969145106
train,59.0,59.5950281287536
train,46.0,51.16711646819134
train,63.0,47.98462465185982
train,44.0,41.18555182655275
train,18.0,21.921362878326903
train,44.0,42.01685654470422
train,50.0,48.9948989386661
train,68.0,58.61377147942034
train,54.0,60.14221153614321
train,61.0,57.28498150056695
train,63.0,47.944775833807476
train,52.0,55.37253116011482
train,54.0,59.33161631356216
train,68.0,57.56951504672703
train,56.0,54.64735599340079
train,63.0,50.20606248737067
train,18.0,12.277619380203909
train,50.0,50.07740693086539
train,56.0,53.99109622189977
train,24.0,20.449508769538472
train,46.0,47.524291502947214
train,63.0,43.16962477127776
train,36.0,50.83340039359162
train,52.0,49.58236076284177
train,44.0,45.08361312891206
train,24.0,18.99732337371581
train,54.0,60.16732851809572
train,24.0,22.031360243104842
train,42.0,47.575623146590644
train,68.0,57.63501321915764
train,59.0,42.748469342548155
train,48.0,52.47776122732718
train,50.0,52.00147893139378
train,54.0,60.22941341565347
train,68.0,39.07558342932104
train,44.0,50.56260045608579
train,24.0,26.082668838476316
train,68.0,55.94444772164249
train,48.0,39.38327244731646
train,48.0,53.69138772177807
train,54.0,60.81833054544893
train,61.0,62.70094609772171
train,56.0,60.41411255783676
train,48.0,51.388899848528055
train,59.0,57.82339741639875
train,54.0,64.92379885182905
train,50.0,52.80555500604754
train,30.0,47.9507485447939
train,18.0,16.26900455659473
train,30.0,38.203999949100385
train,44.0,40.85365515769567
train,30.0,46.848795187758036
train,30.0,35.70376602568564
train,59.0,48.9562070492677
train,38.0,41.12087391804525
train,68.0,58.544492215287065
train,42.0,46.337417037879824
train,24.0,20.41878128967304
train,34.0,37.28198556608385
train,68.0,59.96542363379777
train,46.0,49.061043364770114
train,50.0,57.05577259430136
train,24.0,23.688694113827566
train,61.0,59.59661162866641
train,68.0,59.08619126486545
train,18.0,22.60484730614491
train,56.0,57.02856795635016
train,38.0,39.853808805894495
train,36.0,39.91741665131886
train,48.0,51.7577956383316
train,38.0,50.76045981077425
train,59.0,32.26756437903843
train,56.0,51.46017784165051
train,30.0,38.12213607034781
train,38.0,52.77916542896648
train,56.0,55.28931672391957
train,56.0,58.20858284394622
train,61.0,56.81180831107427
train,34.0,36.145988672589255
train,61.0,57.27591929823464
train,24.0,21.10971983714198
train,50.0,61.73059106131998
train,30.0,35.396648666400765
train,48.0,50.1549292183392
train,38.0,50.335157204850496
train,36.0,25.755300174411275
train,34.0,33.69393197374856
train,24.0,24.53508567537524
train,61.0,42.48005050440504
train,18.0,23.23124343823928
train,61.0,58.87829750194537
train,61.0,58.80422664530058
train,30.0,38.94553158514859
train,36.0,44.01323677953238
train,15.0,35.735902088132306
train,52.0,55.30547487266617
train,24.0,23.57699393866754
train,38.0,31.82461254144816
train,46.0,49.71492279931538
train,48.0,52.53925593134636
train,24.0,26.50227324209897
train,34.0,33.570232057642
train,52.0,53.73017359358466
train,24.0,18.015065663476992
train,24.0,28.187456109027575
train,34.0,53.101354736718044
train,68.0,59.28034428858918
train,30.0,32.96394693551696
train,54.0,59.09634252731887
train,56.0,52.15739023550406
train,36.0,23.644891411521677
train,63.0,50.533626275076166
train,15.0,30.55586279843491
train,63.0,49.65917608548862
train,63.0,55.72622124930656
train,48.0,49.96377854267902
train,56.0,53.48102416814521
train,68.0,44.76602647944843
train,18.0,24.20467743944348
train,34.0,34.46118638505388
train,56.0,57.27002186587221
train,36.0,38.53740737229273
train,52.0,49.97760536359204
train,63.0,46.39344193835642
train,38.0,44.92809515631836
train,44.0,46.20391884165224
train,61.0,58.01037592899538
train,44.0,43.22548214317544
train,48.0,52.92082383949288
train,36.0,51.31868113765434
train,61.0,60.72178811737044
train,30.0,41.383276649640784
train,61.0,57.82579291675586
train,24.0,22.252363719175467
train,59.0,29.442071754299917
train,46.0,50.22890796689561
train,48.0,53.50580395874099
train,18.0,13.21803245133987
train,42.0,45.278228017063896
train,59.0,48.38790673102204
train,15.0,27.853778234118693
train,44.0,41.46837695012562
train,61.0,59.26495193731189
train,54.0,36.53751965749092
train,44.0,45.02049105907303
train,59.0,63.634083337883986
train,52.0,50.026188191563456
train,68.0,41.70774847282593
train,54.0,62.275313592320515
train,38.0,34.72369778282602
train,63.0,38.97037691917023
train,63.0,51.39047746747942
train,30.0,43.58901493620582
train,34.0,29.677443006037272
train,38.0,35.71898023975063
train,61.0,46.29401168121693
train,54.0,65.43421749788526
train,15.0,27.16262468622839
train,34.0,37.00542826154316
train,38.0,29.248339707463572
train,34.0,45.65288129827525
train,44.0,45.199419110511215
train,50.0,52.494967394973074
train,59.0,58.738605240798755
train,30.0,36.65559588319421
train,50.0,47.591087201847834
train,61.0,58.18245801396063
train,50.0,54.756187058777456
train,34.0,33.14662879545709
train,63.0,48.049524673332186
train,34.0,41.82245109267316
train,15.0,28.888271538275028
train,34.0,36.32536671434936
train,50.0,48.988511490639894
train,50.0,53.28181254689929
train,56.0,52.31155532943262
train,52.0,52.741419592768096
train,44.0,43.03417758384229
train,15.0,33.05228609487912
train,54.0,37.52053524819765
train,48.0,55.373734439846764
train,50.0,46.9929159036614
train,42.0,37.646985418877534
train,50.0,39.09784531837408
train,68.0,58.06744224681141
train,50.0,51.43404174315299
train,52.0,51.3806793507494
train,36.0,39.464106126994245
train,24.0,21.608970463718556
train,48.0,57.35450760360766
train,44.0,41.96434973183958
train,48.0,52.85780335262079
train,34.0,35.658856710782594
train,56.0,50.31159089672668
train,24.0,39.88201136281738
train,56.0,56.20913769758364
train,46.0,46.44474400673613
train,15.0,31.053629599130375
train,48.0,48.5236111288547
train,68.0,59.88877906841017
train,24.0,22.454297757274475
train,40.0,48.324239768107816
train,52.0,39.05401704952462
train,34.0,33.17493058446545
train,24.0,26.051858982838876
train,40.0,46.50484077200228
train,63.0,49.047965896195635
train,34.0,31.666968995508356
train,50.0,51.791089594690504
train,54.0,63.52654017255645
train,24.0,19.949159238925137
train,61.0,55.822619876009675
train,63.0,53.5061090048364
train,63.0,52.6860175977971
train,15.0,27.04088738420706
train,52.0,57.696342867923995
train,46.0,44.933754061545045
train,30.0,33.771109979485246
train,54.0,59.155505895479244
train,18.0,24.989204648131295
train,40.0,44.093718881534876
train,50.0,43.955218005296786
train,46.0,49.69115544254487
train,61.0,60.336413672613375
train,38.0,42.59305529675867
train,50.0,47.68841022725548
train,38.0,39.12679377693206
train,34.0,43.03375591060259
train,18.0,24.489057748810843
train,54.0,64.16569987321327
train,44.0,44.265560010240094
train,61.0,57.772102341282526
train,52.0,50.46986736470637
train,34.0,33.589746786833445
train,40.0,41.05837621589395
train,15.0,31.757110373185814
train,63.0,54.25040908432765
train,48.0,50.961840345947984
train,44.0,43.322557534379
train,63.0,47.04638554415183
train,54.0,49.570408722884075
train,38.0,32.745828444014734
train,15.0,28.04751521255888
train,63.0,43.19220497298596
train,34.0,34.90088630373284
train,63.0,52.77932829946751
train,63.0,48.05425177109253
train,68.0,58.83715163701427
train,54.0,47.56507642516015
train,56.0,54.01639326858595
train,68.0,58.13944112003716
train,38.0,32.91062003986987
train,18.0,18.622320621435787
train,61.0,58.808790068823775
train,42.0,46.88037690399049
train,34.0,30.960031453423042
train,48.0,51.929723788768044
train,63.0,44.17289721260731
train,48.0,53.81917329684749
train,54.0,64.42634114565602
train,44.0,42.550974482644754
train,38.0,37.2915089004934
train,42.0,55.363370100729846
train,59.0,50.01848713764631
train,30.0,40.45225823718257
train,34.0,37.21295882666647
train,54.0,35.912548359754396
train,42.0,38.23685344270062
train,50.0,39.76903019011378
train,50.0,50.33223665948671
train,50.0,51.447097843732706
train,30.0,38.56431303554156
train,15.0,32.356310941941715
train,68.0,57.377038664465786
train,24.0,25.675963221272863
train,54.0,59.531613495885125
train,42.0,41.854985745062756
train,61.0,58.59823013989159
train,59.0,61.79699025683884
train,24.0,22.7852957678442
train,61.0,56.06552212559197
train,61.0,58.05642135249667
train,42.0,39.0646563463416
train,50.0,50.560751799351145
train,61.0,57.82433032087595
train,50.0,53.26412888181047
train,44.0,42.267392308405654
train,18.0,15.253854530009374
train,30.0,40.755589434101694
train,50.0,38.839969786478335
train,42.0,37.13184521238021
train,46.0,41.02204391770423
train,38.0,37.48608049242117
train,59.0,56.504206455090745
train,15.0,20.18826078584458
train,24.0,22.950678217274362
train,46.0,47.59776455143789
train,50.0,51.9734817443026
train,30.0,34.42596326054552
train,50.0,43.10793832919991
train,34.0,28.764941459980303
train,50.0,13.61412495109304
train,24.0,50.97707586680175
train,56.0,49.11241040952241
train,68.0,59.625715273707755
train,24.0,18.84563385894394
train,56.0,55.666139501242945
train,15.0,27.486978327760834
train,36.0,40.8487138447433
train,61.0,59.98337692084441
train,36.0,35.49235655701652
train,56.0,54.746245432560016
train,24.0,27.08097740897452
train,34.0,49.117611988574865
train,68.0,55.44943123457353
train,46.0,50.27939823393483
train,50.0,58.136333289927
train,24.0,21.917704082153204
train,38.0,41.1627450663507
train,36.0,31.145259330125025
train,46.0,46.85604604565488
train,68.0,60.00842260786554
train,34.0,32.78473983543257
train,42.0,39.61955069371315
train,38.0,39.73766874440507
train,50.0,31.42421067143843
train,46.0,45.84057182220264
train,24.0,24.619351414317453
train,18.0,34.447037857496824
train,18.0,36.62738173961358
train,56.0,54.58211099279774
train,38.0,39.21216847465706
train,36.0,39.74866110065609
train,59.0,35.114980018376684
train,59.0,61.78809634328127
train,30.0,40.837101946693124
train,36.0,29.960141385150372
train,61.0,60.247265829292104
train,30.0,36.2105556769883
train,59.0,54.00245281611382
train,18.0,38.68083934904662
train,68.0,59.07307961208388
train,24.0,21.199031373883614
train,46.0,49.44040714089167
train,42.0,36.15796345653063
train,63.0,51.86239239229204
train,38.0,38.08470677446987
train,38.0,36.37585233161819
train,24.0,24.232309689496542
train,34.0,39.62705465617065
train,61.0,57.986690749486684
train,61.0,55.34071230511772
train,34.0,35.45990568316128
train,50.0,52.42573359955306
train,15.0,32.44124586768077
train,68.0,61.5966054079933
train,52.0,36.968320864956866
train,52.0,53.25004217736862
train,50.0,39.585138920641256
train,46.0,47.942205359362674
train,44.0,46.43838999135301
train,48.0,50.479331529222534
train,24.0,24.182974788873544
train,59.0,36.50665434275558
train,40.0,42.711777188906545
train,36.0,43.543486103702335
train,48.0,54.38793994363405
train,42.0,47.25539535253813
train,36.0,23.046345953103728
train,68.0,58.88271120646039
train,40.0,45.28355625605775
train,15.0,28.219327264956362
train,42.0,37.038265523533894
train,61.0,56.62269725434339
train,68.0,58.06118279358757
train,30.0,44.8043941061078
train,46.0,45.65177694877735
train,24.0,23.53894365863464
train,15.0,25.213675315744943
train,24.0,23.235719276709528
train,15.0,28.523597995416353
train,38.0,50.07735369569296
train,56.0,57.39282319109902
train,52.0,50.744482781862274
train,40.0,47.17689625737234
train,68.0,62.07034776546135
train,50.0,51.26576164651874
train,50.0,45.507576265053274
train,52.0,53.09159847636576
train,63.0,51.304020639241394
train,68.0,57.882892534202306
train,61.0,58.27185419887972
train,24.0,25.714334003937022
train,61.0,43.82004677987742
train,24.0,25.785513717123436
train,38.0,27.758040475872214
train,24.0,25.627147388606705
train,42.0,38.86337055198901
train,63.0,47.71361708201628
train,61.0,61.73012617656633
train,44.0,42.67344827391845
train,50.0,59.23181755743033
train,50.0,53.5387921859676
train,52.0,48.410796360356265
train,34.0,31.223882769773816
train,68.0,58.61311275766522
train,24.0,17.870666579834946
train,46.0,45.4549950575883
train,24.0,28.93746838795738
train,63.0,49.74075492977558
train,30.0,37.272142247252226
train,61.0,57.21159265606398
train,61.0,57.8453421207053
train,34.0,32.06947619866906
train,15.0,31.486202118409224
train,24.0,22.84373782041284
train,46.0,45.16843661167333
train,30.0,36.42658182603032
train,30.0,34.54787756917435
train,30.0,42.33739770973986
train,63.0,50.65324568455725
train,63.0,46.77981616733364
train,50.0,30.79473825087755
train,50.0,54.00908536055054
train,38.0,31.867825554425156
train,15.0,35.5969516087296
train,34.0,42.630269716452524
train,24.0,22.69248753832627
train,50.0,48.83139993843442
train,50.0,50.1214122775156
train,56.0,52.15378593657853
train,50.0,49.97846946918213
train,15.0,22.026268729756158
train,18.0,12.913893201443532
train,68.0,57.87450426061617
train,42.0,41.45881861032175
train,59.0,45.15138917776317
train,44.0,46.774117207733894
train,44.0,40.65050289563717
train,54.0,58.0478330625198
train,36.0,24.520433513506187
train,36.0,26.44937716622045
train,63.0,52.04959120663658
train,24.0,27.91490706082231
train,24.0,24.07100184614765
train,40.0,52.99410160024663
train,36.0,37.687958652353736
train,54.0,51.90357156998525
train,34.0,35.04836961751889
train,36.0,37.41124514026113
train,18.0,24.965356185384138
train,44.0,40.189052505619166
train,59.0,61.78701274409907
train,68.0,58.86186697318211
train,63.0,50.65021532427104
train,59.0,50.04370623243311
train,48.0,57.025526027077966
train,30.0,34.047854496478024
train,34.0,30.473318941874037
train,38.0,43.53686800293517
train,59.0,29.70770512515597
train,50.0,48.560345692193295
train,48.0,49.98827730767005
train,38.0,35.8840182416696
train,38.0,33.731065565745695
train,40.0,44.69306865987235
train,56.0,38.94750314644371
train,61.0,56.28373598053332
train,15.0,35.71283831101859
train,34.0,35.5012903469848
train,50.0,44.76079582984192
train,48.0,40.83829349284771
train,50.0,39.89804920834086
train,56.0,53.93001611745478
train,30.0,36.80748998288219
train,48.0,51.225860740602464
train,15.0,23.827315155242676
train,63.0,55.047029896791784
train,15.0,31.39028387478644
train,34.0,36.160596222336714
train,68.0,58.397398866363986
train,44.0,50.827541689452026
train,18.0,39.633956668202
train,63.0,47.471888845615894
train,68.0,60.22621771231172
train,54.0,51.646190621865486
train,50.0,50.92125743805564
train,36.0,35.3064918544532
train,61.0,56.879589923914914
train,40.0,45.84598596418921
train,68.0,49.272285645298155
train,61.0,55.3152002277152
train,34.0,39.66018373531997
train,44.0,43.79334470300956
train,50.0,55.23723119662024
train,24.0,26.308171475857876
train,50.0,46.37415089391391
train,34.0,28.496340385340474
train,56.0,55.165765516114035
train,18.0,15.656263219871636
train,56.0,57.08385798016829
train,15.0,30.899206492261115
train,30.0,38.604102784730486
train,56.0,50.12860150841186
train,18.0,26.58380434777144
train,68.0,60.78466990310323
train,42.0,39.84017170784091
train,59.0,36.84488198968723
train,40.0,44.684663359650656
train,68.0,58.6790538034706
train,40.0,44.83826328720201
train,52.0,54.045311240044725
train,36.0,36.76667712277571
train,15.0,39.71597103581463
train,50.0,58.37816923152739
train,61.0,61.20842414324447
train,42.0,40.94491168217173
train,59.0,38.5820398452589
train,50.0,53.84905988323344
train,24.0,31.53048028955603
train,50.0,51.891435760645656
train,24.0,26.366118136797436
train,59.0,61.89490966918483
train,34.0,24.28381490179952
train,68.0,60.42268945070731
train,59.0,48.462111991635865
train,54.0,59.75022353527988
train,61.0,57.513245585820826
train,18.0,20.195386422492458
train,63.0,49.33695294192671
train,54.0,59.47083070833622
train,38.0,35.22767895611857
train,42.0,42.385116928229316
train,15.0,31.09652258448144
train,24.0,23.440258605755247
train,52.0,53.11808330370806
train,40.0,41.353577057618196
train,18.0,17.78627043406588
train,54.0,47.32776465771733
train,61.0,57.32263797944175
train,50.0,57.29029607403003
train,24.0,20.574816281698563
train,59.0,61.44131798905025
train,38.0,35.81880800691566
train,63.0,51.35027576924478
train,56.0,53.88425257188821
train,18.0,20.465169504851602
train,61.0,58.13806972221575
train,54.0,60.02884470206985
train,50.0,46.6693578609321
train,59.0,60.66305585322837
train,48.0,48.990583380748085
train,24.0,20.74492727590051
train,24.0,25.573375045454494
train,15.0,22.70551236981583
train,52.0,30.95920073863062
train,40.0,43.42096845841182
train,61.0,58.941337713399264
train,15.0,26.97698774929232
train,56.0,57.41122754660051
train,63.0,52.603522567171524
train,63.0,48.74191468105867
train,48.0,49.747032263791624
train,54.0,41.04874224883199
train,50.0,55.180002867514695
train,34.0,43.3014640578858
train,63.0,53.12352639683808
train,44.0,43.3453495319431
train,56.0,54.588174400017216
train,24.0,22.35232146733684
train,36.0,35.80730533701589
train,15.0,10.924899928526855
train,24.0,29.41368713825816
train,61.0,59.00445996808804
train,38.0,36.86675634965558
train,61.0,59.67724734590317
train,56.0,52.03590581093241
train,68.0,58.01920910142905
train,50.0,55.089993566199766
train,56.0,51.83867128676789
train,56.0,51.269874550063356
train,52.0,54.85110320833283
train,61.0,59.30922198255705
train,46.0,48.33518052112383
train,36.0,30.97884023582384
train,18.0,53.36292843214496
train,42.0,42.658967493884525
train,24.0,27.961069272535926
train,36.0,21.53009368883241
train,46.0,43.35926409900556
train,56.0,56.09328604719867
train,63.0,52.049692202694715
train,68.0,37.4219066583995
train,63.0,49.210710843521845
train,54.0,62.15853033159844
train,61.0,47.72716770514988
train,54.0,40.905706616638156
train,48.0,52.34439991926857
train,68.0,59.78734454780127
train,30.0,42.26372025709497
train,68.0,57.5862084269567
train,42.0,41.5306456863519
train,44.0,43.78894613877543
train,44.0,43.53297058673776
train,52.0,50.76626086216784
train,56.0,52.438217876668844
train,68.0,63.21134579552577
train,30.0,45.01627770164209
train,50.0,54.70033277573053
train,63.0,53.0197834987337
train,42.0,42.18244060441269
train,63.0,49.2097859870384
train,34.0,27.33058281102649
train,68.0,59.477125814518025
train,30.0,36.36667947038487
train,56.0,51.656064450857315
train,61.0,51.68796523935157
train,24.0,20.373660505400768
train,24.0,19.84021579298835
train,38.0,39.443777846296335
train,24.0,24.2219965794055
train,59.0,61.468942290535466
train,46.0,48.332051796696405
train,63.0,50.234112170791796
train,18.0,18.933627244285727
train,61.0,58.741167231099276
train,44.0,49.427342174726
train,38.0,32.93137514294087
train,52.0,46.796663254682734
train,56.0,53.47454656381521
train,42.0,38.999939323605446
train,24.0,21.81642184624393
train,24.0,25.978416870305352
train,50.0,55.94220748466119
train,63.0,50.603286628891325
train,50.0,48.84814372042288
train,18.0,20.068695191995094
train,30.0,41.46813043844238
train,40.0,44.51008950845105
train,48.0,50.55218328596074
train,63.0,51.369856741176
train,34.0,38.78731471826593
train,24.0,23.950027970145168
train,42.0,32.80769279852701
train,15.0,37.312008480174704
train,30.0,44.81928804886711
train,50.0,50.69794013734533
train,63.0,52.848561922853236
train,68.0,61.2276521765354
train,24.0,23.257575754555674
train,46.0,57.989395746274965
train,40.0,44.07206013570114
train,24.0,27.252998329164264
train,61.0,54.64703137709491
train,15.0,37.721452301638095
train,38.0,50.249057084016954
train,30.0,40.74618230489261
train,48.0,46.24274816129125
train,36.0,15.042676397831663
train,68.0,61.158632234346555
train,24.0,25.948261999601357
train,24.0,24.108909896455994
train,18.0,19.658997871768978
train,24.0,23.0375154431548
train,18.0,18.643972584115446
train,42.0,24.317306329466863
train,54.0,58.14435082116373
train,36.0,28.99968157502701
train,34.0,54.71340307858226
train,40.0,42.77326588323176
train,50.0,51.26091787471783
train,18.0,39.63830093324083
train,38.0,48.86566275793893
train,52.0,51.88040889654765
train,30.0,45.72342953724202
train,24.0,21.47820654209476
train,30.0,40.03765252564497
train,42.0,39.04589489777213
train,48.0,50.851281932267284
train,50.0,60.570105708711125
train,42.0,26.636101047438455
train,30.0,40.41236499978385
train,68.0,57.14639800252354
train,18.0,22.76091293151437
train,24.0,28.85003825178406
train,54.0,60.72969740506635
train,24.0,25.514957235076082
train,61.0,58.03172333412546
train,54.0,61.96361624199481
train,36.0,38.73577631528727
train,63.0,48.20104137518513
train,46.0,39.46498692963281
train,61.0,58.389582690702795
train,34.0,37.97001705508717
train,52.0,52.946462338039886
train,63.0,49.59267625141285
train,50.0,56.89622012960467
train,36.0,46.64977490197882
train,30.0,36.254866158485584
train,36.0,42.163226389588836
train,68.0,55.58375752216341
train,18.0,35.307589625699464
train,50.0,50.62434061106587
train,34.0,36.4931666244955
train,42.0,38.8889115892998
train,24.0,22.05079859208644
train,24.0,24.327616189260986
train,50.0,52.77480082862018
train,15.0,50.88923844114652
train,63.0,49.836775262030116
train,15.0,24.65115279675169
train,38.0,37.65307924821141
train,36.0,48.46364304858145
train,36.0,52.074392466692856
train,38.0,44.2649102001915
train,48.0,48.62956390297761
train,18.0,46.224199631844535
train,24.0,21.646048924942917
train,36.0,52.74708601952059
train,36.0,31.781400725787982
train,46.0,50.723856566954844
train,15.0,26.96943836866356
train,15.0,29.651840914507307
train,56.0,53.077040983846786
train,52.0,49.74549683370944
train,68.0,61.087045605446576
train,15.0,47.278118828419295
train,56.0,53.259921074550064
train,68.0,56.45712263415474
train,30.0,33.66211177723823
train,54.0,62.19018327326645
train,18.0,22.871394037344103
train,34.0,43.66653995445223
train,54.0,53.13513708861781
train,52.0,54.89087576724337
train,50.0,49.97131915524367
train,38.0,33.4443899181604
train,30.0,40.22559572125218
train,59.0,61.95859233601189
train,46.0,41.47414960355702
train,68.0,58.74878139977109
train,50.0,57.2355879008735
train,24.0,28.013464651974463
train,36.0,31.225808889595974
train,48.0,50.78860770467601
train,24.0,24.490426499724084
train,42.0,27.653602582917273
train,50.0,54.4306684781007
train,61.0,58.427141688232346
train,24.0,22.731139639562958
train,15.0,29.55803178732772
train,63.0,45.33380989216966
train,50.0,29.82832035310524
train,59.0,58.537447496214035
train,52.0,52.852895250787654
train,68.0,56.71591468997324
train,54.0,59.175349800068226
train,15.0,30.676383886273516
train,36.0,40.816400434035614
train,34.0,33.89731152533214
train,24.0,25.33060365128713
train,36.0,36.5921545446308
train,15.0,46.410182299944914
train,18.0,20.989529232363243
train,68.0,56.92145869213532
train,56.0,52.8368723060497
train,24.0,32.47217148495868
train,38.0,28.152877920502146
train,24.0,26.306627895429084
train,38.0,41.59939975377838
train,24.0,21.71448379908423
train,52.0,51.34266247092803
train,54.0,58.352333504196544
train,15.0,26.970020936831517
train,48.0,50.33076665683943
train,61.0,58.1342671867708
train,44.0,45.227539501694146
train,30.0,32.10643838890728
train,48.0,53.552966700206255
train,61.0,58.39271232810615
train,40.0,45.306480175264966
train,36.0,38.01284311457381
train,46.0,45.30524152596871
train,56.0,50.95848444528778
train,40.0,51.76084917207009
train,42.0,42.372152362381534
train,68.0,57.798806744417966
train,34.0,34.871282378761926
train,44.0,41.6155836057093
train,48.0,55.6552869953369
train,61.0,55.77224868455339
train,52.0,56.03931309382243
train,63.0,51.166033885346295
train,40.0,43.518493418409605
train,46.0,49.82891458993289
train,56.0,54.19931907316794
train,59.0,61.51699373451676
train,50.0,41.965657243079654
train,59.0,61.670693143658774
train,56.0,52.24949204876419
train,54.0,41.32087395586739
train,59.0,59.75373007661369
train,63.0,50.23198262052429
train,59.0,56.396663800661
train,18.0,50.34736752541315
train,24.0,42.61127925118819
train,54.0,62.40718989052431
train,24.0,22.430979682010673
train,48.0,54.09898889282455
train,30.0,37.270008049773196
train,24.0,24.895187430999037
train,63.0,43.95103855527615
train,30.0,35.17411655603125
train,18.0,19.05900613651154
train,59.0,58.974630270498004
train,36.0,15.061155820175731
train,40.0,45.77545139356545
train,63.0,49.31742910490179
train,63.0,43.67045436415538
train,40.0,43.12904867014366
train,36.0,40.49765076000986
train,24.0,25.56856161040065
train,18.0,17.54326543128612
train,54.0,58.232307106864724
train,15.0,25.344013947034732
train,18.0,21.34434278259277
train,38.0,38.48803796071594
train,56.0,51.489065435608616
train,24.0,26.461252915548332
train,34.0,30.338858471888106
train,50.0,52.012280331338204
train,30.0,41.69233018420742
train,59.0,44.775118262142726
train,63.0,51.43127314517136
train,68.0,58.73013298398895
train,63.0,47.27934760683773
train,48.0,51.79350899889487
train,40.0,43.46493389829816
train,63.0,54.41294849014552
train,30.0,45.09306854855227
train,34.0,35.3736867990122
train,38.0,35.8004799863223
train,50.0,47.87781596434453
train,24.0,29.430445410168286
train,15.0,49.647045921616495
train,68.0,57.17067434535331
train,42.0,33.94516640374424
train,18.0,22.752388686594944
train,15.0,34.21469092474505
train,24.0,23.654135350472906
train,15.0,30.09812427282349
train,24.0,23.719745135684548
train,52.0,52.92347919684078
train,50.0,55.26388055088803
train,63.0,50.365542563972774
train,44.0,43.95234939669228
train,56.0,54.43996836160327
train,56.0,51.71471087628396
train,50.0,49.25601562443438
train,36.0,29.351257543209524
train,63.0,47.24837054888092
train,63.0,47.89301574527122
train,59.0,36.33401218004997
train,50.0,32.61499650834556
train,24.0,23.34434835766415
train,15.0,31.943502445605247
train,63.0,47.104174114138644
train,61.0,58.047595048236545
train,46.0,46.921337372061856
train,46.0,44.97694085883886
train,54.0,59.48551396839508
train,52.0,45.64607083570691
train,56.0,57.958668343079424
train,24.0,22.8393253866019
train,44.0,43.480269424995186
train,36.0,31.683392630362327
train,24.0,28.291493845284716
train,24.0,21.51461067617023
train,42.0,40.243193659028286
train,40.0,41.784472575176686
train,15.0,44.62570698310909
train,36.0,30.16218320797087
train,18.0,16.932514029131784
train,18.0,38.657785173591286
train,54.0,61.36816490002131
train,56.0,52.925500580103275
train,30.0,39.68450686911437
train,24.0,19.330234993897363
train,50.0,53.0459290342446
train,56.0,54.73976290975068
train,18.0,13.64119034556229
train,50.0,53.18948686655287
train,61.0,57.65607270271863
train,48.0,68.94579052544546
train,30.0,36.451354365891156
train,50.0,49.74590404205804
train,59.0,61.731737823028574
train,52.0,51.9904420194677
train,34.0,44.97765414468468
train,24.0,22.441553638652376
train,44.0,43.499953667521645
train,48.0,51.66664798322926
train,36.0,34.32542272198829
train,54.0,62.769794387143435
train,68.0,58.92178742938718
train,54.0,37.37808163926911
train,34.0,44.954739683604686
train,24.0,23.663653039116962
train,15.0,28.145527151551335
train,42.0,39.274335818489085
train,18.0,46.94840438758312
train,24.0,23.45686435728037
train,18.0,28.345284438478018
train,38.0,34.356114440126724
train,50.0,55.882832977678085
train,18.0,32.44489511559662
train,48.0,54.17902889117077
train,24.0,21.3408386202377
train,38.0,35.23397402454779
train,61.0,59.39474930855802
train,56.0,58.90133262929638
train,30.0,34.43144038063973
train,68.0,56.48038444218372
train,24.0,24.93738360763307
train,30.0,34.29922183375105
train,24.0,22.973140749681335
train,24.0,27.947212533930546
train,18.0,41.476727271349546
train,48.0,53.81920107309226
train,30.0,41.3533583449384
train,24.0,20.828903297437698
train,18.0,31.155698662136665
train,24.0,32.104420423853526
train,24.0,17.662335606209666
train,34.0,46.376378850978504
train,50.0,47.1219260372486
train,68.0,58.53405559573537
train,15.0,34.08343452835997
train,24.0,25.719760999767253
train,18.0,42.54292728821315
train,15.0,29.40894925643076
train,63.0,48.873127881746626
train,18.0,14.562952065460834
train,61.0,57.746629774176874
train,59.0,63.371487510804066
train,30.0,37.506051496718044
train,50.0,49.39602818967127
train,24.0,24.806332391225226
train,50.0,57.08506521575395
train,59.0,50.466160958370324
train,68.0,57.24898674961891
train,68.0,59.722241392181765
train,18.0,22.828631905888752
train,24.0,24.49322056587013
train,50.0,55.17773905761583
train,38.0,52.875175298426825
train,54.0,62.179062597768976
train,36.0,47.67705529514559
train,38.0,35.286095323655935
train,18.0,21.03795728094019
train,59.0,31.965164041242762
train,54.0,63.88751107742373
train,38.0,32.99128753105269
train,61.0,58.07621697308789
train,61.0,59.7048892149163
train,15.0,21.59145636473744
train,46.0,45.22829640726064
train,38.0,34.104158641627386
train,42.0,49.99502372284496
train,15.0,30.45714945267233
train,46.0,48.48449613056253
train,61.0,60.10787357633179
train,61.0,58.318714344847436
train,63.0,49.185199331969834
train,24.0,18.990064629745312
train,44.0,51.44184311889982
train,50.0,40.18375487016566
train,30.0,35.184922901666624
train,50.0,53.57463097754599
train,61.0,57.52229527788857
train,30.0,40.387698371491354
train,48.0,53.22200054512261
train,52.0,52.141663551226216
train,24.0,24.337856790907964
train,38.0,33.632862612672795
train,61.0,58.71552165149361
train,24.0,27.286149902065237
train,44.0,48.4194006785948
train,50.0,55.211323057744934
train,15.0,33.284654404744316
train,18.0,46.03522985639818
train,48.0,47.16565926859848
train,44.0,40.51406984152003
train,24.0,18.895167218796068
train,56.0,54.180022643859886
train,24.0,23.32006589487224
train,50.0,53.64343419019329
train,63.0,49.60058291082295
train,24.0,26.72525952998386
train,48.0,50.7824691440983
train,68.0,61.10462076309243
train,34.0,32.237722135636666
train,54.0,51.507991266321724
train,56.0,51.588482991874436
train,18.0,28.95943232796509
train,24.0,28.032841411911228
train,38.0,51.47892140149106
train,44.0,42.750333370668365
train,15.0,30.29638905826331
train,24.0,25.908536396088177
train,42.0,43.11684473143719
train,61.0,59.35941661717142
train,61.0,59.039583983780474
train,50.0,50.24584077989477
train,50.0,54.49048827804771
train,54.0,50.178066434825254
train,54.0,47.557853696955505
train,50.0,59.65280522537327
train,15.0,33.53211385898947
train,46.0,45.935686481907005
train,36.0,25.802200423050817
train,50.0,40.783222964780094
train,30.0,35.78073034042201
train,46.0,50.33390478565293
train,42.0,38.27466351963824
train,24.0,26.65416251262358
train,24.0,23.450423736468803
train,50.0,52.19470520486747
train,61.0,59.27642130393181
train,68.0,60.36794289152682
train,54.0,62.83673695881463
train,54.0,63.789489668702615
train,61.0,58.96743789257024
train,40.0,41.05503642950975
train,38.0,50.41032139808389
train,52.0,52.28606147752807
train,63.0,49.7224312634406
train,54.0,62.88988245716129
train,30.0,38.70968973688621
train,15.0,35.26543814259144
train,59.0,49.75175934905518
train,50.0,50.63750057100195
train,61.0,42.5545658079128
train,36.0,28.605269459242304
train,68.0,57.48267856221716
train,54.0,54.17798600161078
train,54.0,59.71007040123352
train,52.0,53.40225907454312
train,63.0,36.33304582043495
train,38.0,33.873774764245205
train,50.0,48.39531767022405
train,50.0,52.69438825128407
train,54.0,62.3472643950638
train,15.0,25.234229623851846
train,63.0,45.28499088524813
train,59.0,58.13589812509938
train,68.0,60.37463201419593
train,30.0,36.908559425969315
train,18.0,13.170476529664406
train,59.0,52.990009303935814
train,24.0,25.425429715650544
train,15.0,43.58068737293961
train,42.0,41.39510523584813
train,50.0,47.85153707903983
train,34.0,37.15205841891941
train,18.0,20.956366647374455
train,50.0,49.00206640603485
train,24.0,21.77382270891168
train,48.0,55.91224346917808
train,30.0,37.578225316538955
train,34.0,37.37716879766639
train,59.0,61.24509385600159
train,36.0,46.495702123595365
train,46.0,46.57682795882844
train,54.0,38.970573584329316
train,56.0,53.852760292368984
train,42.0,40.00077647825139
train,61.0,59.15200466826958
train,63.0,44.80114306258191
train,15.0,33.66200777085484
train,52.0,52.117443354550446
train,50.0,57.674897503557645
train,18.0,46.76927205134708
train,36.0,29.519766587575813
train,50.0,50.269484620054115
train,38.0,39.90901261404109
train,15.0,26.96463198109436
train,50.0,34.04157852304453
train,36.0,31.951141588952588
train,46.0,41.119723368044994
train,61.0,57.18384473567514
train,42.0,40.09383087241942
train,48.0,54.0366031960987
train,68.0,58.60403114925725
train,30.0,38.069793194419304
train,56.0,41.28464963223905
train,24.0,25.76365576214489
train,48.0,50.71126687146973
train,18.0,25.348335477703184
train,34.0,31.33683993284582
train,34.0,36.09644515415434
train,18.0,22.368359972015305
train,63.0,51.74817152570101
train,54.0,41.90605075445913
train,48.0,52.180179844605114
train,63.0,52.36285107926221
train,56.0,56.91915311435295
train,59.0,58.18738913836616
train,61.0,59.80201742484954
train,48.0,50.360709505179
train,68.0,59.118130567083455
train,24.0,24.01047330634804
train,30.0,36.94789441424483
train,61.0,57.81838673448155
train,50.0,52.190047714186676
train,56.0,47.02335508546707
train,30.0,35.59960094574804
train,63.0,49.62426442029275
train,46.0,43.49186281161811
train,50.0,51.348020119439056
train,52.0,53.58858864018312
train,46.0,47.452962754508754
train,56.0,49.09285025456452
train,15.0,24.803442925475842
train,34.0,30.910358530527674
train,46.0,39.18361582022868
train,30.0,40.356927834244246
train,52.0,47.878771372707575
train,36.0,18.376665212570362
train,34.0,46.782710129432914
train,30.0,38.354804527117
train,52.0,55.488060731826664
train,15.0,28.88732148412648
train,50.0,54.18809919478593
train,30.0,44.95641967965962
train,24.0,22.88340551381936
train,63.0,51.279752078972564
train,46.0,49.08831558078824
train,30.0,34.06002655415378
train,68.0,39.36044760546243
train,68.0,58.536903011668215
train,38.0,48.54083837813444
train,18.0,26.575789967476144
train,50.0,54.658855414638985
train,54.0,47.964879789027265
train,63.0,48.416677400483636
train,68.0,58.526724421805774
train,40.0,43.10215778186866
train,52.0,53.25995873144903
train,54.0,61.54762749220068
train,24.0,29.095085161755904
train,15.0,52.280965514961345
train,24.0,23.754170388272914
train,63.0,48.881229933327454
train,34.0,33.71853333022097
train,68.0,59.11028614118313
train,52.0,52.84498867694687
train,48.0,50.29927990494346
train,18.0,16.34259622303246
train,15.0,42.39237493048487
train,68.0,59.98001232370734
train,18.0,19.36870970875397
train,15.0,25.45007254250046
train,30.0,34.86102799358028
train,46.0,43.01625125949804
train,63.0,52.31150384231415
train,63.0,45.02983046023523
train,59.0,60.70073708827263
train,50.0,52.99103819386157
train,18.0,19.37270419148797
train,24.0,25.513375934154453
train,34.0,33.37905390272518
train,56.0,54.1908674956581
train,42.0,41.82494382372864
train,48.0,54.482303258912644
train,52.0,51.52258138957055
train,18.0,16.175437582722758
train,18.0,17.48136349156997
train,56.0,41.476154227791895
train,48.0,50.52691305259384
train,24.0,25.129977250112756
train,24.0,22.86773121332736
train,15.0,26.068407751718823
train,68.0,60.57658263940966
train,61.0,60.033714432795406
train,34.0,31.744890331081443
train,18.0,28.032541873366355
train,48.0,54.91593859573351
train,59.0,64.09842526749136
train,36.0,16.50923065771238
train,54.0,48.719714812510986
train,42.0,35.09863417150175
train,68.0,59.176444137171075
train,15.0,30.24770053966817
train,59.0,44.82818467403334
train,63.0,48.82099099920648
train,50.0,48.549148268160714
train,68.0,56.16961378621996
train,30.0,42.1979108018901
train,38.0,34.40818659008147
train,56.0,56.61058333154939
train,15.0,31.255730650561087
train,38.0,34.529386678628185
train,40.0,44.054991583559044
train,61.0,60.649729148411765
train,50.0,44.041737556439024
train,68.0,55.82311636457323
train,50.0,56.86018427336973
train,46.0,49.3527755740747
train,40.0,45.521476657591116
train,56.0,51.17725819002837
train,30.0,40.71555534557243
train,30.0,36.09865142088402
train,40.0,40.35268958198679
train,48.0,53.920779054372645
train,42.0,42.314881125705156
train,38.0,36.31635672392276
train,50.0,54.90667756090821
train,63.0,49.6197741349248
train,52.0,50.11860847818329
train,50.0,54.6326705957847
train,59.0,43.54962707353258
train,30.0,35.923385157589955
train,52.0,51.53107285179302
train,56.0,44.79111228459776
train,44.0,43.81432870707977
train,15.0,43.90841074392252
train,50.0,50.786063055101735
train,50.0,53.92699235812071
train,50.0,53.20246199652482
train,18.0,30.893862224011393
train,54.0,61.946710170760376
train,59.0,32.2230198346752
train,50.0,26.314785076286576
train,15.0,30.076774393191847
train,34.0,45.243968069140585
train,48.0,53.017494962897985
train,61.0,60.07688083355732
train,24.0,22.30966084266741
train,42.0,49.78330931541748
train,48.0,52.81835680242723
train,30.0,40.25444476759245
train,44.0,39.54365713058218
train,40.0,45.597643034698315
train,44.0,39.668640810014466
train,15.0,23.06855559126676
train,18.0,47.56553260262275
train,68.0,58.045070110196406
train,48.0,51.511364180851146
train,48.0,55.170300386511784
train,61.0,59.072603079848605
train,44.0,44.42621567923059
train,36.0,48.967869932791864
train,52.0,55.97833660573278
train,18.0,16.83113964028515
train,56.0,55.486661225922404
train,59.0,57.98386614964418
train,68.0,58.37459131071948
train,42.0,39.010528303977765
train,50.0,54.365678217382005
train,15.0,32.986488895198065
train,68.0,45.58916272159369
train,18.0,20.679857924072724
train,30.0,35.94583365163865
train,46.0,50.534284127884625
train,30.0,36.22202921616388
train,40.0,54.002089158326356
train,54.0,60.716975507910796
train,63.0,45.713434594205786
train,63.0,52.00571208130613
train,63.0,39.702792324729906
train,68.0,59.21616952032035
train,54.0,59.792911441870054
train,48.0,53.57220282671388
train,44.0,41.76276465511146
train,18.0,25.497472830218555
train,18.0,50.351974694912506
train,34.0,35.412266838695594
train,44.0,40.80188471993939
train,44.0,41.24172451910254
train,24.0,43.87791934084995
train,24.0,26.226920108572642
train,54.0,63.266690930528604
train,61.0,59.47819052777119
train,42.0,47.13559129541633
train,61.0,58.85342109840688
train,15.0,33.34057274178307
train,50.0,52.21984111914791
train,34.0,40.861840182475675
train,18.0,24.187542756759335
train,52.0,55.348590934951105
train,46.0,41.999377106346124
train,24.0,25.007056220147987
train,50.0,50.881887279614304
train,42.0,44.6741840385723
train,46.0,51.388282815487074
train,18.0,17.479154894757336
train,44.0,50.40873195101949
train,18.0,32.185011527828394
train,36.0,46.73825709766355
train,68.0,59.165492952564975
train,40.0,43.602647183081245
train,68.0,57.97876969178508
train,18.0,26.947634142743635
train,52.0,52.72146381851454
train,50.0,52.35929112463253
train,63.0,52.49268726251164
train,63.0,48.80162716174553
train,54.0,38.93273430596213
train,48.0,56.09483491859856
train,40.0,46.878319494774274
train,15.0,29.70790844912866
train,38.0,41.79935791757733
train,61.0,59.838937550633275
train,48.0,55.247698116094504
train,34.0,32.55174266322514
train,56.0,56.26031889440502
train,40.0,44.39973272944393
train,63.0,44.607914322775386
train,48.0,51.90752518699459
train,18.0,20.045674412744972
train,63.0,46.46039343476308
train,68.0,59.68955157991256
train,61.0,58.689875933148656
train,52.0,54.044158465100914
train,50.0,59.1232400278891
train,61.0,58.66331487529554
train,42.0,28.130971890361636
train,61.0,56.556069585258605
train,46.0,36.90509304492801
train,52.0,49.45570398696867
train,61.0,58.47685943641723
train,68.0,58.67065429708168
train,50.0,52.095465140394104
train,38.0,34.919644474271266
train,50.0,52.66684130946289
train,46.0,49.779496785585906
train,38.0,44.8138199478662
train,38.0,33.97542961871272
train,61.0,49.924581446629034
train,24.0,26.329284979646918
train,63.0,48.74083254786351
train,46.0,47.08212934653805
train,52.0,42.08820715413056
train,30.0,38.948603011396436
train,50.0,55.53817676179246
train,24.0,25.573425643693955
train,59.0,60.52385066321923
train,42.0,42.27985140054267
train,44.0,42.71611846060862
train,30.0,38.16002449780574
train,18.0,16.95390250856725
train,54.0,63.18530163245955
train,56.0,54.032319056799054
train,44.0,43.707750023883335
train,24.0,28.107848491093453
train,40.0,41.1717871786219
train,34.0,33.996125606151764
train,18.0,18.159902122872456
train,24.0,25.53748220399478
train,24.0,20.990742917846653
train,54.0,60.085169533272165
train,61.0,59.56853779470146
train,24.0,25.21660648534665
train,30.0,39.201206355534325
train,42.0,40.427297646654296
train,56.0,52.715647679272315
train,36.0,27.960246271347316
train,40.0,45.83102028839617
train,30.0,40.140634403001776
train,44.0,47.82957418113614
train,18.0,23.29702400863995
train,18.0,22.83146794011095
train,52.0,56.19569215533775
train,61.0,58.648743222825786
train,24.0,18.15300652143933
train,24.0,23.55994610357598
train,52.0,38.46180066605512
train,56.0,52.309103814911666
train,63.0,54.711621779380586
train,52.0,55.63152591008181
train,36.0,34.152548804623606
train,30.0,39.613654221882115
train,68.0,54.51688389166743
train,24.0,18.250253275946175
train,46.0,43.86437281753472
train,42.0,43.18381328440545
train,56.0,44.90358455502961
train,68.0,59.26352572854648
train,48.0,51.81452364576583
train,44.0,43.70072505122358
train,54.0,37.35764490909873
train,18.0,16.02125121393419
train,56.0,50.27168106745359
train,50.0,43.566412458321224
train,44.0,46.927112741174
train,61.0,59.00588174927269
train,18.0,19.054137893644477
train,24.0,27.38964367972459
train,48.0,51.9644505895667
train,38.0,38.753441836996494
train,42.0,39.65875535187434
train,50.0,45.65037273395397
train,18.0,27.178915661048176
train,48.0,26.352994465846077
train,24.0,37.521049607866985
train,46.0,49.00874968141342
train,52.0,52.079525566583214
train,48.0,52.10407199732321
train,56.0,49.493048615749935
train,63.0,56.904469345719995
train,24.0,23.0573012814118
train,61.0,59.553243588953926
train,30.0,41.55535025299771
train,50.0,55.83204462157386
train,42.0,39.9953969042757
train,52.0,52.166512636655725
train,48.0,55.476901374705704
train,48.0,56.59177294323172
train,46.0,43.38207942246842
train,24.0,23.188024145193896
train,68.0,59.77583018816572
train,24.0,26.567927027792138
train,38.0,36.19716144346561
train,68.0,58.58598273970126
train,48.0,52.657865845784784
train,46.0,50.101230229201946
train,50.0,53.52085932563676
train,50.0,47.01361637883416
train,50.0,47.80804652540721
train,36.0,33.91624710744212
train,54.0,38.77402680969584
train,24.0,29.384797291374436
train,40.0,46.224435445595454
train,46.0,50.352366398470366
train,30.0,36.84423895871452
train,48.0,53.32846875915715
train,44.0,44.44246779905414
train,61.0,56.742150138640895
train,50.0,51.83138247238523
train,44.0,43.170218836692136
train,36.0,26.93587837345426
train,50.0,56.33692355184591
train,56.0,55.26510666727957
train,44.0,42.148035989355634
train,24.0,17.362269759203144
train,44.0,37.867502896278914
train,18.0,21.405168901013198
train,59.0,60.56707595203089
train,18.0,53.40727741119124
train,59.0,53.259967914037844
train,56.0,55.494968737694926
train,54.0,35.20566268136793
train,50.0,48.854171200484615
train,15.0,28.883359502690787
train,63.0,45.38168255070848
train,24.0,26.011363901873263
train,56.0,52.76346439900866
train,50.0,49.51779988308913
train,50.0,52.95968520772412
train,44.0,41.95376392399038
train,61.0,60.57914275507002
train,61.0,59.53431001172979
train,52.0,53.796816878802886
train,54.0,41.28610647916114
train,18.0,17.552979996380806
train,50.0,55.86432672720029
train,38.0,36.625857617185375
train,24.0,27.42874882257054
train,61.0,58.55631488062558
train,56.0,50.11877927137865
train,44.0,51.64597328868604
train,46.0,45.978557476183155
train,50.0,46.46262532673018
train,15.0,29.117825666589063
train,50.0,44.22867478567799
train,52.0,53.21444729789438
train,50.0,52.08848541619662
train,24.0,23.3830079914258
train,48.0,51.0544505886617
train,34.0,45.29917964016336
train,38.0,38.157800571841456
train,38.0,36.12862003762628
train,24.0,17.54210515722824
train,40.0,45.18666192581077
train,52.0,52.55493457684296
train,68.0,58.705990848874926
train,50.0,37.76516576180204
train,15.0,32.23662985315097
train,50.0,38.3337786410412
train,24.0,18.438622347650817
train,30.0,33.70315924657516
train,24.0,26.508388874465584
train,48.0,49.018781861391915
train,30.0,35.67609240279448
train,30.0,40.43961153443114
train,50.0,49.946201750443265
train,61.0,54.551391677963835
train,30.0,33.48400926209176
train,38.0,33.955862724147025
train,54.0,44.65460602343383
train,30.0,38.63367059556893
train,42.0,43.89618713650438
train,34.0,48.4264744692759
train,63.0,48.18247236527627
train,54.0,54.894277821340204
train,54.0,59.67258191657718
train,44.0,47.9115465367442
train,63.0,52.986421413675195
train,30.0,40.51693207572081
train,68.0,60.115225593910495
train,50.0,51.11683462812955
train,18.0,37.62780942771666
train,30.0,39.831797246742376
train,61.0,59.67785706128096
train,52.0,49.72589211215421
train,38.0,35.73877575541974
train,61.0,46.49407629100248
train,54.0,47.61578081893998
train,46.0,48.83433149955935
train,68.0,51.51648569389372
train,44.0,40.96300607033988
train,54.0,41.10196181389041
train,18.0,21.16139799142878
train,42.0,37.91649185637186
train,46.0,45.98372003286527
train,38.0,40.91384963232939
train,59.0,59.09739361806469
train,50.0,52.55053979824792
train,34.0,35.159214299795764
train,30.0,38.55606004338081
train,24.0,23.823369278699158
train,56.0,54.701348314161486
train,59.0,41.290770147942766
train,48.0,51.61421421150857
train,56.0,53.71932241392169
train,38.0,34.836043306306394
train,24.0,21.305258536891852
train,61.0,50.70565529844651
train,61.0,57.61525490435994
train,30.0,34.117333078473976
train,54.0,59.65977290819719
train,54.0,59.255572501804735
train,38.0,56.86700974018349
train,61.0,57.08976684735763
train,34.0,37.632687558560406
train,50.0,49.504160262336804
train,46.0,50.22363455391875
train,40.0,46.13478238235275
train,50.0,60.25709988131441
train,50.0,56.56175334226509
train,68.0,56.55060340823139
train,38.0,46.07505455572452
train,46.0,43.96989667630332
train,24.0,28.850071388821135
train,24.0,22.218693769083387
train,24.0,25.32501449182603
train,46.0,47.58688180122568
train,40.0,35.58055135728303
train,52.0,47.024391397615425
train,48.0,51.92710799194293
train,50.0,44.3333850050102
train,42.0,37.94760182146828
train,68.0,61.12893362836971
train,59.0,36.966021133178096
train,50.0,58.14318939001727
train,40.0,42.05798233140527
train,61.0,40.47415337622905
train,18.0,24.561208643521457
train,42.0,43.31666452705679
train,54.0,59.1585115495278
train,40.0,43.83287407230509
train,34.0,36.4600173024497
train,18.0,21.239285662598835
train,18.0,19.79144521653989
train,18.0,17.828093629535942
train,38.0,32.24753228267456
train,18.0,16.910039682808918
train,44.0,42.087295306731235
train,30.0,46.084480210059354
train,59.0,60.854583666378886
train,59.0,62.03841343897908
train,30.0,37.157979472657
train,52.0,53.648553967452635
train,52.0,45.851112723604295
train,48.0,37.008209602459786
train,34.0,46.82040536181034
train,56.0,50.58547494369342
train,56.0,45.19710042068258
train,15.0,27.010864864458455
train,24.0,18.892339070304825
train,59.0,61.84961535348477
train,38.0,44.77561075313267
train,44.0,49.040380713145716
train,18.0,17.754309019644797
train,54.0,58.771055352874626
train,54.0,50.511094598056566
train,30.0,24.04472051333215
train,68.0,59.03635033418702
train,46.0,51.01685181623349
train,18.0,19.047868111184794
train,56.0,52.898128381269245
train,36.0,26.049542697798422
train,18.0,25.5242474688482
train,34.0,48.51734917865096
train,34.0,35.87206310964211
train,38.0,46.17843432168555
train,56.0,57.180610752596024
train,68.0,59.56121673640582
train,59.0,38.97097603039874
train,50.0,39.31931685484522
train,56.0,51.132384393321416
train,24.0,21.32937174237642
train,34.0,35.135864196157115
train,30.0,35.083801000022994
train,44.0,42.238582707024854
train,68.0,46.784564204587355
train,30.0,37.5701048232563
train,59.0,59.81426191642255
train,36.0,51.3513907450468
train,56.0,55.431945123215634
train,50.0,45.49884745331442
train,48.0,53.31019356068512
train,15.0,29.71998296302521
train,34.0,42.11437116151893
train,63.0,47.303808163273644
train,36.0,49.32128706814724
train,54.0,62.74852826161985
train,63.0,48.185240949278246
train,59.0,62.20742447975596
train,63.0,52.60926269898624
train,38.0,37.98062359550492
train,24.0,26.155617823030383
train,52.0,38.99102238976896
train,46.0,50.42135467150698
train,48.0,51.69825747972621
train,59.0,42.92049345741524
train,15.0,29.579585277602064
train,24.0,19.503103167186648
train,46.0,45.44741458171923
train,56.0,53.67705713356361
train,15.0,23.598700964279747
train,59.0,57.489265480094716
train,63.0,48.44989508749505
train,59.0,44.81233397545001
train,56.0,46.60051197548245
train,18.0,24.125522701234374
train,15.0,18.657641761246992
train,30.0,36.657414357314856
train,54.0,60.958145465995685
train,36.0,32.88329204029447
train,44.0,43.990165052313536
train,59.0,29.352014353232185
train,61.0,60.387194393810155
train,59.0,55.32514788488875
train,61.0,59.73615149356985
train,46.0,46.756414234010435
train,59.0,55.420493303915904
train,34.0,36.346772583486334
train,40.0,43.8929657007992
train,18.0,15.964753773630715
train,36.0,37.685132708468636
train,42.0,39.29928538116658
train,50.0,45.28824506352727
train,18.0,17.439594569173753
train,40.0,41.97685820947973
train,48.0,51.06578972254671
train,59.0,58.020277730726825
train,36.0,31.989474132423645
train,61.0,57.793992067099495
train,36.0,29.918900991913194
train,61.0,59.043638250800925
train,56.0,56.89914665666648
train,24.0,22.76762142156617
train,63.0,49.221637627677694
train,38.0,37.17960510357611
train,34.0,39.37760593469795
train,59.0,61.4495020280045
train,38.0,34.538591283698594
train,24.0,25.15317751445546
train,59.0,58.45316198867076
train,61.0,57.51707621606954
train,48.0,50.19282482217896
train,63.0,37.91956045069716
train,34.0,33.52281740084453
train,52.0,51.845764031499115
train,63.0,48.142344815359145
train,44.0,42.57849634997111
train,59.0,65.06325097217018
train,44.0,46.54742617849748
train,48.0,50.644358513223956
train,63.0,48.89043494714748
train,54.0,60.73690258380617
train,48.0,52.15795384072958
train,18.0,20.08456655428227
train,68.0,61.30451841960948
train,24.0,20.531417390942238
train,36.0,49.233073273928355
train,38.0,34.087268194595914
train,52.0,52.163201531322215
train,24.0,26.59998308203166
train,42.0,44.214677529389505
train,46.0,45.09938742079562
train,56.0,54.70509729506592
train,42.0,41.08216262246838
train,15.0,32.01754612362675
train,63.0,48.97099442506901
train,59.0,59.23380087430955
train,59.0,58.31188010370305
train,56.0,41.31573463563704
train,56.0,58.583397114275044
train,18.0,19.672921490807237
train,24.0,23.294872788071544
train,56.0,47.645524536806796
train,24.0,22.119831589015668
train,30.0,47.489880504869085
train,44.0,35.63644482381387
train,50.0,54.95820246011194
train,34.0,25.305330991421297
train,44.0,40.070108530602575
train,46.0,49.6539731494982
train,42.0,39.94983729292878
train,68.0,62.0721729290679
train,63.0,51.15295281165759
train,48.0,53.26911357540628
train,48.0,52.188183068184046
train,59.0,62.80973430271942
train,63.0,49.37569660023848
train,24.0,23.786502508932976
train,63.0,50.95163202972383
train,61.0,55.76030937188557
train,48.0,52.667905717773564
train,42.0,38.764340564053164
train,38.0,50.65275558681325
train,24.0,25.83183836050256
train,24.0,23.8465558940275
train,24.0,25.220078994709997
train,50.0,56.78603944850963
train,34.0,30.013271260317175
train,68.0,54.07514837769993
train,40.0,42.23342182513501
train,61.0,58.2072262535285
train,63.0,47.997855087770475
train,34.0,43.7636698343273
train,54.0,63.31005537436753
train,24.0,26.838803418400833
train,24.0,21.279610962906872
train,24.0,25.189223236895863
train,42.0,42.25848947041073
train,54.0,58.07263469291921
train,59.0,51.52656441070435
train,50.0,58.97082995402539
train,34.0,33.37739940819767
train,59.0,59.21854517581986
train,46.0,41.85588513758748
train,52.0,52.88717103073802
train,56.0,52.03798331612604
train,38.0,46.97022039121583
train,42.0,41.711298487349225
train,56.0,57.10665150100843
train,52.0,55.0708878583612
train,54.0,62.632222563790265
train,63.0,47.41111461708228
train,34.0,39.26501110288224
train,46.0,44.34152295316035
train,61.0,61.515371496034696
train,59.0,60.44188232535029
train,42.0,41.616626255735895
train,54.0,52.588864447051506
train,30.0,38.438433870815636
train,61.0,57.58090303494911
train,15.0,25.338359621326415
train,61.0,43.14079856814904
train,24.0,22.559878908847462
train,59.0,33.41569760883038
train,63.0,49.35755773766144
train,36.0,26.959689202981888
train,24.0,27.29063142017409
train,44.0,41.12527056474006
train,38.0,33.537936327841166
train,40.0,42.221861035802604
train,48.0,55.76989172976954
train,50.0,55.15330155674098
train,38.0,51.00019834574258
train,15.0,22.648328028244293
train,54.0,46.92383856970958
train,46.0,42.012410879620845
train,50.0,48.08103862768947
train,38.0,50.31171562749845
train,24.0,18.07412519035978
train,59.0,63.015787613550344
train,15.0,54.93828358171233
train,15.0,32.01113107839393
train,24.0,25.601924285792798
train,38.0,37.17304904520206
train,34.0,32.70023121287132
train,46.0,48.1797101046866
train,52.0,50.74786143256322
train,61.0,57.38524627405643
train,36.0,27.857949740654494
train,24.0,24.08221877496373
train,63.0,51.69276928734914
train,24.0,25.08940597830708
train,59.0,59.99552143482357
train,68.0,56.76580350793974
train,34.0,41.5816435909891
train,36.0,46.27941652413727
train,56.0,53.94727131190448
train,36.0,31.32605462431706
train,42.0,39.736540891023
train,30.0,39.53758386128597
train,50.0,47.802496828920674
train,46.0,47.19680297328325
train,34.0,34.18672173357482
train,48.0,52.275343401703466
train,50.0,45.73962163650679
train,34.0,34.39526527558785
train,44.0,41.40681159651956
train,36.0,39.512983603907934
train,61.0,47.901285692476236
train,18.0,16.312114015331783
train,63.0,44.76935181107339
train,42.0,22.933142728969337
train,54.0,63.5038880290931
train,46.0,49.928019300800294
train,36.0,42.203585439803454
train,61.0,58.92730673488906
train,68.0,58.08647139304804
train,42.0,44.94294491394436
train,63.0,49.55093964965727
train,30.0,46.05423385393155
train,24.0,21.68004989918371
train,36.0,27.256399140883126
train,38.0,31.18728088101677
train,46.0,45.514263831150195
train,56.0,53.22722274401378
train,63.0,50.20453456376805
train,15.0,32.759916306903726
train,56.0,56.97486475713423
train,63.0,49.521675479865095
train,56.0,57.46502512611911
train,61.0,57.52125411317464
train,61.0,58.16149744789524
train,40.0,44.550877244256114
train,48.0,50.18196973105503
train,56.0,55.79260852943885
train,54.0,52.841369214809276
train,18.0,22.652862271513392
train,36.0,34.84137214031438
train,34.0,36.79873984818826
train,50.0,59.00621301579853
train,54.0,61.536823613552556
train,54.0,61.69368726090062
train,44.0,43.874878615356046
train,42.0,47.71031380144332
train,24.0,26.82022434151021
train,40.0,43.143339407125346
train,38.0,25.90641080108697
train,44.0,40.39667049252591
train,68.0,58.52206568428491
train,46.0,47.798592137300375
train,50.0,49.854894953973876
train,44.0,45.99760677679988
train,40.0,41.438049458671806
train,38.0,34.67076042516679
train,61.0,57.978512073438594
train,50.0,52.85273791193441
train,59.0,61.116917862267584
train,50.0,14.819402232055214
train,36.0,39.388634848360454
train,36.0,37.30271535960569
train,50.0,53.867966573888445
train,24.0,25.248445904798857
train,48.0,48.17332963345693
train,59.0,46.14780338708185
train,36.0,31.74236995642233
train,30.0,36.276722150944025
train,46.0,48.66065979626452
train,68.0,55.0261599057557
train,52.0,52.44454976661018
train,54.0,61.55010127264947
train,24.0,21.862604925069547
train,40.0,46.00520970507472
train,52.0,52.78136628524979
train,59.0,48.8874096866393
train,52.0,38.70689073738422
train,63.0,41.284220279432695
train,36.0,19.213754761315627
train,34.0,44.046559875714955
train,36.0,52.05488047223561
train,44.0,41.85215762727975
train,42.0,53.897501742259855
train,50.0,56.541359221265786
train,24.0,19.433815740222503
train,54.0,63.945355819035825
train,38.0,32.37631442150679
train,38.0,44.97290407544362
train,18.0,16.001960968535048
train,24.0,25.06864293586494
train,24.0,19.9413455856704
train,18.0,10.940693056919365
train,34.0,31.532292361154013
train,52.0,52.51027465200054
train,52.0,50.19066716150274
train,46.0,43.28515378285352
train,18.0,24.81836802727458
train,24.0,24.13517020215188
train,56.0,55.32045514887085
train,42.0,41.34263526038178
train,59.0,54.72954231921219
train,44.0,41.423456836872745
train,18.0,13.630742502566072
train,48.0,52.19371827775995
train,50.0,56.99109499067805
train,59.0,40.41776817668873
train,24.0,28.134587515196756
train,59.0,64.42461754047855
train,52.0,53.534848118597296
train,68.0,57.520490610470084
train,50.0,52.632494446576096
train,38.0,34.79460309812783
train,24.0,24.717433244662004
train,46.0,47.640905167292125
train,18.0,45.161497612717945
train,18.0,31.996301226591605
train,46.0,48.22416539125223
train,56.0,48.65944730701941
train,36.0,30.955185106991166
train,24.0,19.89701707334642
train,18.0,19.888107562173378
train,34.0,32.233960766519225
train,24.0,26.774844496649525
train,68.0,51.17095723008028
train,48.0,49.4689665164838
train,38.0,40.28250081589555
train,30.0,36.21455571136969
train,36.0,38.09110975855881
train,34.0,33.706042644258126
train,46.0,45.544304445950445
train,34.0,37.14631980679407
train,46.0,51.25595844026043
train,50.0,51.65023439645242
train,24.0,24.960043280936965
train,18.0,29.19374414109258
train,63.0,65.51049085870366
train,54.0,60.22262195269225
train,48.0,52.051671320372485
train,30.0,40.86759759916788
train,46.0,51.25425464402032
train,56.0,55.087672035640665
train,59.0,59.58930924595727
train,56.0,54.72114506932311
train,50.0,57.22611347408218
train,38.0,36.91139641809062
train,68.0,60.08743804292361
train,61.0,58.219058028783685
train,63.0,50.04190367135817
train,30.0,47.59933393502231
train,68.0,61.912201780807585
train,59.0,61.49582690444547
train,59.0,58.23179886017915
train,48.0,52.16006141661924
train,63.0,54.32770769638338
train,24.0,25.060301078894057
train,48.0,43.21662177030669
train,48.0,50.61795189461999
train,52.0,49.326079314852166
train,18.0,22.399590421376782
train,42.0,42.31115580759936
train,61.0,61.759607159032214
train,36.0,42.804312292589906
train,30.0,38.605106007942474
train,59.0,62.99449904488172
train,34.0,33.651163190198524
train,54.0,56.05944742881639
train,42.0,42.34208685622111
train,30.0,37.52486988439814
train,24.0,21.778085940445656
train,59.0,37.046129789437856
train,36.0,33.45289534400494
train,44.0,44.644642449031736
train,24.0,22.41193670892686
train,38.0,45.92153224780293
train,38.0,34.002131675230444
train,61.0,58.190977037583046
train,24.0,22.412286546350796
train,46.0,50.46120030307895
train,18.0,22.157670928552278
train,59.0,50.08487332597309
train,38.0,33.731213692421875
train,59.0,62.147119741763284
train,52.0,52.16898154291218
train,68.0,60.5725259332288
train,30.0,50.83681133499704
train,42.0,46.92034819899884
train,56.0,57.422982624162806
train,46.0,45.22789581768176
train,61.0,56.666040302747206
train,24.0,22.319841167794312
train,40.0,46.93649473827805
train,52.0,40.30801690167143
train,34.0,46.15137385747929
train,44.0,44.12724121083925
train,18.0,25.207961917349504
train,30.0,35.61504183288039
train,48.0,57.219942791804286
train,24.0,18.633218963458265
train,46.0,45.333709353557865
train,30.0,38.533758726604745
train,30.0,36.185857979692656
train,50.0,50.40325419817169
train,61.0,58.538906283378026
train,63.0,54.958741723310524
train,34.0,35.976432416567086
train,40.0,48.33205544265149
train,59.0,59.935646284758405
train,56.0,52.79127498153437
train,24.0,23.636209555884207
train,46.0,47.49982264775695
train,59.0,43.220749996362734
train,30.0,36.68909687097828
train,56.0,56.20304048266286
train,56.0,46.212149107212404
train,59.0,61.519878560230154
train,24.0,21.145636508912435
train,24.0,19.907549986125314
train,36.0,29.944646883169312
train,50.0,34.92105900483132
train,48.0,53.43312632605586
train,40.0,52.223246626363284
train,36.0,47.06001292904189
train,52.0,55.47532813299967
train,68.0,58.312555177728534
train,24.0,17.167317300886534
train,34.0,34.41437025014398
train,15.0,31.697597219568834
train,30.0,40.474544423369025
train,38.0,33.379807072153746
train,54.0,58.485682930148826
train,52.0,51.87050399390473
train,52.0,50.96076303962253
train,34.0,48.92359775511996
train,24.0,23.884240775448223
train,50.0,54.14872873178116
train,54.0,46.759597550341375
train,30.0,36.72166190015522
train,63.0,54.47549049791544
train,50.0,50.40228188070894
train,56.0,56.82356254568412
train,52.0,55.17909237417497
train,63.0,51.67559902884363
train,63.0,53.44087244080305
train,61.0,60.36638430229098
train,36.0,41.605144017053036
train,40.0,46.49043936867078
train,59.0,42.87068497167443
train,63.0,46.2006338670027
train,38.0,39.21635620257515
train,30.0,40.94982526369383
train,59.0,53.06908679733161
train,56.0,51.86522040280136
train,24.0,21.941221594422547
train,59.0,60.310718992730365
train,24.0,21.96027113416662
train,59.0,47.275759058923654
train,63.0,49.867937917000546
train,61.0,58.13018325540412
train,15.0,31.135370375596914
train,56.0,51.00242995571526
train,56.0,53.582596910472915
train,59.0,57.25899308807798
train,42.0,36.61693026624724
train,59.0,58.984805126983474
train,54.0,40.60652687893044
train,34.0,34.8905790616104
train,30.0,34.87616332783807
train,54.0,54.79327452782208
train,59.0,46.607176127849144
train,44.0,35.65345852499614
train,59.0,57.811800432468026
train,61.0,57.19516373592083
train,36.0,50.1587646232609
train,61.0,58.69076790026807
train,63.0,57.13161143736242
train,18.0,43.21613412017916
train,36.0,25.49262079834029
train,50.0,45.271926621268534
train,40.0,45.64975290828999
train,24.0,30.27644354107787
train,54.0,35.39554155405685
train,24.0,24.162065507835003
train,44.0,40.104338686217055
train,18.0,26.4445845593242
train,50.0,46.82137456564573
train,38.0,29.401033550651018
train,18.0,13.730134368766826
train,18.0,17.071012530613295
train,59.0,62.04395199743274
train,18.0,19.431938726902704
train,50.0,55.092867598816895
train,59.0,60.88422177044956
train,63.0,52.127331146282245
train,36.0,36.484385406859246
train,50.0,49.63238570980005
train,48.0,50.608612749985056
train,61.0,58.3750235763354
train,24.0,26.01044445417735
train,24.0,15.050147707769408
train,56.0,46.97124233559181
train,48.0,51.45161525213697
train,18.0,40.76261243319345
train,15.0,33.87426442920169
train,48.0,52.11927454457003
train,68.0,59.463266735327764
train,56.0,53.72876614373513
train,24.0,26.099401685248054
train,61.0,58.2224332494756
train,56.0,55.46059114204859
train,68.0,58.71614510941129
train,61.0,58.32877090578174
train,18.0,56.26840269072281
train,40.0,43.31972100198786
train,50.0,51.55393164924061
train,40.0,44.395181067232244
train,63.0,54.38207222146904
train,50.0,52.770794528526295
train,18.0,18.678048270846784
train,50.0,50.70519979621555
train,61.0,60.2871601778006
train,18.0,28.838794449841156
train,24.0,24.61572563541593
train,52.0,51.802725984449296
train,50.0,53.758213869439324
train,50.0,44.690055605200804
train,38.0,36.315958047167264
train,61.0,57.12362389924197
train,34.0,34.072406752324575
train,63.0,54.97808104139061
train,34.0,29.58275411479223
train,63.0,54.26931484468773
train,18.0,18.41901139047843
train,24.0,21.37427079783216
train,63.0,54.37111720291403
train,50.0,50.970254213143704
train,56.0,52.14120200345127
train,30.0,36.877424648724784
train,30.0,33.764924708827095
train,50.0,47.53259670879715
train,24.0,21.039600172166274
train,63.0,44.652024284550464
train,24.0,23.301619048372995
train,56.0,57.917064307563095
train,24.0,24.097157678417354
train,50.0,48.924504531360256
train,63.0,51.018062848539806
train,46.0,38.998552095509346
train,54.0,60.2970473215995
train,30.0,37.00418677134959
train,50.0,55.37718639917722
train,46.0,47.986191702648696
train,30.0,40.26171317867645
train,68.0,53.3025027541873
train,30.0,36.20466285781402
train,50.0,48.75401850078161
train,18.0,18.86500523578598
train,61.0,60.22416371332643
train,44.0,44.94217700776133
train,59.0,59.88463199502084
train,36.0,33.18429371444406
train,30.0,29.337167007881227
train,63.0,57.66781821982041
train,54.0,41.64187789570305
train,36.0,37.843544551570936
train,52.0,52.40835627447151
train,54.0,62.08972540918011
train,15.0,41.447661579708864
train,30.0,37.655217367770526
train,63.0,49.86181892071915
train,38.0,38.03568502636382
train,34.0,36.819636114089505
train,18.0,24.100081993958813
train,50.0,50.21503771389448
train,44.0,39.63488928085801
train,54.0,51.27284265457965
train,56.0,53.762362068963036
train,52.0,51.652945561061074
train,15.0,22.198666657009824
train,68.0,57.96566798053247
train,42.0,40.28119643989266
train,56.0,51.22273616430432
train,50.0,46.40370522895244
train,61.0,54.898830755307564
train,15.0,25.713612038639486
train,24.0,21.92540206981899
train,56.0,54.72699016477366
train,44.0,47.53780820776433
train,54.0,56.692197926098345
train,52.0,54.766243159452145
train,42.0,38.85358301717658
train,15.0,30.952356471258923
train,38.0,32.911305817228516
train,34.0,31.579605871915433
train,36.0,29.060539587341047
train,61.0,58.813647477781615
train,63.0,51.249839565575215
train,48.0,50.33091522129516
train,38.0,42.7530465321277
train,24.0,22.352384814992185
train,50.0,52.12845739160437
train,38.0,44.27767957746455
train,46.0,48.012976490559886
train,18.0,55.064884264691315
train,50.0,32.40479261924364
train,50.0,49.01961138651527
train,15.0,33.73483182192057
train,24.0,25.5675325398797
train,52.0,47.20896437304559
train,46.0,46.608076328680355
train,24.0,28.99206080516197
train,50.0,50.09947885976517
train,50.0,53.00705544914545
train,50.0,54.49173568336556
train,24.0,23.377172150466674
train,24.0,24.3979589953151
train,38.0,44.14201693953523
train,46.0,49.69485686325463
train,38.0,34.72534790025935
train,61.0,59.392593108171
train,61.0,59.72805527216875
train,44.0,42.80401201636139
train,61.0,61.03785618590733
train,40.0,44.48593999472476
train,15.0,40.40698287422173
train,24.0,24.23880378820207
train,42.0,40.61412314305179
train,56.0,54.636948972049694
train,42.0,39.813529705036764
train,63.0,47.799435873426525
train,24.0,27.612670912516254
train,68.0,61.24266806627992
train,46.0,49.4872181492601
train,18.0,20.463560717637513
train,30.0,37.129224650329526
train,24.0,28.415248449056314
train,54.0,60.905437267274976
train,61.0,56.24564660036104
train,59.0,60.37986394968547
train,36.0,29.852200685884476
train,44.0,41.71768137949798
train,68.0,60.8644132225179
train,36.0,44.055912989358696
train,46.0,43.51017474634769
train,15.0,33.46751996991909
train,30.0,38.656584669964374
train,15.0,27.772206694988455
train,50.0,52.66031789139932
train,15.0,22.85294543811039
train,15.0,25.631899933861124
train,24.0,25.65934393186232
train,63.0,52.254306502660484
train,50.0,42.87260579912246
train,50.0,51.37137973714866
train,18.0,24.541473575998882
train,63.0,50.44533759017154
train,42.0,40.90111695648021
train,61.0,56.127342227044544
train,50.0,51.87935484573801
train,56.0,52.1812796290364
train,50.0,46.042290284795186
train,18.0,43.09844294043577
train,36.0,27.701058362931857
train,68.0,49.89755069205019
train,46.0,45.617345297147565
train,30.0,37.1284581153389
train,50.0,40.36428928809636
train,63.0,46.61792231329901
train,44.0,44.354635039648976
train,46.0,46.62066006410082
train,54.0,59.91749313603357
train,30.0,36.32960365447546
train,46.0,50.59817887646469
train,42.0,39.6084154339642
train,50.0,50.19954282841442
train,42.0,39.40407976666558
train,56.0,56.67837249167397
train,40.0,47.686672414033566
train,63.0,52.6400326638019
train,56.0,55.07734006432143
train,61.0,57.67901533507824
train,36.0,38.1875002616017
train,52.0,50.936310886031414
train,40.0,46.30003458269277
train,18.0,17.736036084992
train,24.0,25.398454985957663
train,30.0,40.12223984274373
train,61.0,57.34982585706432
train,30.0,37.37840897742268
train,18.0,21.210484541479396
train,54.0,61.06656083113437
train,46.0,49.33853373156438
train,50.0,48.69143494936172
train,44.0,49.58739311089985
train,48.0,52.56674162025928
train,30.0,36.14155020492912
train,30.0,39.28560723595956
train,54.0,59.02143771340564
train,59.0,57.206620062332746
train,34.0,29.905332477190658
train,18.0,22.384193376698924
train,54.0,65.74375356932114
train,30.0,35.933951243345206
train,18.0,54.3955287736889
train,18.0,16.700855371004238
train,46.0,46.92517180871307
train,36.0,46.09637773025753
train,46.0,37.86645229214004
train,52.0,49.45894796100545
train,34.0,36.600584828631604
train,52.0,49.22415574934727
train,54.0,45.64359330399365
train,15.0,26.960651042561572
train,59.0,30.536289889797644
train,36.0,50.27068021861164
train,68.0,61.634414700628454
train,46.0,49.93636435713282
train,63.0,55.743780389687004
train,56.0,53.44688527323474
train,61.0,57.06285556426136
train,48.0,51.69826473527355
train,15.0,32.51038381414209
train,61.0,57.44328077535013
train,46.0,40.296908002174824
train,59.0,31.41172373885764
train,61.0,57.913802400273866
train,50.0,53.191810036098225
train,46.0,47.651926542100625
train,18.0,28.16508315215934
train,50.0,47.76081032054691
train,50.0,37.00689001422186
train,38.0,36.18915351174719
train,50.0,50.67508113619638
train,50.0,49.79509163654976
train,50.0,47.43122399411075
train,44.0,45.18688336861688
train,50.0,44.86751247942378
train,68.0,59.24985363476995
train,54.0,62.68324951953721
train,34.0,32.56654674595226
train,63.0,46.584393247465876
train,42.0,31.120400698222596
train,68.0,57.58809669697063
train,36.0,40.75968755432068
train,18.0,37.068750448434336
train,15.0,29.821260661879474
train,40.0,43.71323994050936
train,44.0,43.37088464970913
train,50.0,54.68332599778662
train,68.0,56.04027964324413
train,63.0,48.650577800094815
train,56.0,54.11067044543386
train,46.0,48.21834084854112
train,18.0,17.52383838355121
train,38.0,37.11993819399833
train,56.0,52.46087893218956
train,42.0,43.11152003536863
train,50.0,41.297595390813925
train,38.0,30.324264934901322
train,24.0,23.01362452343008
train,61.0,59.230914594352974
train,63.0,50.180545291108565
train,24.0,21.902428203621604
train,52.0,58.56909344522627
train,52.0,52.756938812229365
train,46.0,50.04928457300751
train,61.0,57.30515853886182
train,68.0,57.23337983268863
train,61.0,58.83815627205393
train,68.0,60.591689326275926
train,61.0,59.0302348264244
train,18.0,26.39119399865999
train,50.0,46.660613413797414
train,46.0,50.37249188695831
train,48.0,51.80246084301673
train,61.0,59.42016028275785
train,18.0,33.35480980387513
train,52.0,50.75043090546861
train,50.0,53.200435517095194
train,40.0,39.50969432545194
train,15.0,31.860554123653486
train,38.0,47.77597447909761
train,15.0,38.631318589670755
train,44.0,38.691235757919316
train,48.0,51.0922303320625
train,30.0,32.439095612953004
train,63.0,50.355425576621315
train,38.0,34.60985724357634
train,18.0,24.990330530580557
train,52.0,53.8850093781775
train,63.0,53.402288662778986
train,36.0,23.72029014431483
train,63.0,49.18153396317092
train,50.0,53.88505644079075
train,40.0,53.302048296811165
train,38.0,32.79663828089656
train,24.0,21.276768426192355
train,18.0,50.86025325517215
train,59.0,60.391342134086216
train,30.0,38.80094378195733
train,15.0,33.83385014643202
train,30.0,39.9224737305286
train,63.0,48.681319831388414
train,68.0,58.002310265386996
train,50.0,37.71177150855394
train,40.0,46.26488838049524
train,68.0,53.68855228626538
train,56.0,54.346130082889985
train,63.0,49.726046501946264
train,68.0,59.81687356183416
train,24.0,18.7188408564539
train,63.0,50.095731895709015
train,59.0,60.079514951303146
train,56.0,55.870057889097005
train,56.0,55.21344837111998
train,50.0,46.92854374844016
train,34.0,43.252846763159965
train,63.0,51.08989484188079
train,44.0,46.258454401521924
train,52.0,52.57397121437008
train,56.0,52.173929287447905
train,68.0,61.27354146522568
train,50.0,56.03234154072217
train,59.0,59.99487924521892
train,48.0,44.294318662469685
train,15.0,30.553386402550927
train,44.0,38.09184705256791
train,63.0,49.223727584195785
train,61.0,58.617053481371265
train,48.0,51.73700048458574
train,54.0,62.375836789078335
train,52.0,54.21846028101092
train,18.0,25.504262599811256
train,38.0,36.80270871351817
train,30.0,37.81999510650742
train,18.0,25.572259420277735
train,50.0,54.148863347215666
train,63.0,49.57090104756932
train,18.0,22.48698730430736
train,56.0,51.523785537336494
train,40.0,43.88640884255072
train,38.0,37.44592341184283
train,56.0,54.36281162058901
train,15.0,31.328146440767245
train,46.0,51.9312816040982
train,54.0,59.94831502446337
train,44.0,44.7912076198931
train,18.0,14.346676868845314
train,15.0,33.152832814542705
train,15.0,28.18726087596331
train,46.0,47.62933065424875
train,24.0,26.341080257322425
train,56.0,56.239315409165734
train,44.0,40.638727665625154
train,68.0,60.48361364266277
train,63.0,48.5701789224226
train,18.0,11.9222093051864
train,59.0,58.40207809571408
train,24.0,18.40431322115513
train,24.0,25.99257998021961
train,38.0,34.98650973744804
train,68.0,57.37959589968128
train,15.0,23.8657916393355
train,46.0,49.255184249724586
train,44.0,41.61950316777107
train,18.0,16.866816712229863
train,18.0,28.90460043773804
train,38.0,29.35444725329588
train,40.0,35.28882532457442
train,18.0,44.96141897822578
train,48.0,52.70668593652892
train,63.0,48.240222203051545
train,48.0,57.495713148659654
train,38.0,38.193195841887
train,15.0,32.10142370955916
train,50.0,53.73130641157252
train,44.0,46.174177531670914
train,68.0,57.29713752039903
train,68.0,61.58749591759329
train,56.0,51.04578286627753
train,30.0,39.1739399238156
train,30.0,38.66276123947957
train,24.0,22.65425382010337
train,36.0,45.09521603529534
train,18.0,15.471781285852327
train,42.0,54.51196525157511
train,40.0,41.28469112164167
train,68.0,60.54402316800659
train,34.0,34.35601960394792
train,24.0,24.807525875771177
train,50.0,54.31752277944065
train,63.0,45.785661108643744
train,46.0,48.94356547938054
train,61.0,59.03532293137593
train,52.0,44.31134666522784
train,48.0,52.84122620956015
train,56.0,54.21228280162103
train,50.0,54.59549221230989
train,48.0,50.986986544183615
train,61.0,55.54934777599415
train,24.0,25.565301536338264
train,59.0,40.866081892889426
train,15.0,31.934977143499196
train,54.0,60.758287866939845
train,36.0,29.042296484542845
train,50.0,44.001770611936216
train,48.0,57.487152989534536
train,24.0,21.75948040243472
train,46.0,52.43970530652043
train,68.0,58.48725235099502
train,34.0,30.094016628164344
train,30.0,36.60073266206759
train,48.0,50.61216684335858
train,61.0,58.11711371969167
train,46.0,48.05472563767429
train,42.0,35.86363319919171
train,59.0,39.66507190615508
train,50.0,53.88528143103153
train,34.0,33.7142826987635
train,56.0,56.42738695565274
train,56.0,55.061418725734256
train,18.0,17.22199309504223
train,15.0,25.62363807896885
train,50.0,53.56522470701778
train,54.0,63.8021890536284
train,42.0,38.36018426173369
train,52.0,47.30209615121861
train,24.0,23.755236712160855
train,50.0,55.24679498705895
train,30.0,31.04292742838028
train,38.0,34.20937689621511
train,46.0,44.86735294048929
train,68.0,57.327065365760916
train,18.0,21.120394324652928
train,52.0,54.26818752363748
train,46.0,42.608013357900134
train,59.0,79.45768202013414
train,52.0,57.200848749080286
train,30.0,36.5218124767673
train,44.0,43.83342049796418
train,18.0,20.28995421506221
train,54.0,59.975133675082105
train,48.0,48.68489653783827
train,56.0,54.996458362238165
train,54.0,59.42043897112358
train,56.0,58.64277735656873
train,44.0,44.701097071863046
train,36.0,35.32294044150217
train,15.0,25.30474877648678
train,59.0,45.80897448966604
train,50.0,49.93661662890247
train,59.0,60.95541384328025
train,61.0,55.43578937089794
train,18.0,24.36719939753749
train,24.0,16.193399290368994
train,50.0,51.96437897613829
train,18.0,23.64490602373451
train,50.0,48.962169458710605
train,38.0,36.250684362592374
train,18.0,38.179089204798665
train,24.0,22.65691058421912
train,56.0,55.71662627607948
train,30.0,51.75309364061895
train,46.0,38.7139566420225
train,54.0,56.38088948432434
train,46.0,51.61891301470034
train,38.0,46.255421588047135
train,61.0,57.032428144950515
train,63.0,53.778963595875204
train,38.0,37.74530156838484
train,46.0,50.94496704228982
train,18.0,20.06390365623152
train,24.0,21.493263865439467
train,61.0,57.867345514525866
train,59.0,61.57112234709749
train,15.0,46.49401633549047
train,44.0,43.114624743986816
train,38.0,32.80264147225893
train,36.0,34.32965106809541
train,24.0,50.04628182308824
train,63.0,47.72305341587695
train,24.0,37.68961678518785
train,15.0,27.600297935071982
train,63.0,55.77338151458287
train,59.0,33.7837860136011
train,68.0,58.560899858899525
train,54.0,60.230780868607006
train,68.0,59.619333227037124
train,48.0,52.5884285388432
train,34.0,40.73789082388912
train,34.0,44.8815675973317
train,40.0,41.98868541606844
train,63.0,48.43089893821926
train,48.0,52.421208805791
train,34.0,32.73435686625422
train,63.0,49.91925092401294
train,61.0,57.56792429135271
train,48.0,51.4326361281132
train,30.0,34.77834369059251
train,52.0,57.67535085545636
train,44.0,48.00389881695957
train,46.0,41.077685830375614
train,63.0,45.0738070229922
train,63.0,48.96965711866579
train,40.0,45.23949435935208
train,34.0,34.60760545751773
train,40.0,44.183063896698464
train,50.0,45.4101619447789
train,15.0,38.49861227007297
train,52.0,51.64704111092361
train,24.0,20.165771857083293
train,24.0,40.743246139595854
train,48.0,52.34129463601971
train,48.0,48.68452688568412
train,24.0,23.713543455677875
train,30.0,37.75581466839843
train,50.0,56.96666232025609
train,34.0,34.182942299142255
train,36.0,48.68746516261225
train,52.0,49.75335213201393
train,30.0,40.390603453555116
train,34.0,37.4822681260247
train,24.0,25.816862598931312
train,63.0,48.401821204219786
train,30.0,35.115469587276465
train,38.0,34.491406761914504
train,52.0,54.609868699326505
train,61.0,55.126793953609166
train,54.0,63.49657634372084
train,42.0,39.6566199700961
train,61.0,56.717480710445244
train,46.0,50.38646232595116
train,42.0,37.87186367106375
train,54.0,63.92340297001256
train,42.0,43.30411591268265
train,63.0,52.10147560771834
train,52.0,52.88632272425382
train,46.0,44.59983698589442
train,63.0,49.74761022700509
train,59.0,50.33035849937792
train,48.0,37.973772085120515
train,61.0,55.02932101116215
train,48.0,51.73929593179571
train,46.0,49.31147266951638
train,59.0,31.484898023338683
train,24.0,46.626083158837865
train,50.0,54.170864275056914
train,56.0,51.20564390357938
train,38.0,30.770687891100547
train,44.0,39.07156306216814
train,52.0,53.0962775874777
train,30.0,41.869754796991
train,18.0,25.31455572210185
train,61.0,58.565167181729194
train,56.0,43.947683485136686
train,54.0,43.339294123460576
train,18.0,13.550867999880502
train,48.0,54.5620485794982
train,59.0,45.367221562684605
train,52.0,51.750363390012865
train,54.0,57.826346755114265
train,36.0,40.788873211027
train,50.0,49.02104136171256
train,63.0,47.78100753978008
train,15.0,39.43464842962598
train,56.0,55.964564405581896
train,24.0,21.879056398336164
train,36.0,42.02618148925776
train,36.0,28.712753501779893
train,68.0,57.48070719694328
train,36.0,28.78142315835947
train,30.0,32.519930843641404
train,34.0,31.64210242404392
train,18.0,21.36549255238234
train,15.0,19.874575566851654
train,61.0,47.11474729063146
train,36.0,46.21990382800065
train,30.0,39.64709974587565
train,44.0,46.51384842229427
train,48.0,56.677427988935605
train,24.0,22.199617463535976
train,56.0,53.41053496796856
train,54.0,61.9424883193811
train,30.0,39.6124046780167
train,24.0,25.689885784700994
train,46.0,49.31934208398737
train,36.0,32.858974150950075
train,50.0,56.65399748928473
train,46.0,48.83513661415177
train,46.0,50.20763774099903
train,59.0,47.51842177053266
train,54.0,62.16939163035955
train,50.0,56.3226505872796
train,48.0,49.88128898260423
train,40.0,44.428642689746006
train,38.0,41.618690026195964
train,36.0,31.71479295626405
train,24.0,23.89966763599569
train,30.0,35.870310095288716
train,61.0,60.23818338023708
train,68.0,57.78188513485652
train,63.0,61.76543773052106
train,36.0,51.43622939371696
train,34.0,36.28849162010994
train,63.0,48.136747792084314
train,40.0,34.54201111502404
train,24.0,23.918562293746
train,59.0,41.39737712059305
train,38.0,32.0888089817128
train,18.0,16.98356716231782
train,44.0,42.003072469130515
train,59.0,26.93798516183516
train,18.0,17.321493711609918
train,54.0,61.8080823135555
train,15.0,29.999154841686767
train,38.0,35.47398609041912
train,38.0,40.22608404990049
train,30.0,35.221234664404626
train,24.0,25.39102114584774
train,24.0,20.350701859975324
train,50.0,36.08835558751675
train,42.0,39.83926516697437
train,50.0,42.83034681522438
train,68.0,57.95695527897768
train,50.0,46.17904788281662
train,54.0,66.20850696652984
train,36.0,23.896055354916065
train,40.0,45.18872582874715
train,36.0,27.556469558168853
train,18.0,23.354693284035484
train,56.0,56.80052310127802
train,56.0,48.63663446592457
train,63.0,54.17754099257341
train,15.0,52.98331408624622
train,48.0,52.400257669262736
train,24.0,24.898454568119778
train,56.0,54.979634122338894
train,30.0,35.025388105426345
train,59.0,56.92447811057181
train,24.0,21.13176516286319
train,63.0,45.23276842196904
train,54.0,40.96336595736001
train,61.0,59.57487858091452
train,61.0,59.076802619398116
train,54.0,59.00199669882205
train,40.0,42.61394550936506
train,54.0,60.70675305493012
train,46.0,46.301587361855645
train,18.0,17.4180779767455
train,38.0,37.13626626298315
train,34.0,36.275450139195875
train,24.0,19.88940751329145
train,24.0,23.37112823605263
train,46.0,47.62732009490988
train,50.0,53.52160529515207
train,52.0,51.67113540282984
train,50.0,48.46647077497977
train,63.0,50.546238716236516
train,59.0,57.15656984350273
train,54.0,62.00129388889043
train,24.0,23.584576256930085
train,30.0,37.76629400583094
train,24.0,21.853496242448966
train,50.0,34.48195623767247
train,38.0,36.70381529146564
train,61.0,58.41206513994605
train,34.0,28.526396035753933
train,30.0,38.73316378809953
train,54.0,58.48525131521818
train,52.0,48.77070443676526
train,44.0,44.235160297569884
train,30.0,36.22266638160329
train,44.0,40.3167473654348
train,30.0,36.78560486074852
train,15.0,23.894585508940445
train,63.0,51.09240231653695
train,54.0,55.15744205869002
train,68.0,57.93923082881254
train,50.0,55.041227469176974
train,44.0,42.085894110357884
train,50.0,54.80490307873562
train,63.0,61.6246041929567
train,30.0,34.03843239177157
train,68.0,58.42383012933125
train,63.0,49.50606213350436
train,63.0,48.73812011585701
train,40.0,46.81067431437315
train,61.0,58.32992101541088
train,50.0,46.43858327478252
train,30.0,45.46214403233799
train,36.0,30.435312136526047
train,50.0,45.063464142274476
train,44.0,44.454801818349594
train,59.0,37.54119255867224
train,48.0,54.09179638072395
train,56.0,51.71129721511174
train,38.0,33.17900835245397
train,54.0,51.58000387677471
train,59.0,57.43780245146536
train,50.0,52.42993491186891
train,63.0,52.69088580297503
train,54.0,60.656734157929314
train,40.0,43.777321018395114
train,38.0,34.70721191725474
train,24.0,14.695480341402853
train,68.0,58.22408334029418
train,18.0,60.17257916959329
train,63.0,47.21388021114651
train,50.0,59.87237247157527
train,42.0,40.8931350709708
train,30.0,38.42216847310753
train,18.0,40.82588553084341
train,68.0,58.7137410661639
train,40.0,43.41676603919594
train,54.0,58.3777630911238
train,44.0,40.44983354858019
train,56.0,56.08766813857656
train,61.0,59.773410208845185
train,68.0,57.601474180354806
train,68.0,58.198081471784626
train,46.0,49.7041237791392
train,52.0,50.21524134763048
train,18.0,22.00203159520141
train,24.0,27.793546853179098
train,24.0,24.107371005882406
train,61.0,59.62838463426764
train,30.0,43.482001294403574
train,38.0,33.96657116766349
train,46.0,47.443937993818594
train,56.0,53.095399781240616
train,36.0,30.179512043090305
train,34.0,34.690364161918076
train,36.0,50.51061637939279
train,54.0,60.143929792405395
train,18.0,20.06641863073936
train,46.0,43.84746222311246
train,59.0,44.688787495533525
train,24.0,17.915423786760556
train,68.0,57.94493923614766
train,52.0,39.067569355317815
train,24.0,24.72703577400052
train,68.0,58.00299268933095
train,44.0,45.489256272124074
train,50.0,54.23135306752026
train,63.0,47.87257429812279
train,68.0,59.636675330479626
train,36.0,13.212050969361876
train,56.0,40.10454442603288
train,50.0,53.061272701008114
train,48.0,52.87873611053497
train,68.0,49.876424307730495
train,68.0,55.155912898703164
train,54.0,40.142144316081826
train,30.0,37.788539508964234
train,50.0,51.32217158781014
train,18.0,33.708335858887544
train,18.0,18.63205374539629
train,44.0,42.57101670046501
train,56.0,40.044080956120425
train,38.0,30.11286263503372
train,61.0,58.95977615632818
train,63.0,44.61456847787207
train,46.0,68.76863561398417
train,24.0,22.240186259135854
train,24.0,45.01962029052634
train,36.0,46.248570909460675
train,18.0,15.43128899413265
train,44.0,43.57351681439776
train,59.0,55.70757395901696
train,38.0,35.80087364590268
train,30.0,35.32762525053433
train,63.0,48.74760214262057
train,63.0,44.23064618852732
train,24.0,31.08591718502575
train,61.0,56.530844780294174
train,18.0,37.362220834127406
train,15.0,29.70499152804468
train,42.0,42.03571660996235
train,50.0,52.1427755848825
train,63.0,50.00469632015224
train,63.0,45.696737825277594
train,18.0,16.798845757661784
train,44.0,43.97401157438915
train,18.0,42.22103677398823
train,68.0,56.220817730307886
train,56.0,51.95096321851645
train,15.0,39.80862439009351
train,52.0,53.67355100824581
train,59.0,34.56615157373155
train,46.0,45.90869210279621
train,34.0,36.40570620161089
train,36.0,27.353556253176777
train,24.0,21.227332736942742
train,34.0,35.55961264529344
train,61.0,58.295798831801406
train,36.0,41.76682309253582
train,30.0,41.728892409041755
train,24.0,27.890496006762838
train,50.0,44.95844291245587
train,44.0,45.431068321295385
train,40.0,48.895147466973114
train,34.0,31.684146480763903
train,59.0,49.269705487330086
train,63.0,48.325638306483256
train,24.0,21.33754448021777
train,24.0,25.159941803708783
train,38.0,36.52938306605107
train,46.0,47.410186261685844
train,52.0,51.23486087447428
train,50.0,50.698355247568166
train,52.0,52.468174771055004
train,15.0,21.924519498508218
train,34.0,30.294708553965563
train,24.0,21.902014177430758
train,30.0,35.98288732600289
train,59.0,58.945433727228476
train,68.0,61.219214878912545
train,54.0,57.44009883591755
train,68.0,57.90400281021515
train,59.0,60.70762118366909
train,61.0,56.308187902143075
train,30.0,35.5285553186976
train,24.0,22.583022747258813
train,44.0,41.55518346009338
train,50.0,57.76687820882845
train,54.0,50.85919616099952
train,50.0,54.67329112041778
train,34.0,34.864473176609344
train,42.0,37.07422349878552
train,15.0,33.063374721303134
train,34.0,39.05177805210675
train,68.0,58.00257661929449
train,68.0,60.039184925045106
train,30.0,37.42381258761691
train,61.0,59.92706174991431
train,24.0,24.40638181055092
train,42.0,46.10370609064536
train,48.0,51.8699898009249
train,50.0,53.823150024035215
train,63.0,49.77257471583108
train,50.0,55.92799820445272
train,61.0,57.19306184193482
train,68.0,58.28391418276261
train,24.0,24.487578400456005
train,48.0,49.412396552247515
train,42.0,37.566734931465845
train,44.0,35.74774604489471
train,18.0,34.1967430273952
train,24.0,23.400749159799926
train,56.0,43.34004879721326
train,18.0,19.71010242066575
train,59.0,53.382234464445176
train,50.0,51.326567090016034
train,15.0,25.415331076319603
train,24.0,29.093912588434726
train,52.0,50.85179748490143
train,50.0,54.35328632770866
train,30.0,39.031107108745765
train,59.0,60.51301149072614
train,50.0,50.719594400804475
train,42.0,48.636955471626536
train,59.0,56.70460421615064
train,44.0,38.27614934928529
train,46.0,53.81535683281433
train,63.0,47.72364449264517
train,54.0,50.25579070155202
train,56.0,53.26863334579415
train,63.0,44.09553931699995
train,42.0,43.369337820321675
train,42.0,23.952126117362212
train,44.0,47.74491313157468
train,61.0,56.349669573764324
train,59.0,54.49808190395173
train,56.0,57.8995040760568
train,40.0,45.580901860724175
train,52.0,54.61622603038874
train,68.0,57.59950016236462
train,52.0,34.50919899585418
train,59.0,58.154658070455014
train,48.0,51.21511496581461
train,34.0,38.97516273642303
train,38.0,39.97385812851713
train,24.0,19.404097343511985
train,46.0,48.73585196651021
train,68.0,61.069614747293855
train,61.0,58.59101772103592
train,54.0,59.118262365590994
train,50.0,48.625287399612745
train,48.0,50.08265111602799
train,59.0,60.19871240667587
train,36.0,41.89693605154424
train,36.0,29.09671795699947
train,36.0,48.90771974943445
train,24.0,24.05846114831593
train,56.0,54.904628852025496
train,61.0,60.83705858463367
train,50.0,54.34849801458727
train,24.0,25.257781517139197
train,56.0,45.1512495451976
train,15.0,22.568969958278466
train,44.0,42.130825819536184
train,24.0,22.37308742682325
train,56.0,52.640784949551694
train,48.0,55.11724579979341
train,38.0,33.87037763634712
train,34.0,33.12472487591503
train,30.0,35.14427581368443
train,42.0,43.890031195458974
train,48.0,54.43285438793523
train,63.0,45.66166066089651
train,54.0,61.660571051164865
train,59.0,61.990258785756396
train,54.0,65.0033807375308
train,15.0,26.969942608264095
train,56.0,51.50740859139006
train,56.0,53.17540461090053
train,61.0,58.08540920911502
train,63.0,45.38366172622903
train,30.0,41.99418464603553
train,54.0,57.35237088680838
train,54.0,65.11030386669802
train,15.0,41.880716540233884
train,68.0,60.655745350785715
train,34.0,34.2646139713501
train,15.0,30.540836752197308
train,68.0,59.58859787053013
train,63.0,48.98409778252993
train,68.0,56.79107557720546
train,68.0,57.55158013780576
train,15.0,31.993836399503834
train,18.0,51.71045731844533
train,54.0,47.642111592350524
train,36.0,49.11267821215802
train,40.0,43.89122414434985
train,36.0,46.832973109397074
train,38.0,41.312174176219784
train,54.0,55.83356015197452
train,15.0,29.018565362781807
train,56.0,55.548031173802286
train,61.0,61.131275420106746
train,56.0,57.11429198812159
train,56.0,52.0117377574973
train,68.0,57.23824342999284
train,30.0,28.05808642332734
train,44.0,40.53559617071426
train,50.0,46.92640272111016
train,40.0,41.257279937688615
train,24.0,18.765147557016157
train,50.0,57.887398349272914
train,63.0,59.81263914586079
train,50.0,54.02386743607798
train,48.0,43.89655554498586
train,63.0,52.73015607965853
train,59.0,59.999536944116585
train,54.0,61.08016780710879
train,61.0,60.37002429871932
train,50.0,53.61767967001611
train,50.0,55.7367967183663
train,36.0,31.84215405367997
train,34.0,36.04276825767008
train,50.0,53.23462768232837
train,56.0,51.42152202588326
train,38.0,37.248427396010186
train,50.0,53.73977819334719
train,50.0,49.054383958233984
train,63.0,52.85217973866487
train,52.0,45.59607112291479
train,46.0,53.22983616352744
train,68.0,58.43314352541395
train,36.0,31.539557858621393
train,44.0,40.861338293162675
train,15.0,33.52908259081144
train,46.0,45.54883455362156
train,38.0,36.2320950260984
train,30.0,43.885787748811666
train,68.0,60.72846630711882
train,18.0,18.576465597632595
train,15.0,44.23458599189851
train,30.0,37.812861570866374
train,18.0,18.38132524849974
train,63.0,47.62373849499677
train,24.0,24.776704475927453
train,24.0,25.520177795452838
train,50.0,50.30462605460172
train,24.0,24.574059199886765
train,50.0,49.57141613656448
train,18.0,14.793232029674357
train,68.0,58.52093283813246
train,61.0,57.613527255981325
train,24.0,21.01020122348014
train,52.0,51.50536585352132
train,40.0,43.95823620572722
train,46.0,46.96607417002426
train,24.0,13.794766418987443
train,18.0,14.473346279427325
train,54.0,61.62812553331422
train,54.0,61.37809285326674
train,18.0,24.149137880368613
train,52.0,52.96477171598269
train,24.0,23.6490773306781
train,44.0,42.778532515368745
train,36.0,30.564576084327605
train,38.0,33.85093275314983
train,30.0,40.442317861051
train,15.0,45.5201122686315
train,38.0,37.27152063738828
train,30.0,37.518341731273935
train,30.0,34.06067708529332
train,24.0,18.408577738313454
train,44.0,40.30690270938598
train,56.0,55.2098582467673
train,24.0,23.959456517375287
train,18.0,24.190684967669277
train,46.0,50.29578920675522
train,34.0,33.507761735248664
train,34.0,33.68142134884066
train,68.0,59.60845608481509
train,36.0,33.873940358003935
train,54.0,59.60564852654715
train,50.0,49.633114810440034
train,24.0,25.073846378652966
train,50.0,41.88156944912712
train,34.0,34.848693790817116
train,50.0,53.182916674439596
train,24.0,24.56916171757017
train,54.0,59.40202697087404
train,38.0,33.89983255189997
train,36.0,48.22087667550256
train,46.0,48.16896284458424
train,24.0,23.411735176123784
train,56.0,54.81070782584574
train,63.0,52.48841326994281
train,24.0,20.071441723961808
train,42.0,29.601237621084707
train,15.0,26.90704294171284
train,15.0,23.574153165638506
train,30.0,27.9049052329069
train,61.0,57.29230251539299
train,48.0,50.61080185662544
train,30.0,37.098020951826946
train,40.0,43.8831355660332
train,54.0,55.25400517573024
train,36.0,46.26922343878705
train,18.0,31.299426115850316
train,24.0,20.47996347615289
train,30.0,37.588517019320065
train,46.0,34.78200030760053
train,63.0,54.72105296771386
train,54.0,61.274644438385046
train,15.0,30.277147448825932
train,40.0,40.02751047654
train,56.0,51.700738674787
train,36.0,40.06219096680339
train,24.0,23.928331820508824
train,59.0,57.23091737284487
train,46.0,54.03388479714366
train,42.0,40.849575739999025
train,54.0,60.45762436355092
train,24.0,25.889865966289182
train,54.0,58.366225532897644
train,48.0,50.13210965754045
train,18.0,34.39006789479775
train,15.0,24.931803256339645
train,50.0,50.320173897934175
train,24.0,22.125137013037634
train,34.0,34.38052159388253
train,50.0,59.70273539001022
train,15.0,44.0911050415512
train,63.0,57.43926043738632
train,42.0,39.44127797950145
train,15.0,17.63397477941646
train,34.0,35.924341500581065
train,15.0,34.425535557662116
train,36.0,47.88752972959181
train,30.0,37.42834512542095
train,34.0,33.10290554350205
train,18.0,51.89189276992521
train,52.0,51.053394138526244
train,50.0,47.2259839495426
train,52.0,52.829671403716254
train,54.0,60.0839578946681
train,61.0,58.49308509132073
train,38.0,36.26574841253597
train,54.0,63.21456209439319
train,63.0,48.831982674406355
train,56.0,50.15900176757107
train,52.0,54.90957245126701
train,18.0,14.454039082686688
train,44.0,39.11217462638089
train,24.0,21.59794597364279
train,56.0,51.65774568742781
train,48.0,51.14721278476107
train,30.0,34.36019448038175
train,30.0,39.41376345844262
train,68.0,58.2979154617783
train,30.0,40.36534567426699
train,18.0,26.709202960195885
train,24.0,25.73090054123074
train,30.0,34.90195324570439
train,54.0,61.79050037630286
train,15.0,27.34430825754933
train,54.0,59.52845062429644
train,38.0,37.70666592370878
train,24.0,24.776949445439026
train,24.0,22.800765374748305
train,38.0,35.28661859740333
train,24.0,21.939401035384098
train,15.0,23.909237784765374
train,56.0,58.83255471346396
train,24.0,21.248673772324263
train,48.0,54.042777586869015
train,40.0,41.69817924114257
train,50.0,48.488981264093766
train,18.0,22.82892337668571
train,38.0,35.052514732402095
train,50.0,46.11746649440751
train,68.0,60.59021632495941
train,34.0,30.0131755009575
train,61.0,58.367834841847284
train,15.0,30.57040624005692
train,44.0,39.77878627915026
train,56.0,53.1637465918824
train,42.0,46.83761632554721
train,54.0,52.17659734577021
train,24.0,18.056193922254
train,63.0,52.74623281507096
train,50.0,50.95357611162489
train,18.0,23.011083587969726
train,18.0,14.908785362173465
train,30.0,36.63835734665528
train,18.0,40.66154489808304
train,59.0,40.09698102358088
train,68.0,36.42457958920622
train,15.0,24.866719300343544
train,46.0,52.06098405406815
train,46.0,41.8714117116438
train,50.0,50.663242370278894
train,38.0,43.63386264524902
train,42.0,39.706531181473764
train,48.0,55.91952309697048
train,68.0,57.84958308974634
train,54.0,61.02781817758739
train,30.0,37.89678958226465
train,24.0,22.011118609834874
train,59.0,57.10902731664358
train,54.0,58.432071816066205
train,42.0,40.71665229846726
train,46.0,49.82784176205823
train,61.0,58.66885409440005
train,48.0,55.458273685440474
train,42.0,35.13125329321699
train,52.0,46.21780582996016
train,52.0,50.13530502692502
train,42.0,41.55961207022101
train,59.0,60.81700587766458
train,52.0,52.29047027689339
train,24.0,18.462253201095
train,30.0,37.50571680746193
train,52.0,53.26364576201932
train,48.0,54.21980741181655
train,34.0,38.23047491453101
train,15.0,30.247487326700778
train,56.0,53.99964741984519
train,50.0,44.26349382962791
train,63.0,48.03578356839618
train,68.0,60.32098535276809
train,50.0,57.9035741055275
train,54.0,65.04444725107192
train,52.0,51.51821141301697
train,59.0,60.77193582848571
train,34.0,31.935785153135093
train,56.0,55.349894250452934
train,44.0,42.589027826460445
train,30.0,36.90178945702664
train,68.0,56.40897061749935
train,30.0,34.5238953631442
train,61.0,48.74722089092795
train,15.0,25.058189652808398
train,44.0,49.80947343807394
train,30.0,42.55849369571419
train,50.0,47.473054164739004
train,30.0,36.206217150242786
train,50.0,51.096883403733685
train,56.0,48.44734835081317
train,44.0,41.41501206544776
train,18.0,14.260718153205051
train,24.0,27.834312059487665
train,24.0,22.276617509688773
train,48.0,53.13558370231233
train,59.0,49.094114629327485
train,68.0,57.422258680405555
train,42.0,30.178193802024452
train,24.0,22.321505627401347
train,59.0,59.72752273828272
train,59.0,56.99671478036922
train,50.0,41.47074120783592
train,30.0,41.67206440829182
train,50.0,47.12790101476038
train,56.0,49.95072791931424
train,18.0,20.582694987777412
train,56.0,53.88769402594316
train,30.0,39.358952867186744
train,50.0,53.56024228659079
train,54.0,62.931519626066205
train,24.0,26.091771065725712
train,24.0,25.801608691447736
train,46.0,44.36854192800863
train,68.0,56.95825946998605
train,40.0,43.801739586761755
train,59.0,45.90740339355077
train,46.0,47.35994736898293
train,30.0,24.927090397323187
train,38.0,29.556168557679257
train,63.0,50.607075063686125
train,42.0,43.75666964772043
train,61.0,58.67100132409288
train,61.0,48.302108172371796
train,50.0,56.452089914448386
train,24.0,25.934399306485986
train,59.0,40.26270503733122
train,44.0,39.27392461231288
train,52.0,50.905229040427855
train,46.0,50.21032664397211
train,15.0,30.41140592127994
train,36.0,50.56219616373698
train,63.0,46.63756132993382
train,30.0,35.442745013344
train,15.0,32.01818807732135
train,40.0,44.761409083406065
train,30.0,36.12130620404485
train,15.0,26.151694354618186
train,56.0,56.8346145015431
train,50.0,54.8486433525876
train,63.0,43.43308307500119
train,50.0,56.74557896922372
train,50.0,49.74875663445665
train,24.0,28.951338458057588
train,68.0,59.42221855400621
train,34.0,35.424807500429836
train,54.0,59.04450725087234
train,56.0,47.89575996427269
train,24.0,22.891547195340387
train,30.0,35.83099198734516
train,38.0,36.06819322721422
train,52.0,44.59136670691789
train,34.0,41.5303895304061
train,30.0,39.28059368218006
train,63.0,55.69797135209511
train,24.0,21.34428471509576
train,30.0,38.22380172771483
train,36.0,31.334807555840424
train,15.0,30.726562476360684
train,61.0,56.52008596622652
train,52.0,49.304440351436796
train,61.0,58.83975316977845
train,24.0,28.787341448541355
train,50.0,51.95574070326577
train,38.0,32.81922293186649
train,50.0,55.81353273557805
train,38.0,29.809764226936217
train,40.0,43.32853116237951
train,50.0,52.84052655092035
train,54.0,58.2370760285153
train,46.0,39.47376928154918
train,46.0,51.9018264109682
train,34.0,33.86867930505258
train,15.0,28.079139847963283
train,54.0,58.77571402523688
train,59.0,58.060960470629
train,40.0,46.7806993837784
train,24.0,23.65574736971173
train,61.0,58.28034177515762
train,38.0,36.116192458576535
train,42.0,37.02598057712541
train,48.0,53.085371750720526
train,44.0,37.76046967538974
train,54.0,62.052040821162336
train,48.0,40.32179237034125
train,36.0,47.73562740144281
train,54.0,56.1777168881812
train,52.0,57.33294375295396
train,24.0,30.603527128423117
train,52.0,49.603436681662096
train,63.0,49.05781728019465
train,38.0,41.24468662147501
train,34.0,34.629828606670976
train,15.0,33.260125461407554
train,63.0,48.997153064565566
train,59.0,46.04911705614481
train,24.0,20.01738890236029
train,24.0,19.89464893830351
train,48.0,55.11840155650751
train,54.0,58.14818633989759
train,24.0,24.908262843202003
train,24.0,23.466012987425316
train,56.0,55.47541970626729
train,68.0,59.21163176707225
train,56.0,55.52721349782938
train,24.0,30.080519112637024
train,50.0,49.10520988235711
train,54.0,58.82963324296254
train,15.0,33.157235738195396
train,46.0,46.02963212910296
train,63.0,37.775812856400954
train,38.0,39.49026935750158
train,24.0,29.903821380672227
train,30.0,41.761362104080135
train,24.0,27.490475711284624
train,52.0,51.78234464490945
train,50.0,54.975187703369045
train,50.0,45.8126648553245
train,63.0,49.797502663464584
train,59.0,59.22376487210561
train,50.0,50.522406328642546
train,50.0,52.8272357562368
train,34.0,49.00780006085656
train,50.0,51.70336415442765
train,40.0,43.585822295021174
train,54.0,64.36127825889122
train,50.0,50.488993305994704
train,42.0,45.594485117692095
train,56.0,38.29806298607522
train,63.0,52.44577866102098
train,59.0,48.26929869786159
train,34.0,34.42011537372224
train,63.0,53.254922311740145
train,44.0,46.30214103189337
train,34.0,44.49684664780245
train,52.0,49.38372710995913
train,56.0,49.16918842827634
train,46.0,50.14319080612235
train,59.0,53.16668172501538
train,30.0,32.09963105700191
train,61.0,59.086473272911334
train,46.0,55.32923671094228
train,38.0,42.70035388990283
train,63.0,54.165665729177604
train,42.0,40.5188304653585
train,63.0,50.3224876780028
train,63.0,50.49008533058617
train,54.0,63.889109179270164
train,61.0,57.56213337314398
train,30.0,39.88190872138057
train,59.0,56.17104177057201
train,68.0,59.83403098133713
train,61.0,57.59525716072318
train,36.0,26.809881991759415
train,54.0,63.73623746848829
train,24.0,25.52221152585416
train,34.0,33.086428576444845
train,52.0,47.018531448377146
train,36.0,32.47667602282061
train,56.0,53.04649167983608
train,68.0,60.9168352221847
train,30.0,35.031104062270316
train,59.0,43.89648527290108
train,44.0,36.64299486119893
train,68.0,41.79974021066985
train,68.0,55.45350681672545
train,46.0,46.092301251526244
train,59.0,59.735011659709784
train,52.0,52.08851378009079
train,24.0,21.76823045904903
train,34.0,36.380420514678086
train,68.0,46.21692886849743
train,15.0,29.330086924592905
train,40.0,35.927112292993556
train,56.0,51.44908173038456
train,40.0,40.96259596248048
train,50.0,57.09842943380039
train,30.0,37.5270871504225
train,36.0,50.28125630426458
train,30.0,37.13451324883666
train,61.0,54.00915051725862
train,24.0,26.04965827200394
train,56.0,53.31653915735428
train,68.0,57.90828114470849
train,50.0,51.81028169534832
train,34.0,38.29638970504274
train,30.0,37.987514201672425
train,24.0,20.68204437410298
train,46.0,46.68599661183321
train,30.0,45.46513342579873
train,24.0,46.188863617371396
train,59.0,44.73816959080705
train,54.0,35.6401643311178
train,63.0,45.182442402068205
train,54.0,49.739695799927524
train,50.0,49.91497549123981
train,34.0,30.86600933388663
train,54.0,65.97309359070996
train,15.0,25.331562351365267
train,44.0,50.61186938829615
train,40.0,43.66667084132491
train,40.0,47.99539086523658
train,61.0,57.7236674241942
train,15.0,30.364433551044318
train,54.0,56.85238469670407
train,52.0,52.02538075633924
train,54.0,60.46748671227638
train,54.0,63.341814618228035
train,24.0,22.582080223151845
train,59.0,31.696205063718327
train,42.0,33.52689988315675
train,15.0,33.36460475680359
train,54.0,61.63347416936785
train,15.0,38.34560358438798
train,59.0,61.740238001850514
train,68.0,57.181585246831276
train,59.0,60.92332868151489
train,48.0,54.711071658253395
train,24.0,25.410009492565976
train,24.0,16.313986857237715
train,24.0,24.94561556070106
train,44.0,42.196250089025476
train,30.0,38.286065192514265
train,52.0,49.3397603929025
train,61.0,58.50758295092295
train,48.0,51.490417634281364
train,68.0,59.486139586539906
train,56.0,51.35603262944119
train,40.0,42.23166623736571
train,59.0,61.288024464211574
train,61.0,38.09135624039098
train,59.0,60.0410178917478
train,50.0,47.00846895253639
train,34.0,32.58888070860633
train,36.0,42.28986355538641
train,30.0,42.061450498805534
train,24.0,25.088670221004392
train,24.0,21.34332214363065
train,44.0,42.88275569378445
train,63.0,51.51477738630182
train,18.0,15.721518438225438
train,59.0,56.86830663591793
train,24.0,19.289298522973723
train,56.0,52.7857845788575
train,15.0,33.604489246093465
train,36.0,32.789401169805885
train,18.0,43.20939510068784
train,24.0,21.925196327825258
train,42.0,28.68721548349705
train,44.0,43.75169702904835
train,34.0,34.2957378366218
train,59.0,61.73454133974985
train,18.0,45.01056700542709
train,63.0,54.25525188730185
train,24.0,25.039494504652005
train,63.0,47.32011541390973
train,63.0,47.54371458704194
train,63.0,48.011201923973246
train,24.0,25.498349432961348
train,40.0,40.90705189830126
train,48.0,52.0905649918438
train,36.0,24.163324724850867
train,18.0,31.226144572641473
train,59.0,57.9408568196146
train,44.0,37.65833330422407
train,18.0,25.3945474525536
train,30.0,32.575261089224696
train,48.0,52.32155544484792
train,36.0,42.73690082699865
train,38.0,38.3837372476719
train,40.0,42.28384000767531
train,61.0,57.094018426236275
train,68.0,59.24007151894618
train,52.0,54.889880846931476
train,68.0,60.212154460190796
train,30.0,44.29826317553787
train,50.0,53.42863420685775
train,24.0,19.92500162504264
train,52.0,50.96806806331214
train,18.0,14.817869832437975
train,48.0,54.56846009375184
train,54.0,48.07961079959432
train,24.0,28.17733103937077
train,54.0,57.35112700596316
train,24.0,27.673094620010552
train,50.0,53.065907811344864
train,59.0,58.664653822182956
train,15.0,34.611867331598546
train,15.0,22.941401825505004
train,59.0,57.555471113122266
train,61.0,59.065547573613756
train,63.0,51.27814555868339
train,34.0,33.127354035657646
train,36.0,46.66813100083067
train,44.0,38.45433076051859
train,48.0,54.57642984493353
train,50.0,53.605847222167824
train,24.0,24.841269890652832
train,42.0,44.95534820358032
train,61.0,58.794064473567516
train,15.0,16.90849710718453
train,18.0,20.299708900219603
train,34.0,51.13946589746054
train,63.0,46.0775460638132
train,30.0,42.00215976886969
train,50.0,50.86280257222948
train,54.0,62.21361678287535
train,46.0,53.08608238483405
train,48.0,52.73626133028038
train,54.0,51.094742857204025
train,24.0,20.595225530476654
train,44.0,44.58606936499362
train,36.0,24.209922063208282
train,15.0,23.977742207708527
train,24.0,20.518034647837776
train,42.0,39.07463143675467
train,30.0,25.16218990047522
train,44.0,38.31147502521393
train,24.0,47.38967892156957
train,44.0,44.455623753648176
train,48.0,54.620847821291875
train,48.0,52.19557460349712
train,56.0,52.55791486899744
train,59.0,55.52275367368572
train,63.0,56.50686873576767
train,68.0,57.63161967779154
train,34.0,27.3106412829241
train,56.0,50.75650085420123
train,68.0,55.98290172267729
train,46.0,46.155211405828545
train,24.0,43.776389988373175
train,56.0,52.678973163016956
train,61.0,59.384775711530466
train,50.0,56.20696421007609
train,54.0,62.81254495386778
train,61.0,57.07124895948928
train,63.0,48.858483343095614
train,54.0,60.67458218956051
train,36.0,33.146779415056294
train,61.0,56.06001037270249
train,44.0,43.938280870932935
train,24.0,25.910342058882154
train,56.0,52.50121565031588
train,24.0,26.33069416442279
train,40.0,41.723865944473886
train,48.0,52.04522500320982
train,44.0,41.988336911441436
train,18.0,39.5105292212848
train,24.0,16.08756276686197
train,59.0,43.144572158987536
train,59.0,58.292636205763436
train,61.0,57.62058968271855
train,50.0,50.68662088005876
train,46.0,45.248529961603005
train,30.0,35.62972105171293
train,63.0,45.3363198461918
train,48.0,52.89960703736175
train,15.0,22.57816631951477
train,46.0,51.90671697984347
train,15.0,30.380896807719637
train,46.0,51.25713147631238
train,52.0,50.07500852317232
train,54.0,53.33595112233827
train,52.0,47.40535445709904
train,68.0,57.67359279967921
train,56.0,52.04665960035877
train,24.0,22.00550213961045
train,24.0,19.309065641112227
train,56.0,56.74979436385825
train,61.0,58.250237303033906
train,68.0,58.16610834321845
train,36.0,41.18513214358427
train,54.0,63.1036891877101
train,68.0,60.66399911778084
train,15.0,24.73844668542045
train,24.0,25.28970874259675
train,59.0,51.30969230999389
train,24.0,25.029665587276153
train,48.0,53.7772971973217
train,48.0,50.1402680054775
train,50.0,15.697927476141437
train,50.0,47.11152520057846
train,24.0,18.223009542104023
train,42.0,42.97485293111589
train,56.0,54.81135734982644
train,59.0,62.328940972076985
train,52.0,42.866281809778734
train,68.0,57.76109011425233
train,48.0,52.13287338867008
train,50.0,58.0685179028689
train,15.0,31.147337484267034
train,61.0,48.76534252254929
train,63.0,47.85468436321424
train,44.0,44.88537871267092
train,46.0,45.91066042733169
train,52.0,52.58955058718655
train,54.0,44.39269033714171
train,61.0,57.550751464367636
train,48.0,50.1840077430582
train,40.0,41.26481838996103
train,42.0,36.790251732730276
train,56.0,57.28482831218755
train,61.0,56.303480707689594
train,54.0,61.33197431874618
train,59.0,58.100531810607634
train,68.0,58.777281138575745
train,63.0,49.195608053574446
train,46.0,45.34450904893071
train,18.0,18.913942007985348
train,54.0,58.27841207904865
train,50.0,48.99121677919717
train,36.0,44.70171495490796
train,34.0,33.13428781067056
train,30.0,35.99094110171701
train,18.0,47.55424173643743
train,50.0,47.17276480004414
train,50.0,47.962534995540864
train,24.0,24.09217910545684
train,52.0,38.81071458958551
train,52.0,55.127516858296026
train,30.0,34.30655611206088
train,63.0,49.92218760707432
train,63.0,52.21005336654818
train,38.0,40.1443827174411
train,38.0,38.37000259220605
train,46.0,48.338305117254414
train,54.0,31.540069131917022
train,15.0,23.11419339492686
train,44.0,47.265099775776314
train,59.0,61.07666118339718
train,54.0,41.63098464732962
train,54.0,61.90937835897489
train,24.0,28.615800028653076
train,44.0,42.68866300439503
train,42.0,27.60506013578519
train,56.0,54.685034015886885
train,24.0,26.360369721009498
train,46.0,53.00616528773326
train,59.0,43.225406528112956
train,59.0,48.15797524238579
train,30.0,38.01383934534605
train,18.0,34.56607053710928
train,59.0,61.74827365040768
train,46.0,50.261992627390875
train,68.0,56.31309368908714
train,59.0,50.228037578268534
train,48.0,55.0151458049803
train,48.0,55.8299932112329
train,30.0,36.01578778431856
train,48.0,49.91716865010085
train,24.0,24.286405546751876
train,56.0,50.41981885271608
train,50.0,52.38231366556943
train,15.0,32.845777547822046
train,38.0,33.27394700207672
train,48.0,53.911380800042735
train,24.0,25.392738785285907
train,36.0,23.05040908073191
train,44.0,40.02881741207161
train,38.0,37.75811516007325
train,61.0,59.27140774262331
train,63.0,50.14934887647636
train,24.0,23.089996208864637
train,54.0,46.312503028194286
train,61.0,57.55799052583335
train,42.0,36.37451931912365
train,63.0,51.105813623506336
train,18.0,19.36545731129429
train,68.0,57.518958720479155
train,63.0,48.3415560383418
train,44.0,43.3918974776221
train,50.0,51.435121550662174
train,61.0,59.397801755098214
train,38.0,38.03649197210208
train,54.0,49.81712013191044
train,34.0,31.88349080636809
train,68.0,59.59634462159024
train,15.0,30.402867219349314
train,54.0,56.942955176925814
train,63.0,48.13467702725052
train,30.0,38.40566231944681
train,50.0,43.91819873725757
train,24.0,22.428201050380164
train,63.0,49.59206549454758
train,38.0,31.648834264772525
train,38.0,49.68813137921639
train,36.0,32.89541566717119
train,48.0,53.89197154971482
train,54.0,61.73929545302091
train,59.0,59.39647957026769
train,42.0,47.08617496704723
train,59.0,56.959120539587055
train,34.0,34.39825381129336
train,18.0,18.72043901629831
train,56.0,55.47058780139799
train,63.0,52.07606314596417
train,56.0,56.0564132501855
train,61.0,58.60475610904702
train,59.0,56.89111026523656
train,61.0,59.04384037844652
train,15.0,43.048549126951215
train,59.0,51.850967420278
train,42.0,45.593481228873486
train,24.0,24.239923519397593
train,24.0,24.158157735169855
train,15.0,30.761806417946044
train,50.0,49.19849089983907
train,54.0,56.09064092109481
train,36.0,31.521565831043706
train,18.0,20.13205940916867
train,61.0,58.66846413768236
train,63.0,48.75211389140002
train,56.0,54.65990093717726
train,38.0,29.514372494977472
train,46.0,49.08412327752967
train,50.0,48.188305686657756
train,59.0,44.976212116049304
train,38.0,38.21984576813968
train,59.0,57.738053517647494
train,68.0,58.342740834587914
train,68.0,58.72407204609882
train,34.0,41.767366923995596
train,36.0,34.50127834018846
train,59.0,61.30037783981648
train,63.0,50.00537590309844
train,34.0,34.48482581961074
train,36.0,34.59425096332925
train,48.0,53.43056594661256
train,46.0,44.88129967024482
train,54.0,44.855623170876136
train,63.0,48.985224401899956
train,59.0,59.367126376506185
train,38.0,33.57358446326543
train,34.0,28.528721530190623
train,40.0,45.136820089318746
train,24.0,22.10136271575223
train,24.0,20.973811794136317
train,15.0,26.1188076132374
train,68.0,61.966195812888465
train,34.0,37.660401235864384
train,63.0,46.65260523778379
train,38.0,40.60626051655951
train,52.0,42.171660205695886
train,46.0,44.27228104450409
train,42.0,38.70454688093571
train,56.0,53.97135423140452
train,48.0,52.75242522944679
train,59.0,55.48038488140648
train,24.0,27.34345679263323
train,54.0,63.33153961149162
train,24.0,26.13994487450816
train,68.0,57.06705928880224
train,40.0,43.363360304798135
train,59.0,59.9093308205771
train,40.0,46.635331299738496
train,63.0,53.627857150605436
train,63.0,50.13905200767748
train,38.0,30.487595256504537
train,48.0,51.238203016580265
train,42.0,44.929886030487296
train,56.0,50.89909078678704
train,30.0,36.50643039131964
train,56.0,52.86514651574555
train,38.0,43.70384841227853
train,63.0,48.82878830781762
train,36.0,49.7763142421753
train,59.0,56.17315763810343
train,48.0,51.32462399859732
train,56.0,50.15891627649927
train,18.0,27.209094421192326
train,54.0,62.24562850239825
train,30.0,39.06529934868598
train,42.0,41.510237310310316
train,44.0,41.91608009634418
train,15.0,27.60261677835262
train,36.0,38.59250072547117
train,30.0,37.078979852078035
train,18.0,20.030996896757237
train,30.0,37.34915834335519
train,63.0,50.57100155088921
train,18.0,25.055899976542435
train,24.0,24.601688713107873
train,50.0,46.89729493613717
train,36.0,47.89632799106592
train,24.0,22.651881132045855
train,61.0,59.133652601999046
train,59.0,57.69564454585232
train,50.0,49.095534584742715
train,61.0,55.092988345236016
train,15.0,29.562709847948167
train,61.0,59.10423889614773
train,34.0,38.26451732675752
train,24.0,25.588087682881696
train,50.0,51.38790159113104
train,61.0,57.051873177593265
train,50.0,40.39735381414168
train,18.0,20.755153478280356
train,24.0,21.160911371771107
train,50.0,48.23611239477062
train,50.0,48.329301728181356
train,36.0,34.33733013222446
train,50.0,56.27148197146838
train,50.0,55.148230079858024
train,34.0,36.15932714608617
train,15.0,31.67915274013119
train,15.0,25.06949886860878
train,56.0,57.04907457843658
train,63.0,46.98429817647484
train,38.0,36.75485642063205
train,24.0,24.50752249933924
train,63.0,47.56690491717319
train,46.0,48.17364536603674
train,30.0,43.409646211944334
train,59.0,58.80339999845256
train,18.0,26.23249455830134
train,50.0,44.12749086990179
train,44.0,39.95491341668654
train,61.0,55.848548988871286
train,50.0,55.35290259428457
train,63.0,44.83231653698215
train,42.0,47.490520912640584
train,24.0,27.080487051513586
train,52.0,53.073131477678864
train,54.0,48.213852831290076
train,24.0,25.40158961342765
train,30.0,36.52526124784199
train,59.0,58.289596099781775
train,24.0,25.955499358896738
train,63.0,49.87152243828159
train,46.0,47.90989620038141
train,59.0,53.73791385261407
train,50.0,53.274598751525275
train,54.0,58.756591926957995
train,30.0,25.76850222263704
train,24.0,20.828667968940287
train,30.0,36.810136982201215
train,36.0,37.206588844961026
train,38.0,34.95463332434092
train,34.0,32.53154461842166
train,24.0,24.523026408235985
train,68.0,59.37676589153495
train,34.0,37.64836807572082
train,24.0,26.09226165650144
train,63.0,49.84268509237062
train,56.0,53.79591145942205
train,18.0,20.830377427845082
train,50.0,40.01895722480173
train,50.0,51.44880642707137
train,15.0,26.227634987362723
train,15.0,19.076575802005486
train,61.0,58.21275980440125
train,63.0,50.11585064042504
train,44.0,46.423878573684675
train,34.0,31.704592652558752
train,30.0,44.00300649267188
train,48.0,53.6863322710235
train,50.0,50.531749584832966
train,50.0,54.84328503037652
train,24.0,23.20037544684049
train,61.0,59.51170923462459
train,40.0,46.94108940728455
train,24.0,18.062620655625043
train,24.0,27.175266050152963
train,24.0,22.14774739266453
train,30.0,39.829626452118106
train,46.0,47.29213081588029
train,38.0,37.199289048368776
train,15.0,45.209330944978326
train,59.0,58.24533088906212
train,50.0,45.30308450821538
train,56.0,56.63403983967382
train,52.0,53.51168666945922
train,50.0,56.54935027977473
train,24.0,26.19100785267373
train,56.0,48.34770695381545
train,24.0,22.111451022278015
train,48.0,52.73201238373678
train,52.0,48.219450023618414
train,30.0,42.20077821358411
train,18.0,26.787331122376322
train,54.0,62.22098931776786
train,24.0,20.20610584047867
train,30.0,39.57779715589939
train,30.0,41.37511144094608
train,38.0,40.74564005798327
train,56.0,52.083860703576434
train,68.0,58.02775274672491
train,24.0,23.19370452781788
train,44.0,44.888790395181594
train,63.0,54.35756717055372
train,56.0,53.1878566874835
train,36.0,47.28382876204559
train,59.0,30.32036290773173
train,30.0,38.01668004008981
train,59.0,49.54453460298919
train,61.0,56.02061172213485
train,30.0,33.43557692638234
train,56.0,56.20670110724218
train,50.0,44.92003126905707
train,56.0,57.23175815091089
train,24.0,18.489878345590963
train,61.0,59.177222802212825
train,42.0,40.05347332936838
train,50.0,51.37450423614923
train,59.0,42.86314086536507
train,54.0,61.00400049207403
train,44.0,41.45076978095077
train,52.0,50.83126690490434
train,15.0,27.285037349438735
train,56.0,51.4888590147635
train,52.0,49.95808926857045
train,50.0,89.25162498924507
train,44.0,37.149857755014864
train,30.0,27.54822958928686
train,50.0,49.798168925847555
train,40.0,46.56559355316428
train,50.0,50.75571757759785
train,30.0,36.84311317342177
train,54.0,63.107574445168304
train,50.0,46.28264943622562
train,61.0,60.79033094808007
train,50.0,48.556623941561895
train,59.0,59.225225919866816
train,36.0,15.902089319760265
train,24.0,21.06331086312458
train,38.0,39.89070446482183
train,50.0,49.81604478954008
train,30.0,42.72257941071889
train,24.0,22.161900438642277
train,38.0,31.472181942777205
train,56.0,52.704113203409314
train,50.0,57.895901692570035
train,42.0,39.261902683342605
train,56.0,47.22614666926857
train,18.0,20.296371832371648
train,44.0,46.808641267996556
train,52.0,56.66190525993518
train,18.0,19.582324123333354
train,30.0,39.50622259037177
train,59.0,59.624092699470204
train,56.0,55.00803712423539
train,30.0,35.929807104217986
train,50.0,51.492785204799084
train,48.0,49.53655072386669
train,34.0,45.72031705389966
train,59.0,28.242057011804846
train,48.0,46.45453387603609
train,18.0,23.93452487400888
train,68.0,59.96352510148433
train,50.0,54.41916675292189
train,38.0,38.72280119524503
train,54.0,57.01527426333201
train,44.0,39.075284245847364
train,44.0,44.92732193595362
train,24.0,25.480648288972315
train,52.0,54.82942947127149
train,15.0,28.075751461923513
train,34.0,34.90713914776819
train,63.0,49.41253354430354
train,59.0,56.9586714005493
train,56.0,56.00579384100416
train,68.0,56.826779645581766
train,50.0,52.92311662094281
train,30.0,34.99126756003133
train,42.0,43.012477022964184
train,61.0,43.23112747342296
train,52.0,50.11491611676747
train,48.0,45.877791093510446
train,50.0,52.82288035488421
train,59.0,59.303009937238926
train,24.0,21.230588442344267
train,61.0,56.19990882486106
train,30.0,39.16752806866524
train,56.0,53.7691511706109
train,61.0,61.612765562670546
train,48.0,53.61712027025714
train,56.0,56.80308248982806
train,42.0,38.91216508956556
train,24.0,26.61090977994705
train,34.0,38.11511520486418
train,44.0,42.82763563281001
train,36.0,31.656421720505755
train,40.0,43.45969971852078
train,34.0,29.84242723979298
train,40.0,46.46737387150499
train,52.0,45.6744754049473
train,50.0,42.953490957256854
train,15.0,30.224788727475936
train,42.0,37.90504451316836
train,36.0,47.23908137435149
train,52.0,51.15364531483565
train,24.0,23.829391960289332
train,61.0,55.97370790319792
train,63.0,52.6816684837316
train,63.0,42.18623203676777
train,48.0,48.71765240433245
train,68.0,61.40245745772744
train,63.0,51.8391076995731
train,56.0,42.542375416712126
train,52.0,51.59223403875979
train,36.0,17.675090741772067
train,52.0,54.55947434213218
train,68.0,56.9819369233535
train,24.0,21.153992221298015
train,46.0,46.089913513000944
train,38.0,44.15900861936983
train,50.0,47.391996921474075
train,59.0,60.7222514960027
train,30.0,35.24382883061215
train,63.0,46.83022414870867
train,15.0,39.03862399541404
train,54.0,63.02731592387801
train,68.0,60.609845398193656
train,54.0,60.950239234175854
train,48.0,50.69964533278967
train,24.0,25.629367786577475
train,24.0,21.912552950085075
train,30.0,37.02138129524724
train,52.0,52.90986568204438
train,24.0,53.41192725121039
train,54.0,58.56949227879227
train,50.0,53.969905148637
train,34.0,39.17980609817025
train,46.0,52.03085418708944
train,52.0,51.584001024986506
train,15.0,30.856797015066356
train,34.0,31.999530810879307
train,46.0,45.15024233536855
train,15.0,28.968551801828504
train,30.0,41.867788394997206
train,56.0,56.11040037137713
train,44.0,42.21008841260999
train,63.0,47.79724370757762
train,56.0,41.33067739575761
train,56.0,52.47356888920189
train,34.0,33.29159777217414
train,68.0,56.65964443975207
train,18.0,25.44328827003271
train,15.0,26.037502778499665
train,15.0,30.691076529361574
train,18.0,25.287755778820944
train,68.0,58.33441031977472
train,34.0,35.844342478897225
train,15.0,22.919895326707667
train,30.0,37.14539192040593
train,50.0,44.629496746320754
train,18.0,19.043561494431568
train,15.0,24.671388378431175
train,36.0,41.9873284958609
train,63.0,51.721594471270556
train,46.0,66.08304753292896
train,54.0,46.02015724581489
train,50.0,51.806279631899024
train,54.0,64.27282088913594
train,18.0,21.018830818511542
train,63.0,50.75665565234751
train,46.0,46.972209309174936
train,68.0,60.38866365346406
train,56.0,55.153586109150865
train,52.0,52.99333666960209
train,44.0,42.39244202672597
train,54.0,62.36479762410974
train,24.0,24.224701863252943
train,44.0,45.39963251163894
train,38.0,31.059420162347436
train,61.0,58.75625306447075
train,30.0,38.67931197390455
train,50.0,10.904781583812166
train,30.0,41.21400426764103
train,56.0,58.202896865456
train,59.0,58.11751563098685
train,52.0,51.85401346148014
train,46.0,46.36097216260603
train,38.0,33.24305627267769
train,50.0,50.962479012264424
train,40.0,46.7346899830147
train,50.0,48.20093098878707
train,50.0,51.83525971723377
train,68.0,55.40345600320616
train,61.0,58.32775833151995
train,48.0,53.25370285823758
train,68.0,59.30740161632473
train,54.0,60.76012214530724
train,52.0,51.46638814303214
train,36.0,38.9466801105487
train,24.0,23.604461141137676
train,50.0,47.10842282149526
train,63.0,50.56757552956637
train,48.0,49.45139528263318
train,24.0,25.76487019512343
train,46.0,47.11376810446104
train,30.0,40.53739142120604
train,24.0,20.511802233955102
train,18.0,19.189912725972707
train,56.0,44.56692516840095
train,36.0,31.11340350550182
train,61.0,58.1817073013689
train,68.0,51.948655368213544
train,18.0,35.01870078516421
train,68.0,60.45901706898468
train,50.0,53.869683861716894
train,59.0,60.39115552625718
train,30.0,43.77583764048316
train,59.0,61.01385255653331
train,52.0,53.03621701161585
train,36.0,30.560698357158877
train,50.0,38.91671626990337
train,59.0,40.16683737285367
train,59.0,57.27502960476513
train,18.0,44.213242498811134
train,36.0,49.03212840761792
train,15.0,34.044926624846724
train,30.0,39.025853771046116
train,15.0,23.48440647654281
train,36.0,35.9248291328158
train,48.0,55.147595572677815
train,50.0,54.43978983276092
train,63.0,26.115399099793848
train,61.0,61.13870531827669
train,36.0,49.26905807670427
train,56.0,53.48366589571944
train,59.0,36.68717831477767
train,44.0,48.453027811151905
train,46.0,50.56278711126644
train,50.0,46.16374906307383
train,44.0,48.98407482764037
train,44.0,46.56568341816616
train,54.0,46.02743444388288
train,52.0,47.88135630768286
train,15.0,40.74043537270337
train,34.0,43.32161280140365
train,24.0,25.441606133216226
train,44.0,47.21130465544089
train,68.0,56.98939346495905
train,38.0,32.80467570977472
train,18.0,23.80463210254499
train,18.0,29.923945398621836
train,54.0,58.22096659185431
train,48.0,51.98158316062046
train,18.0,15.97093425114473
train,46.0,38.04857076509637
train,24.0,20.77041639364931
train,34.0,33.158449249808115
train,48.0,55.30915377935407
train,54.0,65.07824842837888
train,52.0,32.064623243440245
train,24.0,25.51913905481963
train,15.0,53.16078747619052
train,34.0,36.545667317672155
train,30.0,41.323805826432356
train,54.0,54.29839250098626
train,40.0,44.02344718915086
train,44.0,41.967519421935584
train,56.0,57.16875604457887
train,48.0,55.70766482201073
train,38.0,34.97526224007467
train,52.0,55.633889201883015
train,36.0,49.48773009700724
train,34.0,27.46325113230849
train,36.0,40.249432423746256
train,30.0,38.920173701499394
train,50.0,52.14507100089628
train,59.0,44.42176760571286
train,54.0,61.56358687804591
train,52.0,37.322210048732515
train,30.0,29.393608026980885
train,52.0,52.965453250674614
train,44.0,44.02305833631927
train,54.0,64.27881556527278
train,63.0,48.27126079238862
train,18.0,37.36366659101693
train,61.0,59.929730762642706
train,15.0,32.73529648992011
train,24.0,24.412585597336736
train,50.0,49.908276686789506
train,46.0,51.157166747034964
train,52.0,39.50769183578356
train,56.0,50.08844977309202
train,48.0,54.864810775459325
train,48.0,53.53206731859336
train,56.0,50.63348091998951
train,54.0,61.49324502466762
train,30.0,38.97874647679463
train,36.0,34.34245457934719
train,59.0,61.26469612760801
train,18.0,21.180625885659516
train,24.0,25.095274558590535
train,59.0,62.740136077605555
train,50.0,52.59260513838328
train,52.0,51.550426038765146
train,30.0,38.8469774168764
train,50.0,49.94116956439433
train,50.0,52.631294921671355
train,38.0,33.232850451544294
train,40.0,39.1999288434529
train,61.0,58.5714467182286
train,63.0,59.54926887362076
train,56.0,56.37199720668032
train,59.0,59.07537575691981
train,63.0,49.337853851518986
train,68.0,59.29109756995001
train,44.0,44.53057940219669
train,50.0,52.57253628730826
train,56.0,41.727114572967004
train,44.0,49.640510979680364
train,30.0,38.481420019712836
train,18.0,26.93939794848144
train,48.0,49.76487781567996
train,61.0,57.85062005656268
train,61.0,57.3157780915065
train,50.0,39.928948141106034
train,18.0,19.06513421711485
train,56.0,41.39652791765502
train,59.0,52.72759376207831
train,36.0,37.66544990738642
train,68.0,39.656185275436
train,42.0,39.868749464433186
train,38.0,34.60421051932593
train,38.0,50.35264956838674
train,24.0,21.88118219031637
train,24.0,24.393060558457357
train,38.0,36.10512965988505
train,61.0,38.466908747771576
train,30.0,35.876977771513495
train,59.0,23.015703079114918
train,44.0,40.72601888690841
train,18.0,52.80627823892046
train,46.0,48.67032438558216
train,52.0,52.32627540778288
train,18.0,25.892098725194355
train,42.0,36.609758477686924
train,44.0,45.616373440917215
train,44.0,42.546408382921726
train,50.0,51.75569271661462
train,30.0,35.54353390198393
train,68.0,58.64001619251006
train,56.0,53.97384005527856
train,61.0,48.41878723026736
train,44.0,38.766493893335635
train,68.0,45.94175576905126
train,56.0,54.94680729776458
train,30.0,38.482881911944276
train,48.0,51.57200446883391
train,30.0,40.48849988271036
train,56.0,57.071437193242204
train,48.0,52.39617477792842
train,50.0,47.44368545958982
train,40.0,45.806594502664105
train,59.0,40.22291078963665
train,18.0,31.224330105984308
train,36.0,18.51704870849062
train,24.0,21.34592286606736
train,30.0,33.51649594461527
train,15.0,30.356851161444297
train,56.0,51.369418406823975
train,54.0,47.19288411646916
train,30.0,42.15859430583195
train,68.0,57.5732788617205
train,59.0,62.12660509741358
train,38.0,33.925545692628226
train,54.0,64.49504154090252
train,44.0,39.35841071129224
train,24.0,23.276021912151784
train,44.0,47.080757622172435
train,52.0,53.104454844138075
train,40.0,43.41728171133888
train,40.0,44.33494016327146
train,54.0,58.80939582362027
train,38.0,32.99412197493144
train,15.0,28.24606844725869
train,18.0,30.55347196857308
train,61.0,58.30813210129962
train,24.0,17.837015853718494
train,15.0,25.802153121369848
train,68.0,58.42636438176992
train,30.0,34.86233494908283
train,38.0,34.10411114774702
train,40.0,44.88274548965072
train,68.0,49.01467291919427
train,56.0,54.69402800603118
train,56.0,53.76932761567169
train,15.0,26.711636546411537
train,24.0,21.457837551339704
train,36.0,23.91886094317041
train,48.0,54.45428386508412
train,54.0,60.49381021565247
train,38.0,37.08077711403694
train,59.0,59.28921624472416
train,24.0,22.481374466385656
train,46.0,46.5224482792775
train,30.0,41.6043178601121
train,30.0,32.58074704165387
train,18.0,21.3865132690127
train,50.0,44.79887928383114
train,24.0,23.374198905761354
train,52.0,52.31426144162241
train,24.0,26.516960663798724
train,40.0,51.81136337719539
train,50.0,52.38569232177721
train,50.0,53.64500105759648
train,48.0,50.5821044270667
train,36.0,34.96947781742618
train,30.0,35.19134055416585
train,48.0,50.49090366826858
train,24.0,20.602657167992938
train,34.0,40.13515841332602
train,68.0,56.97957293958694
train,63.0,50.295008602233594
train,15.0,27.426884360023205
train,30.0,39.28143168297001
train,30.0,36.69738132656526
train,56.0,53.18166994130079
train,48.0,54.68102109080712
train,46.0,51.25297059973706
train,18.0,19.160236837699234
train,44.0,47.18389981304178
train,56.0,54.52907181822445
train,56.0,51.434699312707245
train,54.0,62.282356448787596
train,24.0,17.936076432184112
train,34.0,40.91212601244197
train,50.0,52.99383799288142
train,54.0,47.46835493774253
train,59.0,58.20479091598845
train,52.0,52.16667625064612
train,34.0,43.53565545801108
train,63.0,47.994372433260274
train,63.0,52.18363355619516
train,48.0,52.814361619482895
train,63.0,47.03263621190802
train,15.0,30.03213800317527
train,30.0,40.02163470773398
train,24.0,21.47944942366481
train,56.0,53.57193476480468
train,44.0,39.41468067921676
train,15.0,27.016075740588565
train,56.0,51.62351680761351
train,24.0,17.18868886832065
train,44.0,41.33081858004532
train,68.0,58.081730035826666
train,54.0,62.34231791606423
train,24.0,30.63481256127003
train,63.0,47.31875121445035
train,63.0,42.583973267986835
train,48.0,52.36892084948766
train,34.0,32.21243608112704
train,50.0,52.10260717596119
train,54.0,46.74066543055115
train,24.0,22.22864259288004
train,34.0,35.97884953641844
train,15.0,27.543163567959066
train,48.0,57.71490341047526
train,50.0,54.05349158393695
train,18.0,22.07600767742824
train,24.0,34.316817784802964
train,56.0,53.13772278977108
train,34.0,44.815385754102294
train,68.0,59.77848421114402
train,61.0,60.74993960761982
train,38.0,32.48935994707474
train,59.0,36.0791947190248
train,54.0,52.45225180220011
train,50.0,41.710359266678324
train,46.0,45.66522117995222
train,30.0,38.19387974191444
train,59.0,63.90443392997721
train,54.0,61.951103970104526
train,56.0,48.45057371226525
train,30.0,35.9386728717099
train,18.0,22.793964414344536
train,56.0,53.643531311703114
train,30.0,36.64322000851458
train,68.0,58.05902198731764
train,63.0,61.210894434148926
train,18.0,12.7859325696163
train,61.0,58.094749100342234
train,50.0,53.090145678863465
train,56.0,55.95281572647306
train,63.0,54.65361766727767
train,24.0,26.17011607169893
train,46.0,48.548026627716354
train,34.0,37.00529168921677
train,61.0,58.141387928971646
train,24.0,26.497535265994184
train,54.0,60.212323372720256
train,50.0,52.210342736082524
train,63.0,41.33388236989325
train,52.0,34.69195079240248
train,50.0,51.00765937588301
train,50.0,53.498479180260446
train,15.0,34.48575645736932
train,15.0,33.97430381887195
train,52.0,45.11001076548624
train,44.0,42.82287612066795
train,30.0,36.529244385006905
train,48.0,42.015848969836576
train,44.0,44.366666069863996
train,24.0,26.39454836902471
train,18.0,58.222457263191345
train,52.0,50.45952018736394
train,15.0,31.297083172007664
train,63.0,64.0660052817756
train,59.0,58.51521743343995
train,24.0,24.898668370713892
train,34.0,40.53399118391028
train,34.0,31.250487387864872
train,34.0,32.90081574400812
train,24.0,22.636961083883097
train,63.0,47.631324076256476
train,48.0,54.286007630153584
train,15.0,18.146726597256045
train,42.0,41.16721266447444
train,36.0,41.752023227294146
train,30.0,35.67055274954163
train,54.0,61.534469248895064
train,54.0,51.57476901409106
train,52.0,52.36080457767796
train,46.0,46.74749080194111
train,40.0,49.3371339208436
train,24.0,21.730154436328583
train,68.0,57.45156197631501
train,24.0,27.74855371944622
train,59.0,61.990549578508364
train,61.0,58.38519879685319
train,15.0,23.255403685899186
train,18.0,23.51765982345749
train,56.0,51.546211216342414
train,68.0,59.69378075696236
train,36.0,28.600978072532573
train,46.0,49.03858607584168
train,38.0,35.33147117479723
train,15.0,31.321523273807557
train,30.0,31.86134018890222
train,34.0,37.448102209680904
train,61.0,56.030204657882805
train,48.0,51.21053533379129
train,18.0,44.93227698524081
train,44.0,43.973214919343235
train,56.0,55.49432445743607
train,52.0,53.35783156049419
train,46.0,49.12804674097383
train,15.0,29.94070412963464
train,44.0,40.614551263064556
train,63.0,50.63552460120662
train,18.0,48.74373443481179
train,59.0,58.588465867196874
train,18.0,19.150412866564505
train,52.0,38.70888352287034
train,63.0,51.10960124202939
train,18.0,16.269619576358163
train,54.0,61.15353942211848
train,30.0,40.412005229582284
train,50.0,54.158556333293646
train,36.0,28.733952676938205
train,44.0,45.285597180901554
train,18.0,55.95741912367764
train,54.0,60.71191000230495
train,63.0,41.40517465166081
train,46.0,46.8049858369138
train,59.0,31.60840381301663
train,50.0,55.36807428699692
train,24.0,25.250558132721494
train,46.0,61.97424938304014
train,18.0,25.11906582693392
train,24.0,21.64513900119666
train,38.0,37.62426696788007
train,18.0,17.578244303539346
train,56.0,55.83895596810994
train,46.0,47.42448814901728
train,36.0,33.35028112226406
train,63.0,51.46710032565523
train,63.0,47.7007505700801
train,56.0,55.08404907280827
train,36.0,42.590980207942955
train,15.0,27.98290643781649
train,44.0,43.356822835827344
train,34.0,34.95590362472767
train,56.0,49.3389588617735
train,34.0,32.43673392761154
train,36.0,47.598767480776495
train,50.0,46.64318901628315
train,46.0,49.79256648728578
train,54.0,61.564738533507246
train,68.0,58.38779709353326
train,18.0,21.35622414477739
train,36.0,29.46466911500962
train,61.0,58.931962002765076
train,24.0,20.251126173940264
train,34.0,36.84410614128899
train,59.0,35.31590409350197
train,48.0,56.11509946743785
train,38.0,48.87990379929692
train,30.0,40.25120776321176
train,42.0,46.183674766501404
train,30.0,34.59672344012942
train,46.0,47.936140662706514
train,68.0,56.611887419124365
train,46.0,44.279254842116686
train,68.0,60.32664931169727
train,54.0,61.2639621764635
train,38.0,36.03958986210464
train,15.0,22.895145974713582
train,46.0,50.058764711071916
train,50.0,59.201570649098784
train,36.0,36.684425840331315
train,34.0,34.63408571485664
train,36.0,39.23182204703359
train,24.0,21.133509841141073
train,34.0,31.69062247102561
train,52.0,53.0340246407635
train,15.0,32.5521332156694
train,68.0,60.26822443028759
train,46.0,50.26338938688991
train,44.0,40.15424826264041
train,50.0,52.04088693164968
train,48.0,51.89385611747801
train,24.0,29.214702667195745
train,54.0,61.39780664002815
train,18.0,16.486413574345114
train,48.0,54.44220640960808
train,18.0,19.299179722869503
train,44.0,42.51278618687082
train,52.0,49.576492478373304
train,24.0,25.178608747162745
train,61.0,60.73856628650802
train,38.0,36.207006999724356
train,38.0,36.60498122720797
train,36.0,49.36208062781
train,44.0,45.25033161258069
train,38.0,36.794926735932854
train,18.0,19.769151863272647
train,59.0,31.959703926314575
train,34.0,35.285802036749864
train,24.0,19.10614418859249
train,46.0,46.5970684642914
train,63.0,53.045125877222056
train,68.0,58.263961569139674
train,61.0,57.55405390326719
train,24.0,22.674070930691087
train,48.0,51.96387293500179
train,42.0,42.714004044661266
train,44.0,43.39794720119149
train,24.0,22.94500880412135
train,44.0,42.826055921053936
train,24.0,25.595703659260625
train,40.0,47.77399514787918
train,59.0,49.175844808098226
train,59.0,55.5234951515508
train,52.0,51.34521236777239
train,24.0,24.865064479222163
train,48.0,51.8399122725183
train,52.0,53.18735959290181
train,30.0,34.60083790640938
train,15.0,47.52900709952577
train,54.0,63.6004367848479
train,30.0,43.87156155998041
train,48.0,52.26124500780743
train,30.0,53.74505733803663
train,50.0,51.726933269719154
train,56.0,51.806054116869824
train,59.0,44.41533102522261
train,15.0,30.051234455184563
train,63.0,50.18604778188971
train,61.0,60.15741745706762
train,36.0,42.21294280655496
train,44.0,38.85828743569515
train,44.0,40.13425654984262
train,38.0,44.24417295729829
train,48.0,45.92278294629261
train,34.0,33.64734409571887
train,15.0,22.422351983949646
train,24.0,20.215382002825567
train,63.0,52.45199925019646
train,61.0,56.89437207850248
train,34.0,35.99822195747837
train,63.0,51.186704154172816
train,59.0,54.345941660684225
train,40.0,44.81452007162481
train,63.0,50.56487615858817
train,24.0,27.005339417267127
train,15.0,32.81434986081936
train,50.0,45.91137830617871
train,18.0,18.100647459757145
train,56.0,53.88896183817754
train,46.0,39.582497154870644
train,24.0,20.3116120652579
train,61.0,57.672173849155826
train,30.0,40.27543606980718
train,68.0,51.269629291827414
train,50.0,52.42086801335476
train,50.0,38.66303855103143
train,24.0,23.169845271751775
train,52.0,50.89241830902772
train,54.0,59.96421943327239
train,34.0,44.67912341514676
train,63.0,51.228425566566585
train,59.0,55.16678248268287
train,44.0,41.05195611014005
train,61.0,57.75508555776877
train,24.0,24.606849298883045
train,48.0,55.34184146405845
train,40.0,45.05571623901577
train,50.0,39.29406256399493
train,34.0,35.46158246606375
train,15.0,31.858393690960035
train,38.0,38.09666839274051
train,44.0,39.526427344976696
train,52.0,54.384832341059095
train,61.0,58.41176904675039
train,52.0,51.51372559912352
train,52.0,51.65824476969417
train,61.0,56.51290923634184
train,34.0,32.39392074195433
train,30.0,37.1932339563823
train,24.0,25.687000532701962
train,24.0,25.73656577442582
train,40.0,40.07122193214485
train,24.0,30.371925680426326
train,42.0,27.478896168580334
train,44.0,44.41427145054706
train,40.0,44.31871280994799
train,46.0,46.10835059024902
train,61.0,58.80966422265512
train,30.0,51.64242850104905
train,56.0,54.489320998777956
train,54.0,61.00581059580024
train,44.0,40.848621930134996
train,15.0,37.89968765604194
train,61.0,58.7793717328686
train,24.0,22.946748321993255
train,15.0,29.439147812788853
train,50.0,47.643743169701274
train,48.0,52.362315018173014
train,30.0,43.10785563902448
train,18.0,13.519839834449556
train,46.0,48.399741815808504
train,50.0,49.91376559425935
train,34.0,32.12466790146283
train,63.0,49.309677067152144
train,40.0,46.84912743572963
train,56.0,41.10614496010691
train,59.0,64.00419253023567
train,38.0,44.399822061073145
train,68.0,57.31626360619685
train,56.0,56.62640149019947
train,24.0,27.17688962548879
train,18.0,32.351025363907695
train,30.0,40.535225837492675
train,18.0,27.006125461852445
train,40.0,46.196980009027456
train,42.0,41.25600097529174
train,24.0,21.232141212014753
train,38.0,43.505650145294624
train,50.0,44.800224926163494
train,48.0,55.05961723047905
train,61.0,61.07832141298462
train,34.0,31.974468094171847
train,42.0,34.13558503618149
train,59.0,31.111138567556768
train,24.0,22.930440316185862
train,61.0,58.8448165072967
train,54.0,59.96974082143553
train,63.0,44.21290259209981
train,34.0,37.12179989217645
train,63.0,47.66629859769784
train,24.0,22.66364971807405
train,61.0,53.27722006044715
train,30.0,38.09362527676622
train,52.0,52.7426385478408
train,50.0,47.385251804036145
train,38.0,37.97808331977879
train,59.0,60.98559516517212
train,44.0,41.324502859026396
train,63.0,49.8251103488137
train,56.0,53.340275880711296
train,63.0,55.9520138234122
train,48.0,52.87637790657528
train,46.0,44.12329999810076
train,40.0,47.25849568934634
train,59.0,55.66599483581604
train,50.0,52.62969172197493
train,34.0,34.748003453939745
train,52.0,53.93186900518966
train,61.0,58.333717767523524
train,24.0,23.52357360892915
train,52.0,43.44275965325809
train,61.0,57.56452847257049
train,18.0,12.277551404910447
train,30.0,40.64077829096899
train,63.0,52.3556816380579
train,36.0,47.53323461010922
train,40.0,43.8641380671851
train,24.0,19.81305607211506
train,50.0,40.67204696325489
train,48.0,51.85870982462698
train,56.0,53.72867411575602
train,18.0,25.912110579850925
train,54.0,63.2089488770276
train,54.0,60.17253076129734
train,68.0,58.12555354351592
train,15.0,35.5343427834717
train,48.0,43.99480641306161
train,68.0,61.93902958730371
train,68.0,58.215267314651044
train,38.0,49.19807539805323
train,48.0,52.96221146482901
train,18.0,14.484691632992309
train,24.0,23.128918537960534
train,56.0,45.73042799678333
train,36.0,39.24953701090967
train,24.0,23.345802704089152
train,68.0,45.57553827256564
train,18.0,19.242583513128157
train,44.0,43.92061014745445
train,52.0,44.421868802787294
train,50.0,52.35630893314538
train,48.0,56.25755599452479
train,50.0,54.916854978031
train,68.0,60.943034667446724
train,54.0,50.65030119921619
train,63.0,50.106398890881486
train,34.0,40.441717512726086
train,15.0,32.04141133584987
train,24.0,25.98978262443884
train,48.0,56.905516762641014
train,46.0,53.487709991375276
train,30.0,48.65731486941371
train,24.0,50.963479825671875
train,36.0,31.013388949798404
train,44.0,42.149418974793704
train,46.0,49.35776884874279
train,63.0,48.56783843278067
train,42.0,38.42652270839663
train,15.0,30.42139675078671
train,24.0,24.35412608073733
train,30.0,39.62039782641388
train,48.0,53.492593710475056
train,61.0,57.94064953627674
train,56.0,54.02224254942198
train,30.0,38.184537448575504
train,61.0,59.16800719858928
train,30.0,38.19100720065258
train,24.0,22.66727483262549
train,59.0,60.821314654609736
train,30.0,38.46796874838025
train,24.0,21.61232372892936
train,40.0,42.78476317726006
train,56.0,58.52020378524293
train,24.0,24.289850617756194
train,34.0,31.04224632179
train,61.0,57.81013245307777
train,38.0,34.94970054872815
train,34.0,36.748094049684205
train,30.0,36.39876726649752
train,56.0,56.5099561467903
train,54.0,48.87217037433025
train,18.0,15.77910490089905
train,48.0,45.76242947714615
train,50.0,48.94366252388272
train,15.0,32.766131237678835
train,61.0,51.17394583073451
train,54.0,61.732525624568346
train,52.0,45.08616777115762
train,44.0,45.393920137687324
train,61.0,59.58387094025228
train,42.0,30.398362255711312
train,40.0,44.33368268670739
train,48.0,52.21568520871503
train,15.0,24.14773467847656
train,54.0,65.0011952370456
train,42.0,43.540872012674456
train,68.0,58.651453858759766
train,50.0,54.48036102568422
train,61.0,58.33974312577978
train,63.0,46.29883862596243
train,50.0,51.856878491583196
train,36.0,29.942367043039592
train,54.0,65.09476903957396
train,54.0,63.048508253690805
train,50.0,36.31360395442944
train,15.0,29.919016261987316
train,36.0,51.064334449704525
train,24.0,27.573336339791773
train,50.0,44.30818259768079
train,59.0,62.55305376004901
train,18.0,18.32099516250207
train,56.0,58.35286440593154
train,50.0,49.55407110038082
train,54.0,60.770662732242386
train,18.0,21.860675495264044
train,18.0,26.13871878783338
train,56.0,55.383222628715124
train,42.0,38.61198060720242
train,50.0,44.67695310008825
train,63.0,50.02724716119091
train,40.0,40.020675895616236
train,44.0,39.79458667171079
train,15.0,33.949499042233896
train,61.0,57.32786059371856
train,34.0,33.5293077552128
train,63.0,52.99927181440937
train,24.0,28.532192246539996
train,18.0,17.298582819172402
train,44.0,45.86165853430399
train,42.0,37.52902434772437
train,54.0,65.33760780100407
train,24.0,25.302926630673962
train,63.0,48.262653610558104
train,63.0,46.43811928547081
train,68.0,57.206796028017386
train,40.0,41.06095997330511
train,50.0,46.36871483573658
train,34.0,31.410995749778095
train,24.0,25.075490107691785
train,42.0,44.296884540447664
train,56.0,55.06788148730345
train,52.0,55.82853607988812
train,61.0,58.27568538734029
train,59.0,34.305042855146354
train,50.0,51.03202826352506
train,34.0,39.489798272176635
train,15.0,33.500321860113075
train,24.0,27.966436879144116
train,63.0,51.14735247545195
train,59.0,53.78089514926822
train,46.0,45.11032020152192
train,18.0,23.39745853639337
train,54.0,59.07957061849156
train,46.0,47.64595598080448
train,50.0,47.18125307621324
train,38.0,32.023202215356946
train,24.0,27.381973813606095
train,38.0,46.25669837518721
train,59.0,42.7021599614141
train,34.0,34.355258087474326
train,46.0,45.27354360542653
train,38.0,34.58542913510871
train,24.0,26.718719701614912
train,44.0,43.79878546544493
train,59.0,46.76649821794301
train,68.0,59.30500644302668
train,59.0,56.49685301381359
train,30.0,35.75862527020878
train,68.0,61.33930192707749
train,46.0,48.51160350711494
train,40.0,46.119686753359396
train,52.0,53.4428771636817
train,48.0,51.84750333284474
train,24.0,23.122983386110704
train,61.0,57.954681855105804
train,18.0,26.68015874623031
train,24.0,21.565399056286715
train,56.0,54.0427112701049
train,48.0,54.81393965941096
train,54.0,45.008298161177315
train,56.0,52.66239401729882
train,63.0,50.21750058985142
train,24.0,27.664831760312087
train,38.0,33.29985999954879
train,63.0,51.550378991904275
train,40.0,34.51284799439158
train,18.0,43.60304014546475
train,59.0,61.398624785738164
train,61.0,57.92879292168951
train,18.0,28.464809180253052
train,61.0,42.57885461977008
train,24.0,17.319738751715448
train,30.0,35.482755187328
train,59.0,61.23800324594913
train,30.0,40.95519474113807
train,59.0,38.19589113389583
train,34.0,42.83334019483721
train,44.0,54.66797363057793
train,30.0,35.145081441070474
train,46.0,50.93529749658479
train,54.0,58.08482732991604
train,54.0,61.67093838853923
train,54.0,62.227084773323156
train,15.0,29.896756302317854
train,24.0,25.532299208644176
train,34.0,34.00729708101843
train,24.0,22.600063752300834
train,56.0,58.11542435774448
train,30.0,38.0488275032097
train,56.0,51.74594935043796
train,56.0,53.697705542241934
train,52.0,51.2046315264522
train,15.0,35.11008117737874
train,24.0,46.82578945686506
train,50.0,44.222730018645215
train,61.0,58.553909062522976
train,52.0,55.651967509565296
train,24.0,23.434300692857548
train,46.0,47.21540162507792
train,61.0,58.30072425438385
train,36.0,28.289367523453485
train,63.0,46.555993719201254
train,68.0,59.01415106849461
train,42.0,43.545582858363794
train,63.0,52.83550643644659
train,50.0,54.1273125538827
train,24.0,27.126499516017386
train,24.0,23.308351912666808
train,48.0,52.38190470978056
train,54.0,60.17697082015807
train,54.0,61.8299936340734
train,30.0,29.511268237722675
train,34.0,31.34491578700984
train,48.0,52.72206990536097
train,61.0,44.30793817159887
train,50.0,77.63915501727358
train,38.0,35.45698630294077
train,48.0,52.99500323754674
train,40.0,41.0431196605643
train,48.0,54.5455867325491
train,59.0,58.83343579923759
train,18.0,40.44453746132733
train,56.0,49.8723876879709
train,46.0,48.696469456679445
train,54.0,59.82436930910754
train,68.0,60.62404203655696
train,68.0,42.80900486028795
train,59.0,60.00929613268291
train,61.0,60.01897948157927
train,15.0,47.23016299464919
train,48.0,50.10028919347849
train,24.0,24.69263960913554
train,24.0,20.654166121911246
train,68.0,59.016070784662055
train,48.0,52.12500381551892
train,48.0,53.890299299408916
train,50.0,55.57099680368249
train,36.0,39.56512179882733
train,46.0,49.19373982586447
train,30.0,38.03633418696508
train,42.0,57.37477522969303
train,56.0,42.01588522920084
train,30.0,34.58797449337533
train,59.0,41.10785249229287
train,38.0,35.21418655164309
train,61.0,55.24926751857792
train,50.0,54.90689747360549
train,59.0,61.69179034042281
train,46.0,46.058696358641185
train,50.0,51.87051598398688
train,48.0,50.119353968101926
train,34.0,36.33795489489428
train,50.0,48.22601105737782
train,48.0,51.08186445514033
train,61.0,40.54387335232707
train,24.0,43.35641865029493
train,63.0,23.376260298068548
train,36.0,51.12966642569009
train,42.0,24.70656551609388
train,68.0,59.89507593372194
train,46.0,44.7859337028725
train,24.0,25.872371820229773
train,44.0,43.993653370188035
train,30.0,37.07895310995294
train,59.0,55.84129491567026
train,48.0,52.40646184752078
train,61.0,43.440087751100734
train,61.0,57.53859522750634
train,24.0,23.79596874844876
train,56.0,52.04530023367566
train,36.0,41.55043141650457
train,50.0,51.60496074848142
train,59.0,62.85481926805588
train,61.0,61.32560949572293
train,38.0,34.771441918453796
train,61.0,54.650998839094704
train,61.0,49.34334582985617
train,56.0,35.884929777096296
train,24.0,18.018417662074892
train,34.0,32.10020402142942
train,38.0,35.91058969059459
train,61.0,60.537429208967495
train,48.0,52.23848210998852
train,15.0,25.23778412743669
train,61.0,59.252298072518116
train,50.0,55.568892076596434
train,15.0,47.52254433426243
train,24.0,26.175992111337646
train,30.0,38.915591128065614
train,50.0,52.06540344515814
train,36.0,37.04670697168397
train,40.0,45.08232984391749
train,54.0,51.94149196471342
train,24.0,24.906436207166507
train,38.0,46.94530699424281
train,30.0,43.85549419148967
train,59.0,58.96824813227839
train,68.0,60.75467131492938
train,46.0,43.96336476148379
train,50.0,50.092521160781644
train,24.0,25.568900281142568
train,24.0,28.382845685426606
train,38.0,34.9555604310704
train,61.0,57.97376108376487
train,38.0,33.31435781926856
train,61.0,57.72246140308363
train,38.0,35.49094696621757
train,15.0,29.904866586382557
train,61.0,55.89607899944029
train,40.0,45.948227565174285
train,50.0,50.45232566727974
train,59.0,60.74003398597325
train,36.0,37.21250395257636
train,15.0,32.6887664446952
train,50.0,50.44095066640405
train,48.0,52.58259601440875
train,63.0,48.659460634656526
train,24.0,27.36625083768263
train,15.0,31.980790883009654
train,38.0,47.87538327996198
train,48.0,50.844182940521065
train,48.0,58.49911883166839
train,54.0,61.37238117700133
train,36.0,34.089182503340666
train,44.0,40.10988709889013
train,30.0,37.44609651974561
train,68.0,61.28774620642801
train,61.0,59.41629317784089
train,48.0,55.1372300388765
train,30.0,44.00582659077993
train,15.0,34.05582745480868
train,61.0,58.31745576653186
train,18.0,29.72570358061681
train,50.0,51.27478851948417
train,18.0,15.265532469539554
train,44.0,47.50562887075882
train,56.0,50.49313725863309
train,44.0,43.09370800376048
train,42.0,42.22570296523277
train,24.0,48.968938265564134
train,24.0,27.5920677093609
train,38.0,34.16695842449354
train,61.0,58.22765663195656
train,46.0,47.9092634431148
train,30.0,35.33876229959804
train,30.0,45.734062648441494
train,61.0,54.32619081730763
train,24.0,21.793997014917714
train,30.0,41.3180411178574
train,50.0,51.25813725261294
train,61.0,57.79574413944199
train,54.0,59.520550520970495
train,30.0,28.74098745726224
train,54.0,51.1123536710036
train,24.0,26.47089022335055
train,48.0,53.07921644742212
train,34.0,32.95571410989764
train,59.0,62.1886318498924
train,50.0,49.00403137641217
train,61.0,57.992862180833036
train,63.0,53.010056492980326
train,18.0,17.377549890541776
train,59.0,59.19962843928501
train,18.0,23.26989566125178
train,48.0,50.836121092952204
train,52.0,50.61220913965987
train,34.0,35.356102974044205
train,63.0,51.99984690559924
train,18.0,40.80257726347759
train,50.0,51.07303365641081
train,24.0,20.103738361123288
train,44.0,45.90627884915071
train,61.0,57.825199737406095
train,54.0,59.21439444981075
train,30.0,41.1443450112012
train,48.0,54.66374674086857
train,46.0,48.61231872443891
train,63.0,46.59983322674534
train,42.0,41.26268553058118
train,63.0,49.19420830782982
train,42.0,42.1362864702656
train,61.0,58.42993790363291
train,63.0,49.76801949615026
train,34.0,43.80461306950212
train,34.0,30.847247024669
train,48.0,50.64929949708956
train,68.0,58.22427444926684
train,46.0,52.51342613745997
train,30.0,26.109225049623383
train,44.0,43.49869144564922
train,18.0,21.023605926003658
train,68.0,38.03027884214913
train,56.0,49.191806159623674
train,34.0,42.21853586372753
train,46.0,50.86945961158325
train,50.0,49.08883302230548
train,50.0,46.81667602801891
train,38.0,40.46197363611759
train,61.0,59.867243745261206
train,54.0,63.15704631352479
train,38.0,50.067214126719264
train,48.0,54.01493998020187
train,36.0,49.871569207623914
train,48.0,51.75002254191295
train,50.0,58.07581910826444
train,18.0,14.165818609104122
train,61.0,54.73598666528833
train,63.0,46.845868412755294
train,38.0,47.64610402916103
train,44.0,42.65873221093359
train,24.0,44.739359531132244
train,46.0,47.91563125467326
train,56.0,51.937678349703944
train,18.0,34.715073696212855
train,44.0,45.7922692782264
train,15.0,32.014511101204945
train,54.0,56.642145933914065
train,68.0,59.02823887171745
train,15.0,47.51698042606881
train,24.0,26.274898318033816
train,59.0,31.31614525764897
train,18.0,26.242914752238335
train,50.0,52.35038537494931
train,59.0,55.83700349672034
train,54.0,62.6480043925753
train,56.0,52.173059313410384
train,63.0,49.141814529993425
train,52.0,51.00595690655637
train,36.0,32.39572182309411
train,24.0,25.675224802172167
train,44.0,43.22213903500611
train,34.0,36.334450082695554
train,34.0,32.40615413257638
train,63.0,50.93885096122917
train,46.0,48.476622592666715
train,44.0,42.741713346270174
train,59.0,59.88741825011001
train,24.0,25.112608753842217
train,50.0,54.760442075476256
train,59.0,54.3811135064766
train,42.0,38.38722386891419
train,61.0,58.69781874460494
train,61.0,59.70720872774028
train,38.0,34.35427500045397
train,52.0,53.370271525178396
train,50.0,51.57633930889261
train,18.0,16.733049148996948
train,50.0,54.13854357526193
train,61.0,56.17200642119428
train,59.0,62.280247206765935
train,18.0,27.528674108139004
train,63.0,47.24720402370369
train,54.0,56.85287660620598
train,61.0,60.13967008720118
train,63.0,54.12485452804296
train,68.0,59.088944196552205
train,44.0,40.46084505247061
train,34.0,37.84742561923944
train,50.0,55.168763151593375
train,54.0,35.79699316679951
train,36.0,30.852939059777746
train,24.0,25.17873913797947
train,44.0,49.7787695231233
train,68.0,58.81700747556379
train,63.0,49.315256897538056
train,50.0,47.54081042280372
train,34.0,39.634582486755534
train,30.0,41.01430976565202
train,50.0,44.476521695544854
train,30.0,45.60381956966179
train,36.0,37.16177320481762
train,54.0,62.98098907899045
train,59.0,61.63859721437315
train,42.0,27.936282324112792
train,56.0,53.36424186057391
train,15.0,31.04754357172919
train,44.0,42.0006873912838
train,52.0,48.99939453423292
train,34.0,33.874281028200535
train,63.0,48.96244140163811
train,30.0,44.301509551932746
train,40.0,44.21570047175566
train,40.0,48.38387368804199
train,61.0,58.41447774042673
train,48.0,51.39557333160769
train,56.0,54.93489648432268
train,18.0,17.189382197114146
train,36.0,35.705871828183625
train,24.0,27.072064520174436
train,18.0,17.99758346628654
train,30.0,30.169307448480808
train,54.0,59.82583994212433
train,36.0,47.72027999560762
train,50.0,53.38003706238317
train,48.0,52.73057436633598
train,61.0,58.021084191862776
train,56.0,56.333665743802776
train,63.0,51.22203223355278
train,38.0,32.82002257401312
train,52.0,54.24712662074019
train,42.0,20.718822433006366
train,18.0,29.78820040039897
train,36.0,46.35044665383578
train,50.0,53.56257323694713
train,36.0,28.84038316801589
train,34.0,32.82601640989504
train,52.0,54.291597648334616
train,38.0,33.79839546811341
train,15.0,31.265286320668398
train,61.0,57.087758507929664
train,24.0,28.862907159755927
train,24.0,25.680979567425084
train,54.0,60.20679595311849
train,50.0,37.217340993528936
train,36.0,26.080121984525743
train,50.0,52.978734803481416
train,50.0,53.90828863114963
train,52.0,54.77578267693765
train,54.0,42.94493919491866
train,68.0,58.18322282945465
train,38.0,36.93462142639993
train,18.0,13.202426269360362
train,52.0,52.45468039180043
train,61.0,56.70110202233866
train,42.0,50.2910316369443
train,50.0,52.510655860033964
train,18.0,15.893934866064093
train,30.0,39.87234651235279
train,50.0,39.60886854243872
train,54.0,60.406519723817254
train,30.0,39.219865155330695
train,24.0,24.98978119990726
train,30.0,40.663132646196175
train,52.0,51.01782646419208
train,30.0,34.6593131960973
train,59.0,61.603227288448956
train,15.0,28.42953719627384
train,46.0,50.29208951017144
train,61.0,56.457923125995634
train,42.0,38.29481490693699
train,50.0,51.00347980306336
train,50.0,46.72510153456287
train,24.0,27.245615440712957
train,46.0,47.63245807304964
train,36.0,35.95099222482555
train,30.0,39.09613632747218
train,30.0,40.6105941092405
train,15.0,25.585357237982993
train,24.0,20.827520232985105
train,38.0,37.30917336199887
train,40.0,43.69509263172875
train,48.0,55.75550186731836
train,24.0,42.07446483876542
train,24.0,23.386962843600422
train,54.0,38.777573299313985
train,42.0,31.878776337078396
train,48.0,39.80790299061522
train,48.0,57.2846528297298
train,30.0,31.52141594171968
train,61.0,57.65275676697437
train,59.0,57.489225818816536
train,24.0,21.776237350086845
train,44.0,42.52807799502176
train,40.0,46.48926145886999
train,46.0,53.125705517227246
train,61.0,57.57784044656989
train,30.0,35.69792051177186
train,59.0,42.52740931203462
train,50.0,52.63816031583157
train,44.0,40.25675670291113
train,42.0,35.087495054215495
train,48.0,51.89046429056465
train,34.0,31.876436933799617
train,15.0,21.40767274280134
train,24.0,25.701652042624893
train,44.0,39.026780407286104
train,38.0,29.18335042975641
train,30.0,36.609410502187714
train,42.0,35.753190051627904
train,63.0,50.67856365145615
train,18.0,16.636577329752654
train,42.0,24.956386002910644
train,30.0,38.92365086479984
train,54.0,49.976794698383316
train,38.0,49.14366008470193
train,44.0,41.179325056893965
train,61.0,57.883198403733594
train,24.0,16.832356009701673
train,56.0,53.15447978653716
train,61.0,58.3566968385221
train,15.0,23.105834935514274
train,48.0,51.288801977495595
train,68.0,58.41202099603932
train,18.0,36.08719883038512
train,48.0,50.14046215722735
train,46.0,42.818888567714076
train,63.0,48.09351051999883
train,30.0,35.86297647638416
train,34.0,35.62509960585965
train,30.0,38.81570749832291
train,61.0,58.503398100350104
train,61.0,60.60919951672405
train,56.0,58.001218032977754
train,34.0,33.498855779437804
train,34.0,37.391450987506616
train,44.0,41.70004521923948
train,38.0,36.1045311337304
train,50.0,52.16710891208699
train,68.0,58.702135503327675
train,50.0,46.28958886404698
train,36.0,50.29832262271572
train,24.0,23.65045052922372
train,30.0,40.428738933764706
train,34.0,36.73375275838832
train,54.0,41.0184361172245
train,63.0,51.273794795560065
train,50.0,52.917677269388385
train,59.0,60.17666104607117
train,68.0,58.23785069961237
train,36.0,34.63573052414048
train,50.0,55.034225841049256
train,63.0,46.294702142559316
train,15.0,47.37966330605609
train,30.0,32.22041592200346
train,24.0,26.867563841373943
train,40.0,42.623806011154876
train,18.0,29.494980481894967
train,50.0,50.18236050463308
train,46.0,43.16319060553719
train,38.0,33.10432702934191
train,30.0,38.43588519768967
train,52.0,56.80900275896583
train,50.0,44.88231983537678
train,30.0,45.12408227257706
train,34.0,29.69072403711212
train,59.0,60.29564656420592
train,36.0,45.3619530722117
train,36.0,32.6959660622275
train,18.0,18.57538073911696
train,46.0,52.007027732263076
train,24.0,25.62831507394967
train,38.0,38.59292370108973
train,24.0,22.802012904534397
train,68.0,57.116141486320494
train,15.0,40.80707203974959
train,44.0,44.973204835883124
train,36.0,43.09545628900103
train,46.0,45.35216677202834
train,24.0,23.705112409232914
train,44.0,43.01024160542799
train,42.0,43.35854723776242
train,40.0,44.30978005738863
train,42.0,46.96675776954697
train,54.0,59.65285588105633
train,40.0,40.84647582394116
train,24.0,31.386171438183204
train,46.0,45.67170392610525
train,56.0,51.48414572451243
train,42.0,45.062899989298266
train,24.0,22.755865676301447
train,42.0,40.578870537511676
train,18.0,19.796426389948877
train,61.0,49.49877296729949
train,24.0,22.166704658448232
train,42.0,45.639521332680225
train,56.0,57.1112242308129
train,46.0,41.67256776561858
train,38.0,34.86017268930839
train,59.0,57.71701595964656
train,18.0,17.586137079349584
train,54.0,57.43176948628624
train,18.0,48.095150518636544
train,40.0,47.741786132314886
train,40.0,42.31974127787862
train,50.0,54.47029648506927
train,59.0,58.09333075754662
train,48.0,51.354249427130384
train,61.0,59.52864856914716
train,34.0,41.43333808544076
train,68.0,39.82489956318324
train,59.0,57.059797019908615
train,38.0,34.27577424892031
train,24.0,22.13835383304973
train,24.0,21.543923345181174
train,68.0,47.92620027804175
train,24.0,23.069199920953267
train,54.0,47.45945078375858
train,61.0,58.16053846536363
train,68.0,58.342384428560074
train,50.0,42.309012769350815
train,15.0,28.763815283150286
train,63.0,52.23895414937754
train,18.0,16.777081882111176
train,63.0,41.896616248194874
train,24.0,22.71495307915215
train,59.0,44.227440919475605
train,15.0,43.73936119937553
train,61.0,61.011448133946004
train,63.0,50.652037508849844
train,63.0,48.765410438756206
train,18.0,25.744097655557805
train,38.0,47.04698159013722
train,50.0,50.91739374135756
train,56.0,54.561782845031445
train,30.0,40.44498508574762
train,61.0,59.064474222319035
train,15.0,35.7525969568264
train,54.0,62.637341346123364
train,46.0,40.16579589177931
train,24.0,28.066082355742324
train,54.0,62.73291820822792
train,52.0,50.66800720786347
train,24.0,23.016264295714493
train,48.0,51.98729406380243
train,15.0,28.16909592278561
train,50.0,54.844122710722715
train,52.0,45.75020749010192
train,38.0,36.807682345034294
train,18.0,16.43648776972352
train,34.0,58.24861876253768
train,24.0,20.908443195478462
train,68.0,58.26249234889214
train,40.0,43.45811908870056
train,34.0,34.30635799719127
train,30.0,35.621925814721365
train,48.0,56.432277006393406
train,50.0,51.71842924387894
train,24.0,21.69395363628883
train,42.0,40.87446365022482
train,36.0,29.998213872158203
train,46.0,50.53320895535836
train,52.0,52.28831754907841
train,40.0,41.44697531271306
train,24.0,26.03581908459769
train,30.0,44.103246605053414
train,30.0,34.8467209222505
train,42.0,38.63187791933744
train,50.0,51.3113169269543
train,48.0,52.39103580617187
train,61.0,55.08253089644968
train,50.0,52.19255389609157
train,54.0,60.806110973950105
train,30.0,36.770517529408444
train,52.0,55.18340659693827
train,36.0,30.028975728311572
train,44.0,39.0872059031657
train,52.0,52.17562956832447
train,63.0,49.68638681925627
train,42.0,43.02745045738474
train,30.0,39.29332542620138
train,56.0,56.69969483230942
train,63.0,50.85266082659879
train,42.0,33.29638423317593
train,34.0,32.112965729600404
train,56.0,52.36691309868072
train,54.0,58.47730879785342
train,42.0,37.3101520181871
train,59.0,53.9650485636782
train,56.0,51.01388101253276
train,24.0,24.520495655522982
train,50.0,54.53781637035276
train,63.0,50.905902382773945
train,30.0,37.662894930588266
train,63.0,43.06763845285074
train,24.0,21.64311523998663
train,18.0,24.95289273297511
train,36.0,40.87222458864091
train,34.0,34.255281046529475
train,52.0,54.24752565156494
train,18.0,19.19133919258679
train,68.0,62.405523569436454
train,18.0,19.513437542163903
train,44.0,42.77006412829795
train,40.0,41.940406125527666
train,38.0,29.10568943893741
train,68.0,56.78011605631308
train,52.0,52.818533639147894
train,36.0,30.1053221021224
train,24.0,25.983831041612508
train,40.0,43.13727016896691
train,50.0,39.020594105553805
train,54.0,58.68067080493847
train,36.0,30.496205194546228
train,15.0,28.02703721903586
train,48.0,56.944133999633436
train,24.0,24.60437805206602
train,59.0,50.63020267561601
train,59.0,59.886092734332834
train,34.0,31.74410048001426
train,18.0,39.272618171485455
train,15.0,23.531264392672718
train,30.0,37.93179252666299
train,38.0,31.524777104493836
train,48.0,59.17714016591698
train,61.0,58.45183674760902
train,15.0,18.21331029410809
train,46.0,47.21204744911061
train,61.0,59.705511391315675
train,38.0,47.212934682808786
train,54.0,60.127675210228944
train,15.0,20.79212370881227
train,54.0,44.006288096327886
train,50.0,54.242439236058686
train,24.0,25.10915708583543
train,50.0,52.783235291562164
train,68.0,57.947363191225534
train,50.0,48.80059053272615
train,42.0,43.89214668154635
train,52.0,56.24248658336032
train,38.0,33.380914594518934
train,15.0,27.550531439656677
train,46.0,51.84523150930886
train,24.0,25.215368901747482
train,50.0,50.94933241937068
train,36.0,41.23941169510179
train,38.0,48.29577633009408
train,59.0,40.94239877623739
train,34.0,45.854385067391206
train,34.0,38.095991661199854
train,56.0,53.672074660408995
train,56.0,54.813709284365224
train,38.0,34.62576416037831
train,63.0,34.32919284536693
train,52.0,53.0180653086272
train,38.0,36.86527247847171
train,46.0,50.91239405616294
train,54.0,41.17864484246938
train,52.0,52.796111313957134
train,40.0,47.589784410765326
train,63.0,44.02374823744913
train,50.0,48.29695184453217
train,40.0,40.13002858099574
train,15.0,21.8237183223082
train,48.0,51.320933487838595
train,30.0,39.781115803134526
train,50.0,49.00524524253228
train,24.0,20.851695621388185
train,48.0,52.46265263583075
train,30.0,37.694738487919686
train,24.0,41.615996936046976
train,68.0,62.47078494561238
train,34.0,35.22170646871312
train,44.0,39.39767208942803
train,56.0,53.53536508079472
train,24.0,25.31559772493676
train,46.0,49.11309974347783
train,52.0,42.22662379674489
train,40.0,43.82459039635056
train,36.0,48.31174673890187
train,50.0,54.24100180281691
train,36.0,47.41530334173802
train,46.0,49.14348371849577
train,24.0,23.90864062831269
train,36.0,42.49691214868439
train,40.0,44.44720945521534
train,44.0,41.05611384663902
train,50.0,52.110341789620676
train,63.0,46.56457658567072
train,56.0,51.191206700035295
train,18.0,18.813696201052867
train,42.0,40.70419779045139
train,46.0,46.781152630117425
train,44.0,40.336023142243455
train,46.0,51.310022954339736
train,63.0,49.28572779450025
train,48.0,52.8106946188989
train,68.0,59.020121109355514
train,18.0,15.39477215215095
train,63.0,49.65026995521877
train,50.0,50.91515931028409
train,18.0,18.185019651715997
train,48.0,50.212270157059486
train,38.0,42.788643482536514
train,15.0,35.73053827455548
train,46.0,48.646425150895034
train,24.0,21.475677063217443
train,38.0,37.40941447456922
train,56.0,51.840672101101816
train,38.0,39.26039177431827
train,24.0,27.335394963114645
train,24.0,22.823056166926495
train,24.0,26.451526326186453
train,15.0,30.24137709522436
train,52.0,46.060385309678495
train,50.0,50.60574105686521
train,42.0,37.80676809892123
train,40.0,41.54228421113392
train,18.0,18.601134152193048
train,56.0,56.35205564765484
train,63.0,50.9205905197887
train,30.0,38.323591253119574
train,46.0,45.53897998451025
train,68.0,58.60420624127348
train,24.0,25.04122465455216
train,30.0,37.65726783991703
train,48.0,50.30890787074852
train,36.0,32.07248425761587
train,42.0,30.9787500602677
train,50.0,46.590142331490945
train,56.0,52.33267282276895
train,24.0,22.383277245925097
train,63.0,50.37422026278111
train,59.0,34.52255101357213
train,44.0,44.776766903835615
train,46.0,49.86092163400579
train,50.0,40.33174723524157
train,46.0,46.73869714984739
train,44.0,43.685591101951715
train,50.0,56.25583349086772
train,42.0,40.65930630004677
train,63.0,51.16579445097332
train,30.0,47.28763362861392
train,36.0,21.22262398988136
train,56.0,51.5686706116566
train,54.0,60.57025384479595
train,68.0,61.146825254981536
train,50.0,54.87578748104839
train,54.0,61.77255164346546
train,54.0,62.04776210801777
train,46.0,43.247277703360595
train,54.0,64.83259039629648
train,36.0,20.23444680500104
train,36.0,26.255810866677496
train,30.0,35.66724374790968
train,34.0,36.446490113977575
train,15.0,13.205740555741421
train,48.0,53.181717701023935
train,38.0,43.786236210539414
train,48.0,53.85686727462793
train,52.0,41.630618003816934
train,50.0,52.30381873272397
train,38.0,36.77184833257065
train,46.0,46.26954203675315
train,36.0,29.20795106160319
train,56.0,52.20410426406857
train,44.0,41.90399613123303
train,68.0,59.49582119160193
train,54.0,59.097175634996155
train,50.0,52.51182078930825
train,24.0,26.430214355334304
train,50.0,47.17814833199377
train,50.0,52.54613098703715
train,46.0,44.578040320676
train,59.0,44.79558797568127
train,30.0,39.079431561376914
train,44.0,33.04786043284854
train,59.0,44.80478393532279
train,34.0,39.27834211637527
train,63.0,49.5943666246074
train,50.0,46.40870861223066
train,30.0,45.73318343291131
train,50.0,48.14123757027669
train,63.0,50.93090041600978
train,24.0,26.800550270316915
train,59.0,58.632616392000294
train,24.0,25.22383741921457
train,63.0,49.035444716005
train,38.0,43.69827449662186
train,44.0,39.98162070188913
train,68.0,58.01078142455577
train,38.0,32.966094109783015
train,42.0,49.15779336121254
train,36.0,45.935562570952726
train,18.0,15.729271197360092
train,38.0,48.490040941443155
train,56.0,53.70864439174642
train,56.0,52.941550869490946
train,24.0,23.086722638822415
train,48.0,46.932468171809354
train,30.0,27.495978642835386
train,56.0,55.76192799493768
train,36.0,32.63268961597881
train,48.0,53.99925863927762
train,54.0,56.463951409016815
train,46.0,33.52270313637061
train,59.0,58.22979053861351
train,56.0,50.205535252398974
train,15.0,19.51650413119399
train,50.0,54.2169224649248
train,15.0,31.775327625677633
train,24.0,26.79259659773603
train,38.0,33.49858458968503
train,24.0,21.661327913560758
train,36.0,35.64992201313413
train,59.0,62.649027183106
train,38.0,34.579178190892534
train,48.0,52.2217552752363
train,68.0,60.47521800019018
train,52.0,50.26791268841487
train,48.0,50.531916919692286
train,61.0,54.80036046481094
train,44.0,42.36213719922345
train,56.0,53.99492808193217
train,61.0,58.527059713414445
train,24.0,23.214933375518786
train,59.0,29.00778739987806
train,34.0,38.71286062851604
train,63.0,49.45115906161342
train,68.0,56.392075774824015
train,59.0,45.87489973500914
train,50.0,48.55083270731289
train,24.0,23.220579692844538
train,30.0,46.12078883778563
train,38.0,38.897884434049196
train,42.0,46.134033686753
train,59.0,62.689419286016175
train,48.0,49.072215342266425
train,54.0,57.77170689559569
train,24.0,25.566603684900723
train,40.0,45.17148720828153
train,68.0,56.842934740138915
train,68.0,58.59838517700277
train,50.0,39.23742378667147
train,44.0,42.40766846025599
train,15.0,28.324317619418697
train,40.0,43.346565164899644
train,68.0,42.422390269998914
train,30.0,36.62531642682906
train,48.0,53.901011692772315
train,50.0,36.20321664266489
train,54.0,58.76388531662592
train,54.0,60.793160427854716
train,50.0,56.96645687889634
train,18.0,57.41555801965855
train,44.0,39.997773484056125
train,30.0,31.69118015108826
train,52.0,47.71311832417426
train,50.0,51.839809547109326
train,63.0,53.20383564872752
train,54.0,44.09253029070213
train,30.0,43.034764841223705
train,50.0,51.11198540799754
train,56.0,56.56610111201382
train,36.0,28.891542513042467
train,38.0,35.78364817664142
train,38.0,38.069134783834464
train,30.0,46.50941565852356
train,24.0,21.971824031908064
train,15.0,21.180379604133087
train,44.0,42.432384664617565
train,30.0,39.25612755664049
train,52.0,53.49410131878647
train,18.0,38.20225205593309
train,61.0,59.067216640898174
train,30.0,40.8497541886429
train,50.0,47.97855149445223
train,54.0,42.770880955565474
train,40.0,32.39957422250016
train,63.0,52.200771148161046
train,18.0,15.92092139338251
train,30.0,37.85515687941698
train,63.0,46.30410920012859
train,24.0,21.889923290840727
train,18.0,28.395576247657452
train,46.0,50.012691357214294
train,44.0,46.7467026740337
train,36.0,30.036820586193947
train,48.0,50.67597208225896
train,46.0,46.499931856603745
train,38.0,36.53867523219205
train,34.0,43.39123366109477
train,61.0,55.51551957238639
train,36.0,27.851841022678904
train,63.0,49.920737193764914
train,18.0,31.388238612903603
train,24.0,28.864220994922817
train,52.0,43.434573910796175
train,34.0,33.62383886558248
train,54.0,46.98800792684679
train,59.0,39.3272377933465
train,24.0,26.146097053780274
train,68.0,60.100900564607144
train,24.0,18.305604987115945
train,59.0,57.95787728107118
train,59.0,49.361460397369115
train,15.0,8.768227732891738
train,52.0,53.04983271284351
train,63.0,52.742267910536526
train,59.0,48.4953910621745
train,52.0,54.590700153337096
train,54.0,49.850729139837355
train,42.0,22.315062593700652
train,56.0,49.08990904684508
train,59.0,53.66596518202017
train,50.0,48.64237650775038
train,30.0,48.14646456843316
train,38.0,34.403932092620515
train,18.0,34.72691168101945
train,48.0,36.930796485783986
train,44.0,41.61672345066306
train,24.0,19.68812855019843
train,42.0,50.52679147879465
train,59.0,57.9047196472785
train,63.0,49.79575033951537
train,18.0,42.5673893837868
train,48.0,49.962613237592734
train,44.0,42.609651820947605
train,15.0,27.052176149110508
train,63.0,52.83644857674349
train,15.0,30.150190617732683
train,36.0,37.92226141398887
train,59.0,58.79957238004914
train,56.0,54.698535397791645
train,56.0,57.647418386232204
train,68.0,59.313514594793645
train,61.0,57.08607786356903
train,52.0,37.595104712649935
train,52.0,41.850725593209525
train,63.0,48.09909026658979
train,30.0,38.93197468263372
train,18.0,18.302575052919043
train,34.0,43.635830963315634
train,24.0,25.702538116028713
train,24.0,17.280703043018047
train,52.0,53.471278447605314
train,50.0,34.787103926226024
train,63.0,50.320027627949045
train,42.0,47.061311323308196
train,52.0,53.39031553695534
train,18.0,17.499845242404998
train,44.0,45.95136899229807
train,24.0,20.714667500894116
train,42.0,43.2386837102889
train,18.0,57.466107246104876
train,24.0,21.69707246210016
train,50.0,48.05022414606898
train,46.0,45.293426802019916
train,61.0,59.356489737252424
train,59.0,54.56726477753691
train,52.0,40.23305875427692
train,50.0,48.94034557690746
train,40.0,41.433583797730655
train,18.0,26.03291641734811
train,18.0,19.029675521355628
train,24.0,41.23393093532596
train,63.0,43.198521101194004
train,59.0,55.54047464979605
train,46.0,43.35250470308731
train,50.0,50.13923028095639
train,50.0,48.81435533638719
train,59.0,51.36530077802303
train,15.0,32.87264856258442
train,59.0,58.25132745259252
train,68.0,57.58823342230645
train,61.0,55.81166024809679
train,44.0,42.30413614808692
train,34.0,43.0908555583213
train,52.0,54.27084414739797
train,30.0,43.0133552660793
train,42.0,40.97490222836805
train,59.0,64.07268702456878
train,63.0,53.41324121682198
train,18.0,31.065754297967153
train,46.0,50.64345873410323
train,63.0,52.15453549157869
train,15.0,28.296505478352117
train,34.0,36.91767593922718
train,24.0,21.727745958619664
train,44.0,43.156569191254725
train,46.0,41.56367959810847
train,46.0,47.46443080957157
train,50.0,51.6202672720827
train,59.0,56.083983883289804
train,42.0,15.220383541881024
train,24.0,22.714160699166204
train,34.0,34.59831946150119
train,63.0,46.3876436221186
train,50.0,33.23825136745335
train,30.0,45.128213656645954
train,42.0,30.237110466749193
train,24.0,27.727215619218835
train,56.0,51.78309983509269
train,52.0,55.347494670687006
train,46.0,52.27479677061273
train,50.0,50.01164363925909
train,48.0,52.54874778165906
train,24.0,24.459062962837162
train,46.0,39.830935929932785
train,54.0,62.21393065714407
train,59.0,59.931420253468396
train,34.0,29.644273722176514
train,24.0,24.07357003647478
train,56.0,48.382483093944025
train,50.0,55.18211839335727
train,24.0,23.650527342029225
train,30.0,38.99044301142447
train,63.0,46.856647823679964
train,61.0,59.71514173438641
train,61.0,59.714343765290025
train,30.0,41.23245526012576
train,38.0,42.28864527636704
train,59.0,61.637037880176806
train,24.0,25.720707705072652
train,59.0,59.56632185721702
train,54.0,61.45002864026158
train,40.0,44.01019646711291
train,40.0,39.07341180212211
train,30.0,37.20934644003001
train,50.0,38.87143526645906
train,61.0,56.38157302954567
train,18.0,16.34021300403726
train,24.0,20.071990059787787
train,48.0,49.751042649594254
train,36.0,48.86949800255444
train,24.0,21.3880877755263
train,15.0,18.705171944749253
train,24.0,25.32548448649222
train,38.0,38.84780512097478
train,48.0,50.63143316202087
train,40.0,45.074075343801994
train,50.0,52.33846698989041
train,54.0,61.31293576302006
train,52.0,52.760201638157675
train,46.0,53.113962781614774
train,56.0,59.20314626239852
train,44.0,34.540015846664346
train,56.0,52.560192481098
train,30.0,37.22232950166197
train,30.0,40.85825217834032
train,61.0,57.693817452149354
train,54.0,43.56565367622267
train,24.0,22.091660432505186
train,48.0,53.25441456289097
train,54.0,62.87040321866911
train,24.0,27.66003358737922
train,40.0,45.51693777065183
train,42.0,54.21120461780788
train,59.0,31.071442461619846
train,15.0,19.23963517776653
train,63.0,47.3536499954845
train,54.0,43.44237113219812
train,24.0,21.571790999315937
train,46.0,43.26685711049267
train,30.0,47.34139613898668
train,42.0,40.048368668057506
train,50.0,49.92627326410419
train,30.0,37.07108333463149
train,56.0,51.12094745639425
train,30.0,40.247472443061966
train,59.0,62.86286704385914
train,18.0,58.21668585862877
train,18.0,18.048356101448412
train,48.0,52.000490665564755
train,36.0,35.1647766926565
train,15.0,34.802191931578015
train,63.0,54.19527909130275
train,61.0,56.789423004745814
train,36.0,31.18503181115863
train,56.0,55.7404040431879
train,40.0,46.40392507532975
train,54.0,61.46414532495385
train,46.0,50.16873136598391
train,48.0,50.6889551614168
train,63.0,23.077904413980463
train,61.0,48.43516522169273
train,56.0,51.65875506759102
train,63.0,51.29265957336106
train,56.0,52.9174414555956
train,24.0,19.8223420266039
train,15.0,31.29670033950356
train,40.0,47.345793221634594
train,46.0,50.420590855152284
train,54.0,59.95339515138005
train,56.0,50.55114276488666
train,18.0,17.980277233662978
train,42.0,37.62458682285809
train,50.0,52.48638203436079
train,36.0,44.69425202161371
train,42.0,46.70613555422463
train,48.0,54.12928428264415
train,48.0,49.986538110240346
train,34.0,37.29596479244703
train,54.0,62.28658493101736
train,68.0,59.250573069472736
train,48.0,45.0304073873663
train,59.0,45.24418381775444
train,61.0,59.328357387232764
train,68.0,58.681446968794134
train,56.0,55.08628213156877
train,61.0,58.442032424349065
train,36.0,38.08106885602223
train,36.0,31.23852409412242
train,46.0,47.354832459501665
train,59.0,36.34345682974805
train,61.0,57.41966534322051
train,24.0,23.15960479310387
train,63.0,53.474592051513596
train,36.0,35.82787640982772
train,59.0,61.39545781081928
train,59.0,41.34153863230254
train,24.0,22.4238658896484
train,56.0,51.204009472085154
train,59.0,38.427374168496925
train,68.0,60.174647700544796
train,44.0,44.405136096217696
train,48.0,52.22765293863463
train,46.0,49.64643116612213
train,61.0,50.240381897720745
train,18.0,20.299876570656075
train,24.0,23.994075001415382
train,61.0,56.567936248379965
train,46.0,52.379330406281696
train,61.0,57.935744303065874
train,59.0,50.81998251522262
train,34.0,31.69464009659471
train,24.0,23.643995288318735
train,40.0,44.69420165800291
train,38.0,31.460938743201428
train,24.0,23.275635464669065
train,38.0,36.03722540830916
train,34.0,37.2616388369509
train,50.0,53.819772129319176
train,52.0,49.18304655788854
train,24.0,21.15370290506588
train,30.0,38.97546858596922
train,61.0,58.89445161618809
train,18.0,20.531927718378657
train,30.0,43.088633983773825
train,59.0,51.54243195090693
train,61.0,59.83459902108775
train,63.0,37.7254193195338
train,30.0,39.312994008269996
train,50.0,51.122068831030305
train,46.0,47.902971195503085
train,59.0,59.07530562021572
train,56.0,54.0047255141121
train,38.0,41.856838913752114
train,52.0,50.34344720858139
train,54.0,59.702670198550436
train,59.0,60.20394435930193
train,18.0,12.734884482437405
train,48.0,54.96795154901553
train,36.0,31.30666196954423
train,30.0,41.617150533574616
train,24.0,25.03720634377796
train,18.0,19.043212290360675
train,48.0,52.93488866649583
train,38.0,35.70814818569559
train,50.0,53.86519780675057
train,50.0,49.57777425026979
train,24.0,23.392609138949545
train,50.0,45.44480042302194
train,34.0,30.138425997933012
train,59.0,40.027823058200084
train,52.0,55.38967444257628
train,36.0,32.39270230478089
train,18.0,13.445528607996689
train,68.0,62.490602044255155
train,24.0,23.192625300991978
train,61.0,58.91828179012802
train,36.0,47.857469652858185
train,15.0,29.780840584136996
train,24.0,24.02067666875157
train,50.0,55.1426123406567
train,24.0,24.9944586302596
train,56.0,56.22245727931407
train,46.0,45.938332402215124
train,59.0,57.49853712101914
train,50.0,54.8360009289424
train,24.0,24.429579074098903
train,59.0,40.97707135129569
train,24.0,22.28006526427559
train,48.0,53.61231337486624
train,24.0,16.378193169824883
train,63.0,51.85884982598999
train,38.0,34.74790750576222
train,59.0,58.3225074473206
train,42.0,41.894537220757314
train,56.0,55.26962118325598
train,36.0,46.28802334600345
train,44.0,42.64399118714083
train,18.0,14.472114044857278
train,24.0,19.699169740920997
train,68.0,58.372397872902575
train,63.0,48.95176090748737
train,61.0,56.63305791481416
train,46.0,51.594995368355164
train,63.0,39.145553391534655
train,68.0,51.541450568854664
train,18.0,16.569190888226263
train,59.0,63.163531595078
train,48.0,52.233377011630054
train,36.0,28.649314032558543
train,52.0,53.643864105473234
train,48.0,52.557977605697005
train,50.0,53.98563256176557
train,50.0,29.854189572003822
train,24.0,27.25907476157496
train,50.0,38.97528316103277
train,15.0,28.332025618690537
train,52.0,51.034944315311414
train,44.0,47.3259592574642
train,68.0,56.9304264774431
train,24.0,22.434414352332784
train,50.0,52.639992252462946
train,61.0,57.465207012598896
train,34.0,28.800407964236207
train,46.0,39.83953184150686
train,61.0,58.59010666472631
train,50.0,50.614955581238476
train,24.0,18.803694325854078
train,59.0,59.8994693055531
train,68.0,57.62909278659664
train,18.0,18.012741437311682
train,46.0,46.15741230609361
train,50.0,39.661232297718634
train,44.0,46.0893150867361
train,68.0,57.49462575872331
train,40.0,48.190790860309775
train,68.0,56.80924018743802
train,68.0,59.536104926978794
train,63.0,48.85555193962518
train,63.0,50.172366047450424
train,56.0,56.89453282576568
train,52.0,52.50636138012286
train,54.0,62.64072439519985
train,24.0,20.383100928676985
train,61.0,59.56713583126695
train,52.0,50.71661435255961
train,68.0,57.823606960843335
train,44.0,46.6382322758071
train,56.0,59.099507182251514
train,61.0,58.73882130902713
train,18.0,21.269072009971357
train,15.0,26.456506754673633
train,46.0,46.549099888189474
train,38.0,36.46384735838591
train,52.0,49.647347715885765
train,34.0,33.46976116369818
train,48.0,53.20479836582132
train,63.0,45.60996787795379
train,48.0,52.99429372049938
train,50.0,49.28200672621484
train,24.0,27.56237994280604
train,24.0,20.85262638711744
train,42.0,39.082124228492106
train,52.0,52.008599896615465
train,38.0,34.37111675616568
train,68.0,59.44929902976463
train,30.0,37.04799284885764
train,52.0,54.56060122844101
train,48.0,51.10263900749281
train,34.0,33.71196998072588
train,59.0,48.436193975519814
train,56.0,51.12659191365635
train,15.0,23.225250284515337
train,24.0,25.003125712549807
train,52.0,53.5265729956258
train,36.0,36.660327398142755
train,54.0,57.22278632892352
train,34.0,35.53398745414044
train,18.0,22.112351828569977
train,24.0,41.526968904453504
train,59.0,60.397332849978554
train,18.0,37.412520955720254
train,48.0,51.46738672938656
train,42.0,45.35651012782306
train,63.0,49.25217504357835
train,59.0,61.820303865391324
train,30.0,40.59564405324736
train,34.0,30.661765047497404
train,52.0,45.36757911352653
train,61.0,57.42990509125609
train,63.0,48.26408267048258
train,30.0,36.73258321394168
train,56.0,56.81761486603816
train,50.0,51.65261387385826
train,24.0,22.09779859779825
train,48.0,48.11135122284869
train,15.0,29.250542296255947
train,61.0,55.417629878356564
train,36.0,47.87745843993702
train,56.0,49.05687384569165
train,18.0,22.782776091681505
train,24.0,17.55855642685599
train,38.0,43.121434307382046
train,18.0,18.044827823573545
train,54.0,60.99486509336557
train,50.0,49.87213907043655
train,63.0,46.10317177866051
train,48.0,50.738148407986515
train,46.0,48.066772153299766
train,46.0,46.93249230624686
train,40.0,43.919733313334255
train,46.0,46.160589646116904
train,52.0,46.599810127335644
train,46.0,51.285369598391235
train,61.0,59.29719959805063
train,36.0,45.21148242203276
train,52.0,57.85943550416704
train,50.0,51.260600861250715
train,24.0,24.817266591653013
train,24.0,20.766609842919898
train,50.0,52.04761340532798
train,18.0,13.49696087735579
train,18.0,30.023356970678574
train,36.0,31.114445374336242
train,38.0,34.83793870202156
train,63.0,48.85902977081805
train,34.0,31.443882663442828
train,56.0,44.87935056317703
train,50.0,54.298960924693226
train,34.0,31.855449410713575
train,18.0,26.569923753769494
train,54.0,54.80988886339176
train,44.0,42.784301396653625
train,50.0,58.54268606271007
train,30.0,35.896499870635296
train,15.0,31.865829513846077
train,50.0,53.0352243661664
train,30.0,38.54901213056405
train,56.0,45.41470643682377
train,50.0,55.19653652821935
train,40.0,46.85770364326135
train,18.0,46.34606344048697
train,50.0,51.17360454256575
train,15.0,31.285934773009906
train,50.0,53.058573886478165
train,42.0,34.538519705183376
train,18.0,15.390590892341493
train,56.0,49.42372058147429
train,38.0,34.32686834791392
train,63.0,50.3534263032318
train,44.0,44.3389629018771
train,56.0,55.83957333999933
train,59.0,44.57699816159776
train,63.0,49.43882807286091
train,46.0,43.50332562921029
train,34.0,33.27099898027299
train,50.0,50.671007236345844
train,59.0,47.243466407049176
train,50.0,51.671472063523
train,36.0,29.618827933939173
train,46.0,51.517985429088455
train,18.0,17.389159750141967
train,61.0,49.38523723039868
train,54.0,48.750068367652915
train,54.0,57.73471215202679
train,56.0,52.90369395450885
train,56.0,55.91860195259531
train,42.0,42.471199166652205
train,48.0,47.12064534456243
train,48.0,49.986082854693905
train,50.0,55.94525270925711
train,48.0,50.401611399790056
train,44.0,43.344182225713226
train,59.0,59.13619043779245
train,15.0,49.49713967544487
train,34.0,39.73417435920442
train,46.0,42.5976394398349
train,30.0,38.3991508918363
train,59.0,63.05825014435955
train,56.0,56.39098243466246
train,44.0,40.49883939659795
train,50.0,48.20916854400387
train,30.0,39.54012543741856
train,52.0,54.399916986649444
train,61.0,57.10385078690095
train,50.0,51.03451859906694
train,50.0,51.13987500054141
train,48.0,53.10987015241095
train,40.0,46.57388885789754
train,24.0,22.228387351854295
train,50.0,53.630780953454604
train,15.0,18.732902281257747
train,59.0,62.257651644663454
train,24.0,26.219316842851104
train,38.0,36.05223359942436
train,59.0,60.87910805340762
train,48.0,42.73092908565694
train,30.0,38.14377059898936
train,50.0,49.612461172572445
train,56.0,58.61899543779487
train,54.0,43.565618066310094
train,24.0,25.40227164919911
train,50.0,50.07905915517022
train,24.0,25.294592269668186
train,40.0,43.90840730999046
train,46.0,52.99798384656853
train,50.0,56.031195089450634
train,38.0,36.81368078960205
train,68.0,50.922432727203365
train,34.0,36.4810440653729
train,46.0,47.48875972555058
train,36.0,30.400012583038464
train,46.0,48.63688579018676
train,24.0,23.251980440042033
train,24.0,28.07800212973602
train,44.0,41.0498302952501
train,34.0,49.62063870280901
train,36.0,29.85144537381641
train,50.0,55.43017611087802
train,48.0,50.77042231875707
train,38.0,38.98453361807419
train,54.0,61.01853965061059
train,24.0,24.06128313513948
train,48.0,50.951079435174776
train,38.0,34.573322615290344
train,54.0,44.900521969330214
train,38.0,42.33681854570827
train,50.0,53.33011161467809
train,15.0,36.397624750348044
train,40.0,42.56550623797096
train,56.0,51.31226751452659
train,24.0,21.687819529611915
train,61.0,58.94648867097238
train,56.0,50.29456431070025
train,68.0,59.55940486487262
train,68.0,58.53267697531827
train,48.0,54.31304678018103
train,24.0,24.24155785535936
train,48.0,51.095650173054835
train,52.0,51.0759199356417
train,36.0,37.4102771446873
train,30.0,38.99518970136256
train,24.0,26.1209704331408
train,50.0,46.4284408684655
train,61.0,57.62769075736372
train,18.0,20.792796364410485
train,18.0,24.470989112159742
train,46.0,48.14222532009662
train,56.0,52.763134841235676
train,46.0,48.163356052625055
train,48.0,54.28234619690943
train,15.0,31.07103225154429
train,50.0,49.13145989100595
train,50.0,54.60180015506461
train,46.0,49.03610552554318
train,61.0,59.94822277031743
train,46.0,53.62477504028402
train,68.0,49.01492216911855
train,24.0,21.61027600582719
train,50.0,49.71458390468766
train,34.0,29.85561916363293
train,30.0,45.3854546723617
train,46.0,48.40345151677142
train,68.0,59.26820218815017
train,42.0,38.89096047761334
train,42.0,39.687406822804675
train,52.0,37.33314664439311
train,24.0,26.02086866879461
train,36.0,31.151472504186017
train,44.0,43.1519747632602
train,24.0,23.025755581874268
train,18.0,16.726283683493474
train,63.0,53.06732906853952
train,18.0,18.30463920857388
train,52.0,53.86135937105561
train,52.0,52.822469323567276
train,34.0,31.007227658119263
train,52.0,53.59075776092457
train,34.0,29.891635290209734
train,30.0,35.932432634609455
train,24.0,28.128078056846185
train,68.0,61.8076090995492
train,50.0,36.22139157910817
train,54.0,61.91864043854993
train,61.0,58.93459350325717
train,59.0,55.196214846621494
train,36.0,37.4156541029292
train,63.0,50.48445325261525
train,52.0,51.21614771087048
train,50.0,48.90291820525908
train,18.0,17.518677571301684
train,38.0,35.31003348373184
train,63.0,51.84523629066433
train,68.0,57.64708339154859
train,24.0,23.274998342693287
train,46.0,46.772976806517484
train,48.0,43.0057424526449
train,36.0,25.29452119936852
train,24.0,23.26855417662118
train,38.0,34.4434380379017
train,30.0,36.304298949853845
train,46.0,47.78290370931086
train,52.0,52.43916168158793
train,61.0,57.47030188989282
train,42.0,48.36140608594596
train,56.0,50.241150445353966
train,61.0,56.17692395761033
train,15.0,30.815778347807107
train,68.0,49.42464426305365
train,24.0,28.569444414130786
train,50.0,52.36783981647277
train,15.0,35.93195593502242
train,38.0,35.25819179335474
train,61.0,56.99240453090424
train,24.0,26.237202901483016
train,52.0,55.34116961602717
train,52.0,48.858015570438084
train,42.0,38.57535547787997
train,42.0,37.71131221072882
train,61.0,57.61120618246957
train,54.0,40.250939569013276
train,36.0,50.45739291697557
train,54.0,59.15241016117735
train,40.0,41.86573217928906
train,36.0,51.093495305571324
train,68.0,57.16011522819381
train,30.0,24.621363693996706
train,63.0,47.62702048316229
train,59.0,64.53387441196975
train,59.0,47.87530697456085
train,15.0,27.917076256218095
train,68.0,59.39262329819942
train,50.0,45.54414046695035
train,59.0,39.81499486482874
train,24.0,25.3640448746586
train,30.0,37.356060621383094
train,42.0,28.34248216481531
train,18.0,26.604388881254437
train,42.0,37.38110807690963
train,59.0,42.25013030809228
train,68.0,58.45358042424846
train,59.0,58.30407834235273
train,34.0,29.774717564622776
train,63.0,43.71050442057018
train,30.0,35.40600042872871
train,46.0,49.545457656795136
train,36.0,50.60617464185856
train,44.0,38.50346219333671
train,44.0,41.668446670534976
train,54.0,64.22746863496792
train,48.0,51.94248473813444
train,15.0,22.891419575571163
train,63.0,42.718817569001594
train,44.0,42.57838751826757
train,24.0,25.648346240121644
train,15.0,30.930444930501594
train,36.0,43.25484949428267
train,50.0,54.279336630628556
train,44.0,41.05680488840961
train,48.0,50.232182190544975
train,18.0,16.775377700457653
train,61.0,57.12519515127191
train,18.0,24.687112632569633
train,48.0,51.579695231833604
train,52.0,51.72857966493537
train,24.0,25.684570197191544
train,15.0,24.94757370631787
train,63.0,45.92547499974943
train,15.0,33.61841247429291
train,54.0,62.8078681276678
train,61.0,57.027558965252084
train,48.0,50.87263427485645
train,15.0,29.42609034280956
train,50.0,51.34691239640924
train,54.0,53.65443368969184
train,34.0,32.59074799574235
train,36.0,27.645862888655934
train,18.0,19.21452709055384
train,30.0,38.13941489439746
train,50.0,35.30965613216573
train,30.0,40.57819114739824
train,46.0,49.57994155948624
train,46.0,48.27170188706037
train,30.0,30.813781230007294
train,46.0,50.50682009744782
train,50.0,47.11873989090439
train,48.0,52.288703263779404
train,24.0,25.543777105676305
train,56.0,55.05851204354952
train,68.0,59.36824681419339
train,54.0,55.344919706440805
train,30.0,38.38318666545385
train,18.0,14.342740881995748
train,63.0,47.51337616215727
train,56.0,40.45623585168014
train,61.0,57.09889486574522
train,36.0,22.835092687610974
train,56.0,57.00838471075048
train,18.0,17.499934929658806
train,36.0,40.15025236807286
train,63.0,48.71248836076685
train,24.0,22.860698171522458
train,68.0,56.32717359750049
train,30.0,38.93909200669655
train,24.0,19.507704240715913
train,18.0,55.392038149133995
train,48.0,52.74768668255207
train,30.0,38.863269760972706
train,36.0,39.119711196287184
train,52.0,52.89443782574098
train,63.0,49.59709974864933
train,50.0,52.969425045861975
train,30.0,38.83826931605817
train,34.0,48.44054387250736
train,15.0,32.08866220699962
train,50.0,57.80722704485451
train,63.0,48.682293651700135
train,68.0,59.493966261680114
train,36.0,25.667953592103515
train,50.0,48.446779376607154
train,24.0,17.389023464941427
train,38.0,34.92931679931881
train,34.0,34.530446838037825
train,63.0,50.33229226671958
train,34.0,34.043197129272016
train,63.0,48.09806755778078
train,56.0,52.61112069562252
train,68.0,59.72380563639364
train,68.0,59.17012721343142
train,48.0,51.18293947434793
train,44.0,48.05492992448896
train,18.0,17.749376858046933
train,24.0,27.09167077102138
train,63.0,53.945863222575
train,36.0,48.32762632510262
train,36.0,48.64448403746762
train,38.0,30.073585137772156
train,30.0,35.51350740556813
train,18.0,58.7669358771943
train,24.0,28.51956330703651
train,34.0,45.70968201557809
train,46.0,48.268044279838776
train,36.0,31.3745696170483
train,54.0,64.89076743543586
train,61.0,58.833328740531265
train,52.0,49.66114748556501
train,68.0,60.19049788564343
train,63.0,50.41505383401506
train,61.0,57.61752396040671
train,34.0,33.574159234495525
train,52.0,37.54777984888311
train,68.0,48.22720839617085
train,34.0,36.601313449803214
train,24.0,20.628066578288752
train,34.0,36.63589782055065
train,56.0,58.60002675521279
train,56.0,55.668492976589604
train,15.0,48.490363985926045
train,24.0,22.421962637337966
train,34.0,38.77975152365925
train,63.0,47.516902935200584
train,46.0,52.79018374180613
train,46.0,48.76207877076806
train,24.0,21.03009856886033
train,46.0,49.72465233431368
train,54.0,62.86459629702808
train,52.0,45.93230045841699
train,18.0,17.80303142782795
train,63.0,49.5698372617627
train,50.0,51.68689180519257
train,36.0,43.837755988031766
train,15.0,31.35819473140782
train,38.0,38.82808968387522
train,18.0,29.358356794516165
train,54.0,42.416241913461164
train,38.0,36.539541708646404
train,56.0,45.881799280875086
train,42.0,48.00506370222566
train,18.0,22.195534903882365
train,38.0,35.27285607699329
train,63.0,51.27270418863115
train,54.0,61.41426829573916
train,61.0,56.847521645607266
train,15.0,26.30898347898307
train,24.0,26.061823216122193
train,54.0,62.30435054516434
train,52.0,50.004177482599104
train,24.0,27.78790333063493
train,24.0,23.20072023632074
train,54.0,44.441738024146105
train,38.0,36.15455530752696
train,48.0,53.04217668126129
train,36.0,29.721317537390426
train,68.0,59.11510968353525
train,44.0,53.002219972900974
train,61.0,58.810065757465374
train,54.0,44.90521445157414
train,59.0,62.924137342360936
train,59.0,57.07910483957325
train,52.0,50.96421487663437
train,44.0,51.645648942542856
train,61.0,57.76246630814805
train,50.0,51.075477189518395
train,24.0,27.86070986588293
train,68.0,56.47517036121823
train,46.0,47.229563129728994
train,18.0,19.146153194538993
train,63.0,54.45046916945914
train,15.0,26.528199296331202
train,61.0,56.65035618270784
train,48.0,51.24565893997928
train,63.0,49.598134723018035
train,24.0,26.766077728026847
train,44.0,39.92327027739194
train,68.0,59.545115016202296
train,52.0,56.06702229842233
train,63.0,51.85346249275723
train,18.0,23.697493473190786
train,42.0,34.99097319690147
train,38.0,40.343424812838194
train,50.0,55.95130213335594
train,42.0,43.36625857767366
train,61.0,59.331173418593806
train,38.0,36.62498900766064
train,46.0,48.7554660027834
train,24.0,22.354185174331274
train,56.0,54.080920300189085
train,63.0,50.48811179514579
train,59.0,60.14742120542533
train,30.0,38.80061844411494
train,30.0,48.35596876448169
train,54.0,60.732092252391
train,40.0,40.91436111030727
train,30.0,48.84475768608922
train,61.0,54.75359398651162
train,61.0,56.70543295935272
train,15.0,32.620568575008456
train,46.0,44.59854526004754
train,61.0,57.4169841475928
train,30.0,37.08530118388836
train,54.0,63.49232643877005
train,18.0,13.266741719429533
train,15.0,31.174096242979793
train,44.0,43.033492350311356
train,61.0,57.43473590051548
train,68.0,58.12271824203118
train,46.0,46.432887484785454
train,24.0,21.360880719308952
train,50.0,48.478239371572755
train,30.0,35.08545324187796
train,30.0,38.98655469315748
train,24.0,25.935287284511013
train,61.0,60.08250456681273
train,54.0,59.254256272654075
train,30.0,39.2679731759159
train,24.0,20.227038611278793
train,54.0,62.48910334594363
train,46.0,46.86650048325426
train,34.0,30.874584784674212
train,54.0,60.528911566194935
train,50.0,52.24084182554379
train,38.0,34.75335016378693
train,18.0,13.367400689716366
train,63.0,47.640340906674815
train,59.0,43.42788426198396
train,61.0,60.05819111734348
train,30.0,41.14483367498515
train,44.0,34.82017919881003
train,52.0,52.02790149934906
train,36.0,47.10961028256532
train,48.0,39.81700949274619
train,48.0,52.63864904096954
train,44.0,41.80355236085507
train,63.0,46.22871247514774
train,63.0,40.28831983249495
train,44.0,43.80551163751322
train,44.0,44.49605668019841
train,59.0,61.213951443713256
train,59.0,42.89199754217377
train,61.0,57.39474310831632
train,15.0,27.70391403889055
train,68.0,60.06952912283015
train,50.0,49.919736418463444
train,38.0,35.14565522522477
train,56.0,55.12269236842499
train,54.0,64.97034167058052
train,24.0,22.833725160843144
train,50.0,58.13286675300316
train,30.0,39.90747667410258
train,24.0,20.4811651985721
train,38.0,36.649358330343205
train,18.0,19.793644890826354
train,15.0,23.881425932856374
train,24.0,23.407738775293268
train,42.0,40.69588294778626
train,48.0,52.75204161072425
train,68.0,59.651217331751596
train,42.0,39.64186078808955
train,63.0,47.17652210464867
train,50.0,43.76087104448421
train,61.0,58.68696434614745
train,54.0,54.482058871466876
train,44.0,38.827308868217614
train,42.0,37.1696787059631
train,36.0,33.75691190450435
train,63.0,47.0535971547815
train,54.0,62.42399783934939
train,48.0,52.277101984221936
train,63.0,48.6116004485626
train,48.0,55.84868929812467
train,36.0,43.29679550618068
train,44.0,43.32945383255173
train,59.0,60.48037744344056
train,30.0,36.75509355113208
train,68.0,60.77095617222062
train,24.0,18.49597230376041
train,24.0,26.50158586543359
train,15.0,30.55782768346257
train,61.0,59.02028100539472
train,36.0,25.68695219683279
train,59.0,45.95222928347365
train,50.0,56.05778851325104
train,18.0,10.403574400394398
train,56.0,55.84282799390816
train,50.0,33.583502116444386
train,61.0,57.12146969817664
train,50.0,54.586435008798134
train,50.0,50.26170246004808
train,24.0,24.22334833568557
train,46.0,44.05810543779103
train,36.0,33.02465991714232
train,50.0,55.70120134795751
train,36.0,45.719064551891414
train,15.0,23.500167165614464
train,54.0,48.55026670802666
train,15.0,25.015534184900904
train,30.0,37.126077076717564
train,52.0,51.668861582953014
train,52.0,45.64988668354886
train,63.0,38.843031564864376
train,42.0,44.03099347427987
train,48.0,53.122703045832296
train,18.0,16.67086227225296
train,24.0,23.862093507936812
train,18.0,53.541408012153944
train,56.0,56.39038624121815
train,18.0,38.42889297647352
train,46.0,48.80528284522881
train,24.0,25.959698417170927
train,50.0,44.85171445247348
train,63.0,53.95439922182587
train,50.0,52.693099282419126
train,36.0,27.479150534235885
train,50.0,40.826265313352685
train,24.0,27.58856000845084
train,18.0,30.139140442049698
train,42.0,49.119125804660754
train,38.0,35.29008079406558
train,34.0,34.86704182482704
train,38.0,47.15119983641124
train,61.0,57.866778814404285
train,56.0,50.290582278256025
train,63.0,50.75460075136074
train,54.0,59.76054586541632
train,50.0,38.5085295210088
train,24.0,21.437221272849335
train,24.0,33.45849239177755
train,68.0,59.11861287725176
train,63.0,52.28412356693904
train,24.0,40.83022214430285
train,48.0,52.407180673854086
train,24.0,23.131056610264295
train,61.0,57.62346855780643
train,30.0,45.05932093996651
train,24.0,21.318429905139904
train,46.0,48.81792796251951
train,24.0,26.28904586312149
train,30.0,39.72836491690018
train,18.0,43.254657753356085
train,40.0,46.091497911526396
train,50.0,54.836116590159556
train,24.0,26.607501443686317
train,24.0,23.377096362801286
train,50.0,51.84839657215798
train,48.0,52.01433266431524
train,50.0,51.64966550153714
train,18.0,20.615612997545075
train,61.0,57.79004831264117
train,44.0,55.7642884381664
train,48.0,48.82325601197049
train,38.0,36.62098935796418
train,54.0,62.105262581196065
train,18.0,38.262147582194544
train,24.0,22.773866915478084
train,59.0,39.35724730497776
train,68.0,59.525878790328264
train,63.0,51.90033363518741
train,59.0,35.963468769422356
train,61.0,59.42629277656843
train,42.0,43.75486361923319
train,68.0,58.421869204216605
train,50.0,54.052236884516866
train,50.0,54.97473220823785
train,24.0,21.30097734676952
train,63.0,53.502651297686995
train,24.0,27.041730090281412
train,52.0,50.65741311166528
train,38.0,32.18394825428983
train,36.0,47.44920074235332
train,63.0,50.523620907789045
train,15.0,24.545261224767728
train,15.0,26.985268187025312
train,50.0,53.511423683890925
train,15.0,27.766657437077505
train,48.0,52.58510511310542
train,38.0,36.54259145223083
train,52.0,40.094192994657384
train,15.0,34.828344893133064
train,48.0,54.96390974744112
train,63.0,57.01483858488028
train,40.0,40.455617813277144
train,42.0,35.79826288054244
train,52.0,54.364735005859735
train,44.0,45.82508654401688
train,59.0,63.26289850329883
train,50.0,51.282509363473075
train,38.0,30.801846925151885
train,46.0,43.33131872326837
train,46.0,48.66192601642191
train,24.0,21.76275472849297
train,30.0,37.07533816170212
train,50.0,44.174758809302915
train,50.0,55.16125092869724
train,18.0,17.339801726964392
train,34.0,28.848825951386033
train,18.0,44.53369451895999
train,34.0,35.53434386003802
train,61.0,57.77896071096916
train,63.0,46.814781602281734
train,44.0,41.65296206393477
train,42.0,40.546662186352656
train,46.0,48.40208377768856
train,54.0,61.4403252293881
train,46.0,41.050466057563256
train,61.0,59.069108584868545
train,18.0,19.217011809579713
train,24.0,28.2872373067092
train,30.0,45.90416750334357
train,24.0,21.253333556526037
train,59.0,45.114112600549284
train,34.0,33.648036009395625
train,50.0,45.45583270360268
train,59.0,62.053897480825114
train,24.0,22.921471825837678
train,50.0,52.25629152965393
train,59.0,32.697336431447496
train,56.0,51.63674280781569
train,15.0,28.448593140102446
train,52.0,56.992309072564055
train,42.0,46.943664670041706
train,40.0,44.50494428701574
train,56.0,51.31619363337348
train,54.0,35.818588379718484
train,42.0,32.80553714927362
train,52.0,53.78244051391666
train,46.0,50.76752114308682
train,54.0,41.24280406268309
train,36.0,51.88912694546835
train,24.0,24.506402829083004
train,15.0,28.624135319521677
train,52.0,52.28345322490379
train,56.0,53.35172956916064
train,50.0,46.32114824830385
train,36.0,31.9483892841019
train,30.0,42.63925339884567
train,24.0,18.307875390671086
train,52.0,52.67491481965457
train,44.0,50.32024909406523
train,15.0,20.771123798123433
train,50.0,51.646770012983886
train,54.0,44.39370709225348
train,36.0,52.72752985032694
train,42.0,39.51222883121876
train,44.0,42.2916915026366
train,34.0,35.54818960304337
train,48.0,55.548135871674575
train,18.0,21.97113239655362
train,68.0,59.683456775661085
train,15.0,30.65281516457364
train,15.0,30.747077550904255
train,15.0,33.60131718162687
train,48.0,56.60820200408157
train,56.0,45.98423446046196
train,30.0,45.783195265537266
train,59.0,56.08568861772531
train,34.0,29.482450284802766
train,24.0,26.721379976546714
train,44.0,41.44020293387291
train,52.0,35.406165909466566
train,40.0,44.97627636725588
train,24.0,21.061363329623152
train,50.0,35.17670757169016
train,24.0,21.111631676138344
train,48.0,58.47033497081465
train,52.0,53.31404155702067
train,44.0,40.882481540187996
train,18.0,18.917462677269167
train,46.0,43.14026859422291
train,46.0,47.306409457879845
train,68.0,58.96607835026708
train,44.0,46.559991147826125
train,18.0,31.011360745043156
train,44.0,41.73863888482908
train,59.0,58.28273656920957
train,24.0,24.87918020439901
train,30.0,36.158049634251554
train,56.0,55.39110194598138
train,30.0,35.812290078330555
train,24.0,26.80190849324912
train,48.0,42.731082285551466
train,50.0,51.51367330317615
train,48.0,44.881453125372985
train,50.0,48.43796110399617
train,48.0,51.85569857917007
train,63.0,53.74302128046243
train,61.0,58.35382713297952
train,24.0,20.43025150734874
train,36.0,31.148279377037383
train,36.0,28.481418326146482
train,42.0,38.69744238759072
train,24.0,13.849318275723135
train,38.0,34.31415548967578
train,50.0,56.434589547568294
train,34.0,39.09689153368009
train,44.0,43.78419104493703
train,68.0,56.862539246923916
train,24.0,22.38840627655648
train,52.0,50.827318358264066
train,61.0,58.3974544400984
train,42.0,44.294834369700204
train,63.0,53.44905167348725
train,56.0,53.10071340025153
train,59.0,56.377010453497775
train,36.0,38.96297090732513
train,50.0,43.49494757542987
train,52.0,52.56524586213149
train,30.0,39.432958733089414
train,34.0,39.69646525238577
train,52.0,46.22464655966474
train,50.0,48.77412103269286
train,44.0,44.766260208059045
train,52.0,53.87822706981174
train,59.0,33.93612142677209
train,18.0,17.282888151097776
train,18.0,44.17051967595123
train,63.0,61.31800951706038
train,54.0,63.11374538705601
train,56.0,51.926829346781496
train,30.0,34.8539874603238
train,44.0,44.793055412481934
train,36.0,33.479934764505614
train,30.0,44.08362954457849
train,63.0,49.26864920287109
train,18.0,23.718741610248784
train,61.0,61.43786765893593
train,30.0,32.57381734645449
train,61.0,60.26000764395822
train,68.0,46.51539300894796
train,52.0,41.08214473777386
train,61.0,59.22775596495275
train,61.0,57.19004575800512
train,30.0,38.64310857247333
train,30.0,36.18178468358341
train,24.0,18.42366758056987
train,15.0,30.069290533657913
train,30.0,44.49931889292786
train,50.0,54.83374836036553
train,61.0,58.512169313371984
train,63.0,52.38688388334799
train,18.0,16.102524443198078
train,68.0,58.1398064715604
train,56.0,56.77964158375607
train,34.0,37.19031810576944
train,15.0,29.463613914676465
train,61.0,57.86673615900459
train,54.0,59.269162320451706
train,68.0,61.796982590140466
train,44.0,40.94406862397021
train,36.0,46.000675126278225
train,30.0,41.210781537866545
train,36.0,27.041576802070686
train,48.0,50.96126015873913
train,18.0,24.089692207443086
train,63.0,48.85948257222752
train,63.0,48.62439884151452
train,63.0,49.93128643966852
train,52.0,54.57432804926895
train,38.0,31.637300242792094
train,34.0,34.42738074575811
train,50.0,36.373751883330414
train,50.0,54.40450782930948
train,36.0,47.766701853876555
train,63.0,56.22788807714174
train,38.0,37.61930907499163
train,56.0,52.97197519035837
train,61.0,59.683356244741034
train,46.0,49.01161860829729
train,50.0,54.3716827812646
train,38.0,35.565864495575966
train,30.0,38.80938173261315
train,68.0,59.185589156213325
train,59.0,46.90830810019295
train,52.0,57.22579325498067
train,61.0,41.715343121653824
train,36.0,29.515237175872223
train,15.0,25.940141191088337
train,61.0,27.190455041331433
train,48.0,51.38159862158867
train,34.0,30.931724158882936
train,38.0,36.07779257851482
train,24.0,22.72380889745101
train,46.0,48.873206929905045
train,59.0,44.99591944648018
train,68.0,58.45389380454016
train,50.0,52.40781624638899
train,38.0,32.54322838065128
train,63.0,53.15194829837683
train,46.0,52.29443790313135
train,63.0,46.61296622944486
train,36.0,44.81462986299328
train,44.0,40.44136087694771
train,18.0,15.942897339779734
train,15.0,32.8041316309863
train,59.0,44.00427222133669
train,68.0,56.74987697110616
train,63.0,50.97589038245849
train,61.0,58.5109599619486
train,42.0,39.367597459709216
train,61.0,58.65257312214202
train,42.0,35.188146758879775
train,38.0,37.32815990105715
train,15.0,28.59062328056981
train,36.0,44.935326238656884
train,56.0,52.22507461245965
train,50.0,52.90716656162797
train,36.0,38.62263502174041
train,15.0,23.30993303980356
train,44.0,49.277760604709236
train,68.0,58.51680970126903
train,61.0,61.1551339735114
train,24.0,26.545481552503244
train,24.0,25.104385018709166
train,24.0,20.003843790830956
train,63.0,57.890553374384936
train,48.0,51.17850331804772
train,48.0,43.44696208844377
train,44.0,39.25217484274381
train,50.0,53.12114696356255
train,15.0,31.36690032168825
train,30.0,34.58586224341241
train,40.0,41.23433682803942
train,50.0,50.88588321947769
train,38.0,36.31432872283544
train,63.0,50.17986759287817
train,24.0,21.21951822479416
train,50.0,51.97916627260854
train,38.0,43.931833887968374
train,59.0,61.25228441533108
train,24.0,22.59648680916173
train,50.0,54.929693086915215
train,61.0,57.52256479073515
train,15.0,27.943502181247027
train,63.0,51.02014785500097
train,63.0,51.88876072078121
train,36.0,30.958211738961282
train,18.0,37.59334693416999
train,38.0,52.48745570998205
train,42.0,54.522933804399045
train,68.0,60.286259087994665
train,63.0,38.69975282679503
train,36.0,25.182766107154453
train,48.0,55.20935996308065
train,18.0,29.702244436600832
train,63.0,47.106728033626936
train,48.0,51.91264112630726
train,52.0,53.43410848370469
train,61.0,57.88143480400769
train,38.0,34.4237352268065
train,38.0,35.56164519311287
train,63.0,47.581348720375516
train,38.0,29.66602444807486
train,40.0,44.94120482169185
train,38.0,33.42824654920755
train,38.0,37.0263854957988
train,46.0,50.6526760913309
train,54.0,62.09136494642135
train,48.0,52.429134364917516
train,56.0,59.47652801201659
train,15.0,22.958648118985447
train,18.0,20.665523325524457
train,44.0,39.98268688208833
train,63.0,46.6186826158542
train,18.0,17.630554296221526
train,46.0,41.02399913436833
train,48.0,51.53110694608935
train,50.0,49.795602951573954
train,48.0,51.02000032129571
train,40.0,46.48929361322803
train,54.0,60.59530280944772
train,18.0,53.22363893808429
train,63.0,49.71034644497871
train,48.0,53.22079900504955
train,46.0,48.477040930567775
train,61.0,56.37161672991025
train,15.0,29.91398304402875
train,50.0,49.8057915196685
train,30.0,38.38341967191184
train,50.0,62.78386577999842
train,61.0,59.18831576484532
train,18.0,22.41833837880472
train,59.0,61.47226587842533
train,36.0,47.039458735891486
train,30.0,38.6936060528152
train,48.0,53.12453377922088
train,54.0,60.189995437313044
train,50.0,52.2832544211939
train,30.0,40.173489755936785
train,50.0,54.37160800851302
train,38.0,34.13350305988139
train,46.0,46.58049531512675
train,52.0,41.00918236328521
train,54.0,64.09983457704037
train,59.0,58.098692123585096
train,40.0,45.948892265309986
train,15.0,20.70454274087016
train,68.0,58.14394127552032
train,56.0,54.689678885349984
train,46.0,49.8393322737299
train,63.0,48.80344023938895
train,50.0,49.729784366236046
train,38.0,32.30940890236421
train,56.0,54.438661316610336
train,61.0,59.52828307041468
train,18.0,19.172172707520627
train,48.0,51.062361439080156
train,50.0,51.52648209794708
train,46.0,47.38758975120829
train,59.0,58.73742764962718
train,50.0,35.08840631235315
train,56.0,40.27458617239552
train,63.0,49.67561255578305
train,52.0,50.63048009109576
train,30.0,35.09876341631143
train,61.0,56.44222149572405
train,24.0,24.35389966081796
train,44.0,41.5078323388891
train,34.0,35.136026936018055
train,52.0,54.19198628285827
train,30.0,33.725787578348964
train,56.0,45.77617760438698
train,50.0,54.46713302339536
train,68.0,55.7061337240908
train,30.0,36.60952354518025
train,18.0,30.81824478806062
train,50.0,31.31487580280734
train,68.0,57.24985359078395
train,61.0,59.348890081679365
train,30.0,35.855338264926985
train,61.0,56.233396279574265
train,34.0,42.67745476469194
train,42.0,40.7994354793513
train,42.0,42.153479486798574
train,40.0,43.763360573838625
train,68.0,60.62923479584926
train,48.0,35.872543427034444
train,56.0,53.61742275529296
train,42.0,27.327263823284092
train,56.0,59.00436433011188
train,68.0,57.466493031362475
train,18.0,37.046240598425285
train,52.0,55.392765614290894
train,54.0,64.39982386571678
train,50.0,46.65285107135662
train,42.0,21.435987296450257
train,38.0,34.33429713619757
train,44.0,40.13199429408239
train,54.0,58.06076501185625
train,46.0,48.609485136195985
train,63.0,51.63161640228228
train,38.0,33.33818296313917
train,61.0,58.24765277287494
train,50.0,49.93619044472404
train,52.0,53.19945918946242
train,42.0,44.69556798031789
train,18.0,13.584075156714427
train,30.0,34.79116279507217
train,50.0,55.67928294593207
train,18.0,19.338513620788415
train,59.0,39.89681562404994
train,56.0,52.77804806766658
train,34.0,34.51561376958209
train,46.0,47.41399079426245
train,30.0,25.39351471938878
train,42.0,49.27513208687652
train,61.0,56.302325304438284
train,50.0,45.38200316951134
train,18.0,29.16067721477622
train,24.0,24.298574947341628
train,36.0,30.498458938920834
train,24.0,19.395556926268217
train,15.0,25.753421511291805
train,40.0,48.42305610079682
train,63.0,47.68800709163489
train,61.0,57.72051683273436
train,50.0,58.18510839895434
train,68.0,49.247765501667786
train,56.0,56.870219599351316
train,36.0,46.60202927947816
train,52.0,49.585718817597325
train,61.0,59.79255770042943
train,50.0,53.23504933980861
train,63.0,41.57454967822617
train,50.0,47.65361721344533
train,48.0,55.6001467897818
train,44.0,44.16132635440397
train,63.0,54.20909702539411
train,59.0,56.702776755500395
train,42.0,41.22948933679311
train,24.0,41.99000929239047
train,61.0,55.61583225342248
train,46.0,44.4933657546772
train,44.0,43.553061092789704
train,50.0,55.366473179068535
train,59.0,57.550743951024245
train,46.0,51.83442668294471
train,68.0,56.30671868989057
train,56.0,58.396981364957696
train,54.0,53.040670075296475
train,63.0,49.91073651061812
train,50.0,44.20375400759353
train,38.0,31.650616950911044
train,56.0,56.466779145245084
train,56.0,53.392984355440184
train,15.0,30.967579716046973
train,30.0,39.67929552268437
train,68.0,59.53612963307106
train,18.0,22.94625412892999
train,68.0,60.75007480579447
train,15.0,23.99730673538507
train,42.0,43.95731790182128
train,46.0,46.590211965850976
train,46.0,52.01573887143151
train,59.0,41.88810573292466
train,50.0,52.80362947000219
train,15.0,29.69774232664836
train,48.0,50.91129720049011
train,24.0,27.028824147118907
train,50.0,54.03432898822887
train,38.0,39.74718626132014
train,59.0,59.8080859110344
train,61.0,58.515475007702655
train,46.0,46.30461909437438
train,24.0,25.03625626432605
train,63.0,50.67328085435555
train,15.0,27.682673627904798
train,56.0,51.37314846097345
train,52.0,50.58894629456893
train,50.0,55.31967215878343
train,59.0,52.80771545754375
train,18.0,26.429226828672064
train,30.0,38.59871815223938
train,24.0,26.11109396911089
train,54.0,37.643567727503005
train,54.0,38.501983339610504
train,61.0,58.44994228682751
train,50.0,56.630939732837355
train,15.0,35.66617144871684
train,59.0,58.33449814942916
train,59.0,44.141312147704696
train,24.0,19.26560577171161
train,36.0,29.84333911200494
train,44.0,44.82138580142014
train,59.0,58.782370615555436
train,38.0,36.312684080163024
train,52.0,54.56056847483139
train,61.0,59.42779898174371
train,40.0,43.62293380424282
train,68.0,51.95612949157209
train,48.0,51.216902912341155
train,54.0,62.61415314875855
train,46.0,50.31876070431604
train,34.0,32.81671879155435
train,54.0,60.49812810585366
train,54.0,58.963102596812035
train,59.0,39.234425687308196
train,42.0,55.66375046219415
train,30.0,33.610042675679026
train,52.0,55.105469457735566
train,52.0,52.23825801990494
train,24.0,20.344093729093363
train,61.0,58.175789338366386
train,52.0,54.04671339871516
train,38.0,40.02227442795854
train,63.0,45.12402765626681
train,63.0,51.87446277031397
train,61.0,56.5022640467111
train,54.0,60.77335338137466
train,68.0,44.239608108417954
train,44.0,37.782993038676295
train,46.0,47.178100962370664
train,38.0,36.13858321858497
train,52.0,50.464643114791016
train,54.0,60.34378533625157
train,61.0,54.94890092448413
train,52.0,57.30583635551794
train,30.0,37.43289387006834
train,24.0,24.173530854913896
train,50.0,49.658063670452194
train,61.0,61.87751498527547
train,24.0,20.18339619595198
train,18.0,20.088796691797413
train,36.0,47.27920957153012
train,38.0,38.14139096036318
train,30.0,48.70982521399293
train,52.0,52.47892413945173
train,34.0,39.28964457556575
train,46.0,48.288124047382
train,18.0,24.410436649992203
train,46.0,49.2708809742649
train,38.0,40.35125215478799
train,38.0,34.60353782841605
train,50.0,38.18463928740369
train,24.0,24.923460097709903
train,52.0,52.54363931371789
train,30.0,35.27639639419419
train,40.0,45.23609130062416
train,59.0,59.56337370196005
train,34.0,32.24865009242913
train,44.0,42.1560280436401
train,50.0,57.089856606869155
train,61.0,60.02913805659108
train,46.0,45.934207202543334
train,68.0,60.1932006996205
train,18.0,21.344577016548968
train,24.0,26.036306492261375
train,40.0,39.99967771567971
train,38.0,32.451496975464565
train,24.0,18.39597091458054
train,50.0,51.51475807244537
train,56.0,43.05451143274839
train,68.0,58.416339889474
train,34.0,34.39555569268448
train,50.0,52.45512978923618
train,24.0,21.270432499250838
train,63.0,47.05960817722252
train,15.0,27.536645409067983
train,36.0,49.34913131061816
train,52.0,55.319179431428935
train,38.0,35.26591044576005
train,46.0,46.90538611006306
train,44.0,43.63495585499323
train,24.0,20.404995810759043
train,54.0,62.616844149773605
train,63.0,51.03095540500914
train,68.0,41.67806764265836
train,30.0,49.90610168873463
train,50.0,53.81594153344824
train,48.0,51.472105174441275
train,36.0,23.978769454906153
train,34.0,33.11231224545936
train,36.0,44.065031001972066
train,24.0,25.08215457078823
train,48.0,53.15069400367632
train,68.0,42.82998220254757
train,54.0,61.79862791328564
train,24.0,17.58827588310741
train,30.0,36.19683558748362
train,18.0,22.218685308425126
train,46.0,49.67911886357949
train,34.0,33.816916739641684
train,24.0,24.868760437629398
train,36.0,24.760947612734995
train,52.0,41.20604406954765
train,50.0,47.194440655819434
train,68.0,59.71420822493198
train,59.0,45.29584378738509
train,59.0,60.91138947881855
train,24.0,26.48156096627393
train,54.0,64.72123871881247
train,59.0,43.561189286443316
train,40.0,43.39677663033553
train,30.0,40.57760279954771
train,30.0,37.7810793788858
train,52.0,50.4329288829323
train,48.0,54.38547867704952
train,68.0,59.64138703065901
train,61.0,58.482017174038674
train,50.0,46.11703136516264
train,44.0,44.74846770175367
train,44.0,39.363827898347495
train,38.0,46.42403438784678
train,24.0,34.27373411052202
train,59.0,44.36047650828566
train,42.0,36.472627945912166
train,56.0,51.544124109242745
train,56.0,55.494024897547185
train,68.0,56.98897727197438
train,36.0,29.442108370457166
train,50.0,46.23473113207649
train,15.0,29.43334715257471
train,46.0,47.73842230003706
train,59.0,58.80716974093632
train,36.0,47.24153184054661
train,59.0,59.75081185546526
train,24.0,24.10926380888575
train,63.0,53.06652850666289
train,50.0,55.15343153830487
train,63.0,54.7855634576423
train,38.0,38.82466093255122
train,38.0,51.81525167960853
train,38.0,29.506086341089564
train,30.0,31.673261164352674
train,54.0,62.31609221593905
train,34.0,34.452492356778095
train,36.0,31.570804062642033
train,54.0,62.815352288826915
train,42.0,48.98423928254418
train,68.0,58.01525081653082
train,56.0,52.02226910420528
train,24.0,23.831272698620943
train,52.0,43.54103838756521
train,34.0,34.7636982234817
train,46.0,47.441987380909076
train,24.0,22.14738030057434
train,54.0,59.88425267121005
train,68.0,48.41436068805751
train,61.0,56.4457094295757
train,18.0,16.39234827867171
train,34.0,35.88269205525908
train,42.0,24.133146460192727
train,38.0,42.91334796485208
train,24.0,20.662261176683455
train,50.0,56.612009714293634
train,34.0,37.517058849740614
train,42.0,44.601640973582434
train,36.0,28.772743733787745
train,50.0,52.47346573303406
train,44.0,42.67988615546819
train,36.0,30.40836791251803
train,36.0,28.011297298722052
train,61.0,58.499840177069714
train,30.0,33.44215981947592
train,48.0,52.32774948696822
train,59.0,32.85072196275111
train,38.0,35.39642441249292
train,68.0,58.78339954064341
train,42.0,41.83294889462139
train,42.0,48.02766638302581
train,24.0,22.660085904039864
train,50.0,40.19242739009411
train,68.0,59.68853545496799
train,46.0,45.62055772970362
train,46.0,49.55376368905068
train,68.0,61.62835300474069
train,48.0,54.16654067368511
train,18.0,36.19723940344125
train,24.0,23.51120981944032
train,48.0,55.30282940276906
train,34.0,34.80359549479657
train,52.0,52.687163340874775
train,52.0,50.61243756677868
train,46.0,48.07955824831135
train,24.0,18.22288864627961
train,68.0,60.09573125578951
train,50.0,49.12083298806331
train,50.0,49.85588425650909
train,18.0,58.93999175504417
train,52.0,51.868359838911914
train,46.0,52.04195151115976
train,50.0,48.74794905464016
train,24.0,22.524337840080406
train,48.0,55.44924521025483
train,46.0,45.85778968586873
train,36.0,26.866783265882127
train,56.0,53.50445996267414
train,36.0,24.58729594898237
train,42.0,36.12521842313788
train,59.0,47.961141828573595
train,40.0,41.43761757444872
train,68.0,62.295061440488084
train,68.0,59.989951314999026
train,24.0,26.4666932959125
train,46.0,48.70245522862662
train,54.0,65.69427533864486
train,44.0,35.711608180517004
train,18.0,21.85464025825547
train,61.0,57.5626552373769
train,68.0,61.08036291172775
train,24.0,22.01262104828505
train,48.0,53.20463814541911
train,46.0,48.55177801447715
train,46.0,39.72571570135535
train,15.0,20.017726621160058
train,54.0,45.99972438125724
train,18.0,58.436585603233695
train,18.0,22.128002298032374
train,18.0,59.46867830826582
train,50.0,42.3133565887198
train,56.0,53.23747289930794
train,30.0,39.25013529221812
train,30.0,41.916411761110076
train,59.0,53.99672986204176
train,30.0,37.41971563344473
train,15.0,31.879575751814016
train,50.0,54.480711185875705
train,63.0,44.49261660088063
train,46.0,51.390026290272324
train,30.0,38.990025573463186
train,24.0,24.41518345824094
train,30.0,33.27482698760754
train,34.0,32.350872544736085
train,18.0,25.938727472087628
train,50.0,50.93581941743641
train,24.0,23.05544090344642
train,24.0,21.554033014614365
train,63.0,49.75619561556885
train,50.0,45.99858666497584
train,61.0,59.440520488806214
train,30.0,36.04390136608246
train,61.0,58.20747382606364
train,38.0,36.978538467377575
train,63.0,48.287048392917384
train,61.0,39.362933404357335
train,24.0,21.07023949329071
train,68.0,59.90673283771098
train,18.0,23.66918717898179
train,46.0,47.89503363068299
train,50.0,50.3119785973024
train,30.0,55.813498314173465
train,50.0,46.65883949916997
train,46.0,48.02642729605454
train,46.0,42.66228978759024
train,30.0,38.54184605060486
train,15.0,29.302344415533423
train,59.0,54.6829267742324
train,42.0,35.301804549478085
train,56.0,53.25773526900809
train,61.0,58.127662302998296
train,42.0,37.401185524908975
train,59.0,61.64581735674504
train,50.0,54.216325304665155
train,50.0,50.13355922395058
train,50.0,50.23361542760496
train,63.0,42.951504631347966
train,24.0,24.663771805315015
train,56.0,54.11091608484111
train,63.0,39.95504651179705
train,38.0,39.271406616166864
train,54.0,48.60589449723489
train,54.0,43.04466794065026
train,54.0,59.94064874522543
train,36.0,48.3829221104982
train,24.0,23.674540555615547
train,44.0,44.97833751178387
train,50.0,39.207874658739726
train,24.0,23.783135630865207
train,30.0,35.80385778303202
train,24.0,25.947687913454132
train,15.0,24.618566498500304
train,44.0,41.60530841826117
train,50.0,52.616108372480745
train,54.0,61.10681769744295
train,63.0,47.30574744691979
train,50.0,50.99593381329358
train,59.0,41.48091907463258
train,46.0,39.82638082204788
train,61.0,57.81904281183769
train,61.0,59.58475762719612
train,24.0,21.082796873222506
train,34.0,29.1123523149624
train,50.0,56.2952683763722
train,46.0,47.4976428647401
train,46.0,49.42765154331457
train,61.0,55.68867351855179
train,24.0,21.36689260776603
train,48.0,53.62878592043475
train,44.0,39.60926718948542
train,18.0,13.655195755414152
train,54.0,60.30656272204236
train,54.0,53.368928620165285
train,44.0,39.08256795402241
train,61.0,60.24477352328003
train,48.0,57.01618121180036
train,56.0,56.16543835918601
train,34.0,38.78438891446723
train,18.0,33.9979708540947
train,54.0,54.071078396765984
train,50.0,39.582077959786425
train,24.0,22.26811541488678
train,61.0,58.533288957476216
train,40.0,42.02719764621251
train,36.0,32.67893642318775
train,63.0,53.62991035208789
train,40.0,45.09676967165836
train,34.0,34.48832145814329
train,61.0,58.84241721288423
train,18.0,22.541086698099402
train,30.0,36.70997696536993
train,61.0,61.01448559171383
train,24.0,26.096036452144524
train,54.0,61.74030226909062
train,42.0,36.36785076466031
train,36.0,43.62413469688159
train,18.0,25.56898954084238
train,38.0,51.62196984784644
train,56.0,56.94184114441099
train,61.0,56.862412657682285
train,15.0,31.713076295392682
train,52.0,57.003003279597564
train,50.0,47.505386255068736
train,50.0,49.66548793970729
train,18.0,15.478587171805149
train,38.0,50.98573613766455
train,42.0,39.46487837586996
train,40.0,44.74895159547654
train,15.0,25.10051538523375
train,40.0,44.15352442157071
train,18.0,16.49322490339065
train,61.0,45.98912749661483
train,34.0,33.177518886452006
train,59.0,32.34432448348451
train,63.0,51.27517158488014
train,15.0,25.464664806123718
train,52.0,57.113074186345614
train,18.0,17.821808720677936
train,30.0,34.82735460311681
train,50.0,46.85568433812271
train,54.0,61.601458353474364
train,36.0,46.54922168718862
train,48.0,46.45638024461819
train,34.0,32.74770019358799
train,61.0,55.969787829408595
train,34.0,43.40320355837715
train,46.0,46.795291176014565
train,38.0,45.270783377835606
train,15.0,28.95968836762269
train,63.0,50.52379554703002
train,30.0,46.40045436517984
train,42.0,33.88735524349385
train,18.0,28.598559450439268
train,61.0,48.04009014663643
train,46.0,49.09305532023514
train,42.0,41.81285704205315
train,48.0,51.017044189080806
train,30.0,35.848666373250424
train,15.0,28.592144222492855
train,52.0,52.809401606271905
train,44.0,42.449811641836334
train,61.0,41.886117100583405
train,61.0,50.40072035277857
train,63.0,50.3032850116869
train,44.0,49.78951372129278
train,44.0,45.93636811158272
train,44.0,41.84748334606139
train,34.0,36.41327112734705
train,56.0,53.86198327610564
train,24.0,21.97664826310069
train,68.0,58.145332912435016
train,46.0,45.09015024936212
train,63.0,51.79462973845305
train,61.0,59.89230798549141
train,46.0,58.76094799884802
train,68.0,59.97107416220784
train,15.0,26.890825332563963
train,44.0,44.64449181432664
train,36.0,43.00362286329177
train,59.0,55.53143196504988
train,52.0,53.68049667494502
train,61.0,58.22051568793463
train,50.0,49.617712017872144
train,40.0,38.577419968945584
train,63.0,50.30548854259764
train,56.0,53.859805029626855
train,24.0,24.979079428781453
train,61.0,58.69557903186811
train,50.0,51.63614354604301
train,42.0,51.937278182361524
train,68.0,55.993188425339106
train,24.0,26.234442555085963
train,44.0,43.16675859379246
train,61.0,57.87287229983623
train,18.0,22.845195082676693
train,30.0,35.62589048875794
train,15.0,31.25192119966403
train,30.0,35.32828247310559
train,52.0,51.64004125641715
train,50.0,52.33354041112533
train,48.0,50.316354449456625
train,63.0,51.78552238385693
train,46.0,46.35252926612202
train,24.0,23.54457050466912
train,59.0,50.987465544550915
train,44.0,43.960883231766395
train,30.0,36.632754459353635
train,59.0,38.04551709475658
train,24.0,18.344061389688264
train,61.0,56.36449545159023
train,34.0,35.590129983691064
train,54.0,59.71864570610633
train,68.0,60.29362963733079
train,68.0,57.43506494216321
train,61.0,58.45700717498493
train,15.0,26.550012943179144
train,24.0,22.39147927043102
train,38.0,36.25970835379088
train,63.0,57.13796596164797
train,38.0,36.65965863951535
train,30.0,41.789713565273615
train,30.0,32.95237601656605
train,59.0,56.39041380260929
train,46.0,44.22956794360978
train,46.0,52.139358050566436
train,50.0,45.57140312610846
train,56.0,57.23523372856587
train,54.0,59.25709131923625
train,59.0,55.222301866799775
train,59.0,42.55517128003768
train,61.0,43.807271002250424
train,52.0,56.820779038933225
train,40.0,45.57929765712887
train,59.0,61.71565296981402
train,48.0,52.80219109590986
train,48.0,53.2692354169093
train,18.0,31.61853876561715
train,56.0,55.922426118829435
train,38.0,42.78002469335223
train,63.0,51.69434363833312
train,54.0,45.21113241575393
train,59.0,62.097184259257276
train,24.0,22.059819985060596
train,68.0,56.68855784786717
train,24.0,30.48895790177555
train,50.0,50.97086113155614
train,50.0,53.91311216195645
train,24.0,28.369260775627843
train,54.0,62.24044712551974
train,34.0,37.571461535663595
train,44.0,43.36603758830565
train,24.0,26.362068364634816
train,46.0,43.28430826387344
train,30.0,35.502127770933946
train,24.0,22.844830590648925
train,48.0,50.16101676947258
train,42.0,53.22650084382298
train,46.0,44.902212429598336
train,38.0,45.67695004241275
train,61.0,60.35240039982418
train,61.0,57.965441070119276
train,36.0,24.719345206374726
train,68.0,59.49029244580355
train,61.0,57.44215486906198
train,63.0,35.06075257377056
train,24.0,19.857264134345066
train,38.0,29.16502189135637
train,61.0,55.90912407110635
train,50.0,47.603690334503206
train,30.0,44.15143994384316
train,54.0,58.391768903076255
train,48.0,55.365145093464506
train,30.0,35.552759854696404
train,54.0,62.94900503396754
train,54.0,63.49488074587329
train,30.0,30.62313481597546
train,59.0,61.421640306915464
train,56.0,56.77706204675717
train,34.0,40.05447999935275
train,61.0,58.71902006468887
train,24.0,25.039627638246355
train,50.0,52.52755774946514
train,38.0,30.401212346169466
train,30.0,36.336117291924104
train,46.0,51.159575343439315
train,42.0,43.79149059784087
train,40.0,40.7933527972627
train,42.0,34.38542331647625
train,34.0,27.782209491236678
train,68.0,58.20256625972147
train,63.0,48.41441552658011
train,34.0,40.0152892805318
train,15.0,27.05768557761908
train,30.0,35.04301083155108
train,34.0,39.95040148274683
train,50.0,37.89080498489125
train,46.0,45.41393920775456
train,15.0,26.583276566381265
train,18.0,28.057683204563595
train,18.0,21.26986954366685
train,68.0,58.79789760301833
train,42.0,38.435197245401056
train,44.0,40.6677625618985
train,46.0,49.635828986697014
train,48.0,55.79837493030613
train,52.0,52.26798651390537
train,18.0,29.601586270624274
train,56.0,54.62428681992725
train,18.0,47.073984100238086
train,68.0,43.497133410459206
train,24.0,17.302453132390387
train,36.0,43.963947884399005
train,46.0,47.24591772825676
train,34.0,36.88037234755147
train,18.0,15.777021447406689
train,52.0,53.40761094726996
train,48.0,52.271415600729526
train,48.0,52.57166663081487
train,48.0,45.07575468811076
train,68.0,57.7582965420061
train,48.0,52.943768383438425
train,48.0,50.32911339370977
train,68.0,58.25541898068053
train,48.0,52.776469335342746
train,44.0,43.71316908672511
train,68.0,43.71444094656214
train,44.0,40.10289062971073
train,24.0,18.163863749707165
train,44.0,43.3486578729296
train,63.0,46.465051061617665
train,54.0,62.190413120974384
train,54.0,59.89668959870768
train,48.0,52.44063129489746
train,52.0,53.834668130531476
train,24.0,25.492557255518744
train,52.0,54.21368501997504
train,56.0,56.43792482689026
train,54.0,47.0198950032648
train,50.0,53.54637759908931
train,59.0,41.55396420823386
train,36.0,48.37884872366898
train,54.0,62.94851384704434
train,68.0,58.1395185625624
train,36.0,34.15410659821632
train,36.0,43.261829231557016
train,48.0,53.90115422962779
train,54.0,48.81027157610641
train,59.0,55.21139969550134
train,56.0,54.88777646375901
train,61.0,55.733260692710395
train,38.0,30.690754538953737
train,15.0,27.51463708538471
train,36.0,52.06128973420816
train,15.0,28.866886094455406
train,56.0,43.830566315820946
train,63.0,49.505267040862
train,48.0,50.495915763659205
train,30.0,36.46359727901152
train,38.0,29.439159562549033
train,24.0,22.11316445618
train,59.0,46.56188065073826
train,59.0,60.19886158857353
train,56.0,55.4592517664423
train,30.0,36.50351412460752
train,61.0,59.81170507359168
train,52.0,53.69809458302136
train,50.0,49.17920323783281
train,38.0,38.892544119130264
train,63.0,51.196035610319846
train,48.0,55.5322099570797
train,15.0,38.45698571695306
train,68.0,56.185545260783364
train,61.0,58.88663296104341
train,38.0,37.960103456213076
train,42.0,39.465716481501126
train,63.0,49.45219546285668
train,50.0,49.95372628390146
train,68.0,62.794380204487524
train,42.0,46.9637981582314
train,36.0,36.08845047168913
train,59.0,59.363609425065036
train,50.0,54.7768226049301
train,68.0,60.22136846392597
train,38.0,45.11373477156858
train,56.0,52.54190577833623
train,52.0,53.77444168707916
train,42.0,38.150430862200686
train,54.0,64.31907856350198
train,30.0,37.487064239993536
train,52.0,55.81733695722978
train,50.0,54.73583290695268
train,50.0,52.622792037024155
train,59.0,43.73435811722352
train,48.0,53.68219196027732
train,36.0,42.69907945036352
train,59.0,62.210333547466576
train,61.0,58.25215276378097
train,54.0,42.43617066896585
train,42.0,37.696533864055
train,56.0,54.35494983817476
train,24.0,23.95722703068444
train,63.0,49.398167805795865
train,61.0,58.6802968332301
train,42.0,42.042528749634435
train,48.0,50.55214662804638
train,30.0,40.699635578489364
train,44.0,42.51780034976575
train,54.0,45.507314306229915
train,44.0,48.823260785915245
train,30.0,39.88475802432686
train,30.0,38.93008948610576
train,40.0,48.14125091488101
train,63.0,50.787349937600844
train,34.0,31.645966542653753
train,46.0,46.091640552957095
train,63.0,51.70801702881346
train,50.0,47.52556635565687
train,15.0,27.439523066698193
train,68.0,61.17525144153773
train,61.0,60.128005258493836
train,63.0,50.76386695571435
train,30.0,37.88272677064291
train,50.0,47.13868398496335
train,61.0,57.04309754811663
train,50.0,49.37280655488076
train,42.0,42.124310497772186
train,63.0,50.46726427821226
train,56.0,57.1750113313891
train,63.0,50.91460299774528
train,24.0,20.93979133245543
train,42.0,44.59761120884497
train,63.0,50.32937808307795
train,50.0,48.62741042753585
train,30.0,48.03409766290489
train,48.0,53.29138385358644
train,54.0,58.06587212036627
train,56.0,54.082700954930644
train,56.0,53.57243061372093
train,34.0,37.574001958811294
train,46.0,47.816642653672226
train,50.0,57.704196353699146
train,15.0,27.399255079518007
train,18.0,23.441145813192517
train,15.0,29.34687656452583
train,38.0,37.99769918819955
train,44.0,44.575966422625676
train,61.0,57.90360976114269
train,48.0,54.139277772929105
train,36.0,45.66718855797282
train,63.0,46.89438015679307
train,46.0,47.38967146504374
train,52.0,57.04527766858337
train,50.0,51.35435820104994
train,63.0,51.95184880035272
train,48.0,52.1662042544198
train,42.0,37.14955714239105
train,50.0,48.00246278640615
train,24.0,16.095766496628457
train,36.0,48.765183682970225
train,68.0,56.52112430043958
train,50.0,47.560929033780255
train,24.0,24.15983169190005
train,61.0,59.85242224104259
train,46.0,41.18299477140502
train,48.0,51.51824648502702
train,44.0,42.15619459844326
train,34.0,47.01179518481412
train,24.0,20.291252792223958
train,24.0,23.05072366326767
train,24.0,18.928980071890525
train,48.0,51.127312998888804
train,24.0,22.61302223293496
train,52.0,55.918637432917876
train,48.0,55.10364732305421
train,24.0,26.1922462018257
train,61.0,59.6240533344297
train,54.0,60.565539035646296
train,61.0,59.85548546312106
train,30.0,49.45759224088556
train,46.0,45.84923577108954
train,38.0,35.1705898821961
train,30.0,34.96007625376937
train,36.0,31.650884776335623
train,24.0,26.77804212285106
train,30.0,34.87646792879946
train,63.0,48.89120577471303
train,50.0,52.18783470065287
train,54.0,61.83089718103467
train,15.0,42.6219438349672
train,59.0,54.61829429512474
train,50.0,55.12474684473994
train,36.0,32.354403531725126
train,52.0,56.2699847589466
train,36.0,29.93144821447497
train,24.0,22.957763548234016
train,24.0,22.479516734610527
train,63.0,50.84446596011365
train,40.0,44.91119355870918
train,46.0,46.61001069113577
train,52.0,43.324723804743485
train,56.0,56.80885409788809
train,15.0,27.026452505921366
train,44.0,41.27848069595501
train,48.0,57.33693794833246
train,52.0,50.23973556823064
train,18.0,20.396472247844436
train,59.0,41.335110271578145
train,63.0,51.43453329159975
train,24.0,25.76909433491566
train,42.0,37.16798947467791
train,44.0,42.37219198803395
train,24.0,18.304672185692894
train,59.0,63.28196927634103
train,46.0,48.64072307464084
train,68.0,58.57756212046961
train,48.0,53.07730031869596
train,46.0,46.58916975019553
train,63.0,54.53802494777068
train,18.0,44.201190621293215
train,54.0,61.90424991735725
train,30.0,34.960637885639166
train,46.0,45.23288560983381
train,15.0,33.53632309351335
train,48.0,52.475206171258236
train,34.0,32.57722702599318
train,46.0,50.07154574573045
train,46.0,42.638226391787555
train,44.0,42.173321240518064
train,36.0,45.034865826860624
train,24.0,14.09627981307986
train,30.0,37.18187475659034
train,59.0,49.83974905222569
train,68.0,59.21890229847046
train,59.0,60.64991074347121
train,68.0,49.32019727186718
train,50.0,52.76282881301145
train,38.0,40.88351700560394
train,18.0,11.997954451172312
train,42.0,51.161857736013566
train,61.0,58.630942909991205
train,52.0,40.838329523091986
train,38.0,39.46616161606619
train,48.0,48.90252600045753
train,44.0,50.86900451680526
train,42.0,33.147733175452835
train,68.0,57.87986212931428
train,50.0,39.70537106157244
train,42.0,26.574155201315147
train,40.0,60.22159706106105
train,15.0,33.16938147969108
train,50.0,48.0906449853645
train,30.0,38.67200287862826
train,24.0,23.218998621027634
train,56.0,55.981990396521184
train,50.0,50.81888597827046
train,54.0,44.0599382762539
train,68.0,45.50856490405317
train,61.0,57.81953011580525
train,56.0,53.11268992133498
train,59.0,58.840746930706665
train,63.0,56.35391517669353
train,56.0,55.58621154460004
train,30.0,36.80954373449573
train,34.0,35.05444456987003
train,15.0,34.274295587530304
train,54.0,58.56825783521981
train,48.0,52.280569469302534
train,48.0,54.48078376684791
train,30.0,33.315361850703624
train,50.0,52.09071676319667
train,48.0,49.95649773599965
train,50.0,53.2254373714211
train,61.0,57.27516013027298
train,52.0,54.30319259644267
train,48.0,53.08127911123359
train,52.0,52.07461684832492
train,18.0,20.719039304357093
train,18.0,44.34536254736698
train,15.0,32.66372199516182
train,50.0,52.26843310540462
train,56.0,48.20375942577541
train,48.0,51.436939145908866
train,30.0,33.20041336086689
train,30.0,40.58514567858502
train,48.0,49.52900893992474
train,56.0,49.40693377063582
train,24.0,22.513514586812363
train,63.0,47.1311426718282
train,56.0,39.05365733065543
train,56.0,52.638434678851716
train,68.0,58.317125619868165
train,52.0,51.5811636412802
train,56.0,45.85114702026888
train,59.0,55.81925935101807
train,52.0,37.048934592022924
train,40.0,45.19182037950999
train,54.0,62.85039656649572
train,36.0,26.145223366603236
train,68.0,61.5216307615418
train,52.0,53.41964630208078
train,48.0,55.73685972731322
train,44.0,42.23667289806322
train,34.0,34.83259897862383
train,50.0,50.40321458159659
train,48.0,53.98444789660122
train,54.0,62.792126436542006
train,50.0,47.91099648584632
train,24.0,22.379735137422646
train,68.0,44.59939823801355
train,24.0,24.802323930331056
train,34.0,35.19101105977067
train,46.0,50.602960253405726
train,30.0,33.18275154072444
train,61.0,59.96371342647944
train,59.0,58.24703896100543
train,18.0,20.53199754964421
train,50.0,55.918987453711686
train,63.0,38.700717312389884
train,52.0,50.17311721920823
train,48.0,53.09924950606163
train,40.0,45.09141701685933
train,18.0,18.149073224951508
train,15.0,35.52100409622605
train,59.0,61.615062864490014
train,38.0,36.594713846748725
train,24.0,22.075779955543354
train,54.0,60.604778608039695
train,18.0,21.403264401998626
train,50.0,53.14081749230453
train,34.0,33.2463111171674
train,40.0,42.644281588933325
train,34.0,47.44734101243302
train,15.0,21.998089167181305
train,36.0,22.42726688844353
train,34.0,33.97764128564723
train,15.0,25.229236259857096
train,56.0,56.77621995452064
train,18.0,19.820849205318677
train,68.0,61.94873978017678
train,54.0,59.02717891710433
train,24.0,22.0276394261344
train,38.0,38.90257363193716
train,24.0,23.178901179477467
train,18.0,18.995299517223156
train,48.0,58.58254328457773
train,50.0,38.372700972876586
train,46.0,49.551486806107064
train,42.0,46.02173831065377
train,18.0,32.31111955142835
train,15.0,30.097917374425812
train,61.0,56.706399489336796
train,56.0,56.619351779881185
train,48.0,52.500391567333374
train,44.0,43.27193781097864
train,36.0,26.993646965622908
train,44.0,43.64450436943261
train,61.0,58.006314278992875
train,30.0,40.14664093043507
train,63.0,46.24352040164721
train,15.0,31.485324288539044
train,40.0,44.46475341332189
train,68.0,59.501384699472844
train,15.0,30.443972716649647
train,63.0,46.49645789791894
train,40.0,43.70569446034296
train,50.0,55.29023663366998
train,18.0,24.492461470574437
train,68.0,58.55495142239697
train,54.0,63.66877079157622
train,36.0,35.24521725631215
train,44.0,52.64287215643813
train,61.0,57.35540843079251
train,63.0,51.4185439275426
train,56.0,56.66884059335776
train,34.0,32.96132800926516
train,18.0,59.48242940915391
train,18.0,13.286360772794758
train,36.0,37.21003763477076
train,54.0,63.61518248651231
train,30.0,47.03746565739276
train,63.0,51.620454188445
train,24.0,22.100959287509475
train,50.0,52.17520006770722
train,18.0,20.739506394713864
train,63.0,51.55203873095071
train,50.0,46.653798304904115
train,38.0,34.751307222759465
train,24.0,22.97893847660801
train,24.0,26.49774032542172
train,59.0,60.186315470578094
train,36.0,32.37308934120645
train,38.0,28.891577984874225
train,18.0,48.71404371939219
train,24.0,23.695280468295564
train,30.0,42.980079844435636
train,68.0,61.81192602380008
train,61.0,56.72696550618703
train,15.0,30.122727870378732
train,42.0,41.249626217242934
train,18.0,16.885270982708192
train,44.0,45.569596316532525
train,24.0,31.59367179618046
train,50.0,44.43737305498867
train,56.0,42.44893635361388
train,42.0,38.666840398310576
train,59.0,59.2836397194536
train,63.0,50.74675155482613
train,42.0,44.62607392994008
train,50.0,43.95591359429618
train,34.0,35.40769789750291
train,63.0,42.47362310696899
train,44.0,47.50098435769036
train,30.0,37.73231778780039
train,44.0,42.825215753549806
train,30.0,39.32402837279659
train,15.0,30.826376971335847
train,56.0,55.09957705513958
train,15.0,22.41982028904311
train,68.0,58.80595052220445
train,48.0,55.20149729976935
train,52.0,52.37872843362741
train,63.0,45.88876133126283
train,52.0,52.303219022028784
train,44.0,45.19336808265945
train,52.0,45.10422510165515
train,44.0,42.673495153329505
train,68.0,45.6322343061604
train,59.0,60.6883829261795
train,56.0,56.535519917701066
train,61.0,51.12563249995025
train,68.0,60.75533654737372
train,38.0,36.93419419961925
train,30.0,32.812131707846824
train,50.0,45.62872654634889
train,15.0,27.435829924663558
train,50.0,51.14983096502225
train,56.0,54.2434660394892
train,54.0,58.54647173238676
train,56.0,54.55322138320416
train,61.0,55.17279851509083
train,30.0,30.40508834046868
train,61.0,42.069409777650144
train,52.0,51.7468167446272
train,46.0,54.4556899926005
train,24.0,25.897257687254662
train,68.0,56.131849206757835
train,24.0,25.254938786930314
train,61.0,62.10163716239565
train,56.0,55.40305134306506
train,50.0,25.093080228903673
train,63.0,51.25024259736765
train,63.0,51.987379459958404
train,30.0,36.74585087780129
train,63.0,52.272844560108084
train,40.0,42.07937028241028
train,54.0,60.811172719958506
train,42.0,47.49015475538666
train,30.0,46.09600647875388
train,56.0,51.82703657048621
train,34.0,33.42169971247398
train,36.0,51.09911329554974
train,68.0,37.213818582276495
train,24.0,19.549616327482962
train,24.0,25.31144874715372
train,18.0,19.78574942063063
train,42.0,39.901954795479355
train,36.0,17.128284470759898
train,63.0,46.71291800551611
train,50.0,54.86158608121836
train,30.0,41.5344685113587
train,54.0,62.785287467409646
train,52.0,41.43425817986525
train,46.0,45.13708726770273
train,52.0,44.3711587213615
train,24.0,23.637537040432015
train,52.0,57.23094508236226
train,42.0,54.768517818652654
train,36.0,29.696611855611977
train,24.0,23.670234708236773
train,59.0,56.2804599230979
train,36.0,26.814911514675362
train,24.0,19.79523261923842
train,68.0,57.117188758344
train,46.0,51.236769341617226
train,68.0,59.17176745570321
train,68.0,61.638305763518844
train,34.0,36.846754985577284
train,15.0,25.08098924166816
train,18.0,23.22824447916985
train,50.0,47.954739396785776
train,50.0,51.69896595652624
train,15.0,41.02735434589153
train,54.0,42.52471995165998
train,18.0,24.202753763791883
train,56.0,56.4103142377338
train,52.0,57.06072638735171
train,48.0,50.54878865334353
train,30.0,36.262326101811944
train,59.0,58.6134679764096
train,44.0,45.248837518822974
train,34.0,36.187397779084776
train,68.0,58.9765912597118
train,48.0,46.49334676939933
train,50.0,49.91558045072699
train,24.0,21.33746388597719
train,59.0,55.114129862214526
train,61.0,44.00908942415736
train,48.0,56.125185627774634
train,18.0,29.672138800611584
train,24.0,23.3295581064242
train,15.0,44.584669089204404
train,61.0,59.638626406517325
train,63.0,50.22302611045178
train,36.0,34.76325129425912
train,48.0,56.14483819188656
train,54.0,58.88900004627971
train,59.0,38.4019258308476
train,18.0,29.376705960474283
train,48.0,55.369918988757064
train,56.0,52.530311505639375
train,56.0,49.455325592832715
train,48.0,51.079201282386336
train,24.0,24.313903118546435
train,15.0,23.19384752411994
train,54.0,64.9062157780046
train,50.0,41.416984196866686
train,24.0,22.282585000096542
train,34.0,43.15947456876313
train,34.0,30.957350414819
train,52.0,52.4184557338379
train,38.0,36.37248083061294
train,15.0,21.82383501200906
train,61.0,59.15370880555249
train,46.0,48.650033266047075
train,30.0,34.92032232188928
train,34.0,33.78607243887846
train,50.0,52.38106042433405
train,46.0,50.524204120428834
train,48.0,51.87389575969263
train,15.0,46.57126943580903
train,63.0,51.51035411410996
train,30.0,37.387775562824615
train,63.0,50.31649610416405
train,15.0,19.76262073694282
train,48.0,53.51700684111704
train,24.0,28.5329350703731
train,44.0,43.598450213172065
train,38.0,38.393072689178126
train,44.0,47.28970697283971
train,15.0,45.44714163640501
train,61.0,58.326612753034496
train,38.0,32.17556335300751
train,61.0,57.40505043477115
train,54.0,53.206419517543715
train,46.0,46.7949750274442
train,63.0,50.85063986670663
train,42.0,43.28124974350531
train,34.0,52.231664006840795
train,56.0,53.741588829429844
train,24.0,27.748020671153824
train,24.0,25.03894580888634
train,18.0,25.962969591479194
train,63.0,53.45878682283113
train,50.0,53.199282346506166
train,50.0,52.0829745610154
train,56.0,53.62946415461094
train,44.0,41.048898681605536
train,52.0,52.12722206535798
train,34.0,34.439541043737336
train,50.0,44.24196272619858
train,15.0,25.074267867274887
train,44.0,41.77892505097543
train,44.0,41.040507574246746
train,61.0,43.91786740769069
train,50.0,33.09328708551651
train,24.0,24.31947083018257
train,50.0,34.343798566462176
train,63.0,51.44512922474324
train,68.0,61.60032051416536
train,15.0,28.799341015146723
train,46.0,46.139720252867114
train,46.0,45.019587143371496
train,54.0,63.620696946840056
train,54.0,49.4453578912737
train,24.0,25.57529631997931
train,18.0,25.091004084039646
train,61.0,46.793220807468884
train,42.0,40.581973589233925
train,18.0,16.446138711226325
train,44.0,39.14409155838942
train,24.0,22.95025847862795
train,52.0,52.563199719437506
train,61.0,59.08297255984458
train,24.0,28.764401572944237
train,68.0,59.86876006156059
train,63.0,49.356513345426926
train,42.0,46.62694514927111
train,48.0,53.060448682718906
train,63.0,50.63168099836123
train,38.0,35.845570153473965
train,48.0,53.392802810809826
train,34.0,36.14192663997568
train,36.0,29.49932589116948
train,68.0,49.32255665042353
train,54.0,46.99247249692083
train,50.0,55.477340771317664
train,40.0,46.18120808896316
train,40.0,43.68699812862436
train,48.0,41.62625574880272
train,24.0,25.27643707220295
train,36.0,25.86850730661419
train,38.0,34.170582506320784
train,50.0,48.018410692164224
train,52.0,53.92567462869992
train,48.0,52.98693647234948
train,50.0,49.7478821737693
train,34.0,34.31228768744557
train,54.0,58.47968254103195
train,15.0,25.732743015521848
train,63.0,47.53366541383083
train,24.0,24.756083256729198
train,56.0,54.51013056382039
train,54.0,62.22350514933866
train,24.0,24.47347759508507
train,50.0,37.866183245920645
train,54.0,63.13816629375463
train,24.0,24.938536915945377
train,46.0,50.94448624491295
train,30.0,40.243091834151
train,63.0,51.07929955005259
train,15.0,32.78344013540868
train,54.0,59.80389992423952
train,48.0,36.890582371376176
train,50.0,52.83389246991989
train,68.0,58.567829190266664
train,50.0,51.19171012867626
train,24.0,25.119507266549466
train,63.0,47.52325461631691
train,15.0,25.09958527652739
train,61.0,56.0953144935687
train,54.0,45.57566544692587
train,50.0,54.29449401855525
train,50.0,50.90541639571761
train,50.0,51.93604952858223
train,24.0,14.734019166266666
train,63.0,57.231075465211504
train,24.0,28.31593128207065
train,15.0,43.41601622172457
train,38.0,37.09228602509762
train,34.0,32.83001653678832
train,50.0,51.36726479241302
train,46.0,47.19016215395155
train,68.0,60.12805872507472
train,15.0,32.9197601954756
train,42.0,27.330065384639962
train,24.0,25.70669542345767
train,24.0,26.90733031588604
train,36.0,46.07710257882505
train,15.0,25.348698999894072
train,50.0,33.79666329706484
train,52.0,50.1243600107292
train,68.0,58.62392045727445
train,63.0,48.86904322509812
train,38.0,38.84041889680947
train,46.0,52.873083361680486
train,50.0,47.22220915060502
train,38.0,33.87498107550965
train,38.0,33.62758944295487
train,59.0,59.105047577244505
train,30.0,37.40376079507095
train,68.0,58.28090646038959
train,24.0,26.19706047237739
train,56.0,51.94924199742789
train,15.0,31.251546198689972
train,68.0,41.18694685339559
train,36.0,32.42729817759924
train,50.0,51.29058574053279
train,56.0,56.554785739949395
train,30.0,38.217492501803136
train,68.0,57.872024188824085
train,30.0,30.219929679630837
train,18.0,14.190217487741023
train,50.0,48.66645054406943
train,63.0,49.30999379309306
train,44.0,34.11957431693562
train,38.0,33.59580336317202
train,56.0,52.97145988772397
train,44.0,42.12423218512158
train,18.0,19.70935342923653
train,61.0,58.28669870220103
train,68.0,53.316946141503976
train,52.0,50.16517553908119
train,46.0,49.62431355439092
train,42.0,41.66045554348567
train,52.0,48.883907212775625
train,15.0,26.932691555074022
train,40.0,45.278931527754686
train,50.0,54.26924892132577
train,48.0,50.43560847918934
train,68.0,60.132167867182645
train,18.0,31.058831963485666
train,18.0,24.827778886608755
train,18.0,27.60227439280854
train,18.0,23.41945146899349
train,63.0,46.77164179524282
train,50.0,50.47739185324389
train,63.0,48.87254494171636
train,50.0,55.42880403297631
train,54.0,42.93370443281475
train,59.0,61.462497537602104
train,38.0,46.93185654355097
train,24.0,24.96774606685237
train,24.0,24.02801984063217
train,52.0,49.246871070475855
train,50.0,52.443094196468195
train,36.0,43.59773528101325
train,54.0,51.83134368791775
train,30.0,36.29856265313744
train,40.0,41.54987403364167
train,40.0,48.67254575183359
train,48.0,51.656721426780045
train,36.0,31.827758017530748
train,30.0,34.64854389225798
train,61.0,44.99362408249254
train,34.0,33.2709094170002
train,59.0,60.62565815674096
train,52.0,49.260198818390975
train,50.0,52.2227719133155
train,38.0,35.98392916252135
train,61.0,61.503529369124024
train,18.0,21.472191845751503
train,42.0,36.03815735420442
train,61.0,60.16710864276905
train,52.0,57.55698940984349
train,30.0,28.6768829480875
train,24.0,21.359515085550512
train,61.0,54.69302928228156
train,48.0,52.19305948846864
train,63.0,53.432290481566646
train,68.0,60.26345340539797
train,24.0,22.07298706914194
train,36.0,31.890505539994777
train,63.0,49.59205643827963
train,30.0,24.253513003230665
train,61.0,55.06839522806993
train,15.0,30.54474326711555
train,59.0,53.61829475630863
train,61.0,60.5333021945958
train,44.0,42.43048439182014
train,34.0,41.309619715159286
train,46.0,48.49228571817225
train,52.0,51.12326338852742
train,30.0,45.808326324061916
train,63.0,50.9526793743395
train,34.0,35.854814333859665
train,44.0,44.76578858648718
train,68.0,57.361655400245475
train,52.0,57.24607654500285
train,48.0,52.91422417405573
train,44.0,44.82538925013905
train,50.0,53.27291319327962
train,40.0,44.611303759641025
train,38.0,44.5208477020045
train,56.0,57.4397022092111
train,24.0,18.835745490549467
train,48.0,51.699146843334546
train,61.0,55.38444261904595
train,24.0,28.093391328209126
train,63.0,52.49170783067751
train,63.0,52.81120963652582
train,46.0,51.61683091333242
train,24.0,25.940635543738647
train,34.0,31.42557982401873
train,30.0,40.36780826774331
train,40.0,44.45780697222431
train,30.0,37.43584981693255
train,18.0,23.820766465220835
train,50.0,50.314583806156165
train,38.0,33.55833039613428
train,18.0,26.088372935386253
train,61.0,58.76560588926759
train,15.0,34.55130180494763
train,36.0,35.439557667297834
train,38.0,39.21913076051499
train,44.0,41.641680098851985
train,56.0,51.85824696511096
train,18.0,14.752797266545599
train,24.0,24.21267074560684
train,61.0,56.28751454352094
train,46.0,43.94943843328
train,56.0,57.41393825082919
train,38.0,35.47216370661769
train,50.0,51.06501279316962
train,42.0,42.91817348977924
train,52.0,56.511760167787685
train,15.0,30.130050507564548
train,56.0,55.60570001567246
train,24.0,23.09828535007821
train,61.0,56.908493369448635
train,52.0,55.86799229239189
train,68.0,61.12501155400459
train,50.0,55.12235463700573
train,24.0,26.433594172351732
train,52.0,47.18710704719067
train,54.0,58.70697235775144
train,63.0,52.11346015122639
train,56.0,53.81167524580871
train,61.0,58.952753127541
train,68.0,56.23433385685363
train,24.0,26.147515622567003
train,38.0,37.847041760718355
train,63.0,51.400822651674325
train,40.0,49.43920008155821
train,18.0,19.08736735122391
train,24.0,23.0934005709399
train,18.0,20.386438199672458
train,18.0,23.272640206457567
train,63.0,49.92731642455044
train,68.0,61.06952329429372
train,59.0,46.93536813389947
train,56.0,44.58598259147718
train,59.0,35.39411503200855
train,61.0,59.56266415706472
train,68.0,61.60594850066054
train,44.0,46.263446814780565
train,38.0,35.18593396644111
train,18.0,18.230587361090258
train,24.0,24.145323849812403
train,56.0,51.90489364073878
train,61.0,58.302141333691495
train,48.0,52.19747582313747
train,44.0,41.654297333342534
train,24.0,17.942757608962662
train,52.0,52.66161531774651
train,24.0,19.595311844633432
train,48.0,55.615244634211884
train,59.0,60.73893049029395
train,68.0,57.7660096391905
train,38.0,38.689889911476996
train,24.0,25.55345658413299
train,24.0,20.447982526101146
train,61.0,46.96571889978671
train,52.0,53.59669013153151
train,56.0,51.54539285390973
train,18.0,24.276061035259428
train,68.0,60.15361191559345
train,44.0,42.534940946089854
train,24.0,20.086317669031246
train,68.0,43.973848510587324
train,18.0,17.419697237362133
train,63.0,52.570479834965084
train,24.0,23.823470084079112
train,48.0,50.6986877107148
train,48.0,55.00104696555155
train,50.0,54.84510425215566
train,24.0,24.892699241083765
train,63.0,47.278310365127574
train,48.0,55.15000052692618
train,24.0,25.972903971283063
train,24.0,23.543067873332244
train,15.0,22.811983091581247
train,48.0,53.793595951905104
train,56.0,50.86302668352167
train,61.0,58.13870429022502
train,38.0,42.59595731672079
train,36.0,31.389558397745184
train,63.0,49.82070601813615
train,30.0,35.679771487330456
train,50.0,50.85573804399421
train,61.0,59.29113627150402
train,40.0,43.21300104932091
train,24.0,21.991544179157728
train,46.0,47.61749270836943
train,48.0,49.79014411407161
train,54.0,57.640336967065636
train,48.0,49.780159574582484
train,54.0,59.209215472982976
train,30.0,36.64568692291586
train,50.0,53.602439053464835
train,56.0,52.54914880075957
train,18.0,24.477468804405717
train,59.0,59.69693610802385
train,61.0,58.26627222441262
train,59.0,57.561315256999094
train,46.0,52.87163554538528
train,56.0,53.076591145699936
train,50.0,51.67618812661375
train,68.0,58.917129626368514
train,15.0,23.177932733962397
train,56.0,51.04852851720605
train,24.0,28.74200375407468
train,36.0,35.76655146325617
train,61.0,54.12558507673843
train,56.0,54.515915447040456
train,59.0,56.151751984275336
train,24.0,20.5432050670878
train,30.0,38.88413975656477
train,61.0,59.8181329659963
train,48.0,51.30148799976683
train,52.0,56.10296721856734
train,46.0,50.42685541959655
train,24.0,19.647364894813755
train,46.0,46.351474668144256
train,54.0,64.04984345818166
train,54.0,63.17653752942431
train,54.0,64.50298546958189
train,38.0,40.94918137152477
train,40.0,40.22302301296817
train,18.0,22.35071436608123
train,52.0,51.2945405537909
train,56.0,54.293934603012325
train,36.0,32.66557622091641
train,46.0,47.057538325477246
train,40.0,44.17037489156791
train,56.0,56.14736636429535
train,44.0,42.54500544314844
train,30.0,40.63951011322708
train,30.0,39.88188146796592
train,68.0,58.446883178248804
train,18.0,19.016158234445626
train,54.0,35.463251556994486
train,50.0,46.63671333002706
train,24.0,26.46871272916053
train,38.0,37.47903322835092
train,50.0,44.360802919252244
train,50.0,48.281086847245646
train,56.0,56.59223356817633
train,50.0,51.77047649392632
train,61.0,57.39508622846115
train,63.0,48.38620379100676
train,24.0,31.621756550436473
train,24.0,27.648106331737043
train,38.0,35.92706003806389
train,61.0,60.20297359929971
train,36.0,36.4304630515086
train,30.0,35.65627817334339
train,54.0,46.07214161695461
train,61.0,59.063671740406484
train,30.0,33.96038827579895
train,68.0,61.35905724010951
train,63.0,48.86887996539119
train,24.0,27.31491240002643
train,36.0,49.249372448103315
train,50.0,49.426839327887635
train,63.0,53.732973959191526
train,59.0,60.28619570534317
train,63.0,51.234452007464526
train,24.0,30.333608515005203
train,56.0,35.085871131132485
train,46.0,47.43041898412615
train,34.0,44.00120082488581
train,68.0,59.13859572458168
train,61.0,46.297742043898005
train,38.0,34.66252472694095
train,63.0,49.85921378634927
train,30.0,42.19271773643788
train,50.0,48.7844132417798
train,24.0,23.300845010162345
train,50.0,54.94623864589835
train,48.0,53.9004817093837
train,61.0,58.802707021823394
train,52.0,54.32404631599193
train,63.0,46.27760293756813
train,48.0,54.595722281672955
train,34.0,30.387179802109976
train,59.0,54.83034333995942
train,54.0,40.60477997186357
train,44.0,43.628457319310336
train,42.0,49.25117704257542
train,54.0,60.00071184125497
train,63.0,51.62004875615205
train,15.0,25.816447375944872
train,56.0,56.97527709989162
train,44.0,40.4439941034038
train,50.0,50.576607422586946
train,54.0,61.36605377577668
train,63.0,49.74622468876099
train,15.0,31.0658116746574
train,50.0,41.81730854103741
train,54.0,60.302792731531
train,56.0,57.36556535321803
train,50.0,39.219824175826005
train,36.0,37.226508166921164
train,36.0,33.186966001913305
train,54.0,61.04336980102182
train,56.0,53.3075232349816
train,63.0,52.1597463199831
train,68.0,61.90575725154707
train,40.0,39.47681413393058
train,24.0,35.99109535534647
train,50.0,49.66395729250618
train,59.0,56.7893567882845
train,38.0,29.944133656837593
train,52.0,52.877290829442174
train,42.0,42.0029040867766
train,24.0,15.872414434291109
train,36.0,32.10828646830156
train,52.0,48.00589991195611
train,34.0,38.954332056039675
train,36.0,47.64312969670588
train,34.0,42.39853743873375
train,24.0,25.682359629172193
train,15.0,26.12627299279854
train,24.0,17.894405468770614
train,56.0,55.95974933028113
train,44.0,42.45933647577403
train,15.0,25.307645903291373
train,24.0,23.919737120933593
train,36.0,45.556333973399475
train,61.0,58.15091370762694
train,30.0,35.63971631071658
train,56.0,54.78087860349316
train,18.0,20.35894211100119
train,52.0,52.038872503216204
train,63.0,45.51013784402484
train,40.0,45.30045284429157
train,36.0,41.247004544248824
train,63.0,45.850554824077555
train,24.0,23.16851622177169
train,46.0,49.42490860973507
train,40.0,41.28342966916046
train,15.0,18.785398705687136
train,63.0,46.829296130018335
train,38.0,34.04821368639935
train,68.0,40.92389600149245
train,50.0,49.48175425858747
train,59.0,45.65394269105874
train,56.0,51.31845358431021
train,63.0,52.20321702113677
train,24.0,25.729330370363193
train,56.0,56.62629921334489
train,18.0,19.555014212818318
train,56.0,54.01361524608686
train,30.0,40.921026687987116
train,18.0,54.347345553603546
train,48.0,49.736947618764155
train,24.0,19.89656249321191
train,48.0,52.144932452395096
train,56.0,54.47852279610899
train,63.0,63.71610821295418
train,46.0,46.84534905392165
train,18.0,18.472739180624977
train,61.0,58.26990165256409
train,50.0,53.949089555201
train,36.0,42.750599828254416
train,18.0,24.34028547770781
train,61.0,58.862178092939985
train,15.0,29.941183197045067
train,15.0,33.87668044798458
train,44.0,35.99967774945983
train,42.0,31.904265161972486
train,44.0,42.88491986238479
train,15.0,50.61907896063095
train,59.0,57.638905357968
train,38.0,37.281416041598625
train,24.0,29.681217740964804
train,63.0,44.31107803677774
train,48.0,52.63899169730694
train,42.0,40.574283190275075
train,59.0,43.17319520061075
train,50.0,55.51905548478768
train,18.0,17.77235970541924
train,50.0,56.29103637295328
train,46.0,44.86336105293782
train,24.0,25.180681760248433
train,61.0,58.763964855319
train,52.0,51.49297295243287
train,15.0,40.43657802935202
train,42.0,35.189952662851056
train,36.0,49.48534167395051
train,44.0,44.60158975688601
train,63.0,50.494307093719634
train,48.0,52.74690961394465
train,18.0,19.219127808712017
train,54.0,57.8883901294462
train,18.0,38.066706023581354
train,61.0,56.22740938954057
train,50.0,51.54305329505199
train,52.0,51.628424234826454
train,42.0,32.19206702708743
train,24.0,23.18995452060265
train,56.0,51.06131813871024
train,44.0,43.23358877467303
train,18.0,18.807790443369054
train,40.0,41.62942309705248
train,40.0,41.4766098111249
train,30.0,29.175787164026502
train,30.0,34.77663958303702
train,44.0,45.1776747918285
train,46.0,48.80349339986328
train,50.0,47.980606662292494
train,40.0,49.6681572506153
train,24.0,25.70046124641823
train,61.0,55.85113791102118
train,38.0,37.50591793240216
train,52.0,51.4875949436107
train,24.0,23.851935594093895
train,18.0,18.248161067050486
train,44.0,41.39354833440652
train,54.0,58.93792383013043
train,38.0,38.90670006483119
train,30.0,44.298662046149275
train,52.0,54.142253294675584
train,59.0,60.260226648799474
train,42.0,44.35949090763592
train,24.0,23.888653663466084
train,48.0,54.413747741653864
train,38.0,36.48524459629037
train,24.0,26.136700719444708
train,56.0,54.99231099394712
train,63.0,44.73311541877207
train,63.0,50.63988403752465
train,56.0,56.98158148323155
train,15.0,31.32909105412861
train,34.0,46.43528452573349
train,50.0,35.40948186857009
train,54.0,61.86188933515891
train,24.0,21.936119309641356
train,15.0,38.82948346638389
train,15.0,32.60229564496511
train,61.0,59.19489519635629
train,48.0,50.04978491514251
train,54.0,41.64532132356098
train,44.0,43.867284801593755
train,30.0,40.672629972311235
train,18.0,39.731106787036424
train,36.0,32.34410167131391
train,59.0,35.36732929585125
train,24.0,25.903010654233558
train,36.0,30.965261403432017
train,44.0,42.35505587818917
train,63.0,51.544585433243775
train,18.0,21.018433631705573
train,59.0,65.15093895548375
train,56.0,56.37861584965776
train,40.0,38.96724476623622
train,50.0,52.11326509386713
train,50.0,50.48929276081408
train,38.0,37.19014601233407
train,30.0,35.52574010578224
train,59.0,57.10241728340575
train,63.0,49.028659878467124
train,50.0,46.14863956420879
train,61.0,59.759064506243774
train,56.0,51.535734161961436
train,44.0,44.91153341865137
train,52.0,40.085735610797336
train,15.0,25.240020457805137
train,24.0,24.57008919321016
train,63.0,42.765926188267436
train,18.0,26.276652889399152
train,46.0,41.3590652232124
train,61.0,56.66186854308184
train,59.0,47.94641711692102
train,36.0,27.678150691510112
train,15.0,32.06262604893516
train,44.0,40.36359441099938
train,63.0,52.787799508409705
train,50.0,45.78127814243347
train,61.0,78.1368465401008
train,52.0,55.61799907151147
train,24.0,23.050630615716234
train,15.0,33.734622714463484
train,15.0,24.973763900011903
train,50.0,54.02769066144689
train,42.0,39.36647004450739
train,61.0,56.920384298424814
train,18.0,17.047676611498016
train,42.0,41.19934813152436
train,24.0,23.034611706466354
train,40.0,48.03415094175707
train,59.0,52.55431456141339
train,30.0,39.32952362535369
train,30.0,35.53924131577071
train,42.0,44.34430981290233
train,59.0,53.45575835150063
train,36.0,12.60589065094588
train,52.0,52.899432825322975
train,56.0,57.74239844276474
train,30.0,43.453129322381955
train,50.0,45.00269781599473
train,42.0,39.44899645172326
train,56.0,55.94813677465621
train,44.0,40.64981860963989
train,24.0,21.50528649274238
train,38.0,34.015699689679415
train,18.0,28.018390301517062
train,61.0,55.021165542660846
train,63.0,62.41341237247164
train,44.0,41.838381735826424
train,52.0,52.147951747236846
train,44.0,42.75761029580961
train,36.0,27.219070931892205
train,68.0,58.97715247082381
train,48.0,53.72832895904011
train,24.0,21.555135508158376
train,18.0,41.9458030415722
train,59.0,58.61680928904476
train,42.0,42.66082076990444
train,68.0,59.03693886171451
train,68.0,58.48027145903218
train,48.0,50.714594797898044
train,30.0,38.53087942880745
train,24.0,20.775020975724722
train,63.0,49.41501490769854
train,54.0,51.39859251865893
train,50.0,56.86360065582156
train,18.0,19.870574706097926
train,42.0,47.778407547634444
train,42.0,45.92315041329546
train,50.0,56.55755260288188
train,46.0,43.518827347147216
train,50.0,52.779993267373555
train,54.0,62.37679653279652
train,56.0,55.15590873669017
train,18.0,15.722569317062987
train,54.0,63.58193101511884
train,63.0,51.270648692813026
train,56.0,54.31343583752764
train,63.0,53.91641605674544
train,38.0,33.298301755898756
train,68.0,58.61063471074873
train,36.0,41.94893048527245
train,40.0,54.483033298735336
train,46.0,49.04005833170049
train,56.0,51.906994202418126
train,44.0,40.84879951447732
train,30.0,33.17656218062085
train,46.0,47.44476568869801
train,52.0,52.926868676894216
train,42.0,48.09074276333818
train,34.0,33.11666134021712
train,50.0,47.876119478097884
train,52.0,47.85030356068016
train,59.0,61.45416099831681
train,48.0,53.030802405437
train,34.0,41.141154889787686
train,38.0,38.01166365010242
train,15.0,18.643864630393058
train,50.0,40.52230286087601
train,15.0,33.95871446685008
train,40.0,49.60726648415279
train,63.0,54.239779630588416
train,15.0,33.23364636410002
train,59.0,47.251882159277976
train,61.0,60.01827641315033
train,36.0,52.091171309746954
train,48.0,52.67950639785027
train,38.0,38.757333018983395
train,42.0,39.97665636644274
train,18.0,19.52262009269954
train,24.0,23.685394935808038
train,59.0,59.61179963588545
train,59.0,60.27097183484415
train,36.0,44.69967636334893
train,54.0,62.225462012045945
train,61.0,56.599373702118235
train,40.0,46.41029250911167
train,46.0,49.36337437117317
train,46.0,47.24598580965046
train,42.0,41.98378310652724
train,52.0,50.466761683588885
train,44.0,43.736546371339806
train,50.0,53.49358806484503
train,46.0,51.45912470283268
train,48.0,49.91784899156234
train,30.0,41.73014481756453
train,40.0,44.492570286800394
train,50.0,50.81723776290888
train,30.0,45.753028027713526
train,18.0,16.849939789250122
train,18.0,28.872589547759322
train,50.0,48.07318185151203
train,44.0,43.39754481422521
train,38.0,38.263990339304854
train,24.0,27.69426363316023
train,38.0,36.52236604777596
train,50.0,55.01702089193218
train,24.0,25.12408746366554
train,24.0,22.080323401007316
train,24.0,17.782375436576153
train,50.0,58.138211514002286
train,68.0,60.17651640607815
train,42.0,29.643406955474248
train,36.0,30.033649662188704
train,50.0,54.093564438085714
train,42.0,43.54988687059257
train,30.0,37.951163084062365
train,18.0,21.961948975011346
train,63.0,48.58563849188
train,38.0,40.73796417228628
train,50.0,42.01460979437899
train,24.0,27.37438744773406
train,59.0,61.18881080678363
train,46.0,49.00064991560886
train,56.0,53.26024647007391
train,18.0,19.987074726376598
train,24.0,17.470510769342905
train,52.0,39.08729421977672
train,63.0,52.56859551629647
train,56.0,52.70828443595386
train,18.0,19.83414689424377
train,61.0,57.45662437456149
train,68.0,62.133687323795016
train,59.0,41.092981760990185
train,24.0,19.774400123369926
train,15.0,25.639405411280432
train,24.0,29.141725029261938
train,59.0,52.758998455072074
train,15.0,31.822743315462297
train,56.0,52.812648447052595
train,48.0,52.164012229527316
train,61.0,59.17544505299932
train,52.0,51.094040258243204
train,61.0,58.03267481667807
train,48.0,51.44080850842007
train,68.0,58.4555016991072
train,38.0,44.52217096396286
train,24.0,24.550798976983334
train,63.0,49.68813644068397
train,24.0,27.008537260500763
train,63.0,49.04190944824291
train,46.0,47.99986344901583
train,59.0,57.79750324194377
train,42.0,51.7303610144792
train,48.0,50.064772650696
train,46.0,49.12390899454158
train,59.0,60.23768794915113
train,50.0,46.363795769274
train,24.0,23.90912571263908
train,15.0,26.666762699892903
train,54.0,57.40776255125561
train,30.0,49.07130772992597
train,54.0,60.63480303756637
train,24.0,23.400796390380748
train,44.0,45.44893073315443
train,18.0,23.048912465734215
train,54.0,64.138495466171
train,44.0,41.8838598981131
train,44.0,43.50375883822865
train,24.0,20.705952112408678
train,34.0,31.411235717005397
train,68.0,59.20878897373097
train,44.0,42.66176370997955
train,18.0,24.54769017011902
train,54.0,57.499208043009745
train,18.0,47.54206526655735
train,61.0,41.760445231170955
train,42.0,19.148703832033735
train,61.0,58.145180825592874
train,50.0,51.49894727840779
train,15.0,50.131964535568024
train,56.0,53.88363639462018
train,24.0,23.911160846655346
train,24.0,18.373829159180765
train,24.0,28.004641898825877
train,15.0,23.103825025641232
train,68.0,40.072631849326974
train,46.0,40.21965338883016
train,54.0,61.6388832891981
train,44.0,46.95630908657268
train,50.0,55.620018993819365
train,54.0,60.543264536156244
train,38.0,35.267424059364494
train,54.0,58.32752013294709
train,24.0,27.059326026186
train,24.0,23.439654627387696
train,38.0,39.716981694103126
train,44.0,46.60096747880131
train,63.0,51.91333809614044
train,48.0,51.116952863864626
train,52.0,49.516155527811755
train,52.0,57.629551140156536
train,24.0,23.537088884106105
train,52.0,54.45587368181698
train,30.0,46.4922740228493
train,52.0,50.08771205990868
train,59.0,49.68490795266725
train,54.0,60.94190415361187
train,38.0,46.7031624074481
train,24.0,25.661729038105438
train,63.0,54.24067217179171
train,48.0,49.493091702867794
train,24.0,19.908840840670788
train,54.0,62.188716647664535
train,50.0,49.2618956540976
train,24.0,20.981648203218782
train,24.0,23.485511804103158
train,30.0,33.992619093535154
train,63.0,52.95425872698461
train,18.0,22.86180897162114
train,59.0,62.29096278235136
train,42.0,38.170067138807084
train,42.0,37.12064942928054
train,50.0,50.46827914722468
train,30.0,32.7725687427009
train,52.0,53.216254807545546
train,44.0,42.87137356337518
train,30.0,48.27023361829818
train,50.0,51.41585711683325
train,34.0,40.8390545513769
train,61.0,57.80982110227848
train,30.0,36.53049882231765
train,15.0,32.74066899351274
train,38.0,30.55248826558196
train,24.0,19.897333753497954
train,34.0,36.861834991102455
train,48.0,53.56619376532249
train,63.0,51.3557595795075
train,38.0,35.87298463016035
train,63.0,51.239387068960774
train,48.0,52.98109028967815
train,56.0,51.92656650710539
train,59.0,60.86285499391505
train,46.0,46.23481415210971
train,38.0,35.52498491130192
train,50.0,51.610149284735186
train,59.0,59.23528307912487
train,34.0,31.45467497806398
train,15.0,41.4759538276616
train,15.0,35.62452049795429
train,46.0,46.542702202914626
train,15.0,28.399309725986246
train,44.0,45.4597853222381
train,54.0,60.52404474761538
train,50.0,44.40272767934785
train,48.0,51.532792170288594
train,59.0,44.34053653461457
train,59.0,60.46564928714987
train,48.0,50.77552036955635
train,46.0,49.994764667055534
train,38.0,39.072975624276935
train,52.0,54.98635695254562
train,38.0,34.700527513695405
train,15.0,47.68178641610601
train,52.0,53.868425659004636
train,15.0,35.06839781911826
train,18.0,50.634489278409696
train,48.0,50.04789408007474
train,46.0,48.25399373640778
train,52.0,35.838166738225084
train,15.0,30.507070913483414
train,46.0,43.997741029714284
train,34.0,36.485460963858614
train,63.0,56.47025124816253
train,44.0,36.64142166939625
train,50.0,53.07775233837188
train,52.0,40.79140705486581
train,59.0,61.30802787634821
train,63.0,53.121827126329165
train,63.0,52.20428221018084
train,48.0,52.196459218767004
train,54.0,41.893283138916104
train,24.0,22.940106168992838
train,42.0,34.656310308533115
train,30.0,47.55823852596952
train,36.0,39.97410023407369
train,46.0,40.23113814016013
train,52.0,55.51365872806543
train,56.0,52.70409356374546
train,24.0,17.150646456398704
train,63.0,45.39434657003376
train,61.0,59.101122712215066
train,44.0,41.21130487611768
train,54.0,46.186267879873455
train,54.0,44.97017374681646
train,54.0,29.85963077514448
train,46.0,48.73973628338546
train,54.0,58.48947625458616
train,63.0,52.28391821262909
train,15.0,45.78549215197252
train,30.0,38.13672782619051
train,24.0,22.738378619468904
train,59.0,61.89884321210832
train,52.0,55.52433818073422
train,63.0,52.89240194915629
train,46.0,48.55839589088375
train,24.0,22.28915864163899
train,34.0,33.91191222542983
train,46.0,55.70686178854484
train,15.0,33.17822101533382
train,68.0,59.54620190018422
train,38.0,39.28789937780126
train,50.0,44.01176230794386
train,52.0,50.921709752494664
train,24.0,26.253613826215233
train,30.0,45.84830380446343
train,61.0,45.605697522250466
train,38.0,46.78646042477439
train,15.0,27.078162765084652
train,30.0,35.92894063343204
train,38.0,37.97781399027727
train,18.0,20.518137652962398
train,18.0,19.180942474541094
train,38.0,36.81634620650266
train,42.0,42.75401924888633
train,56.0,53.55642444350338
train,40.0,47.1242209198388
train,36.0,29.610082743648224
train,59.0,50.1569213625298
train,54.0,60.826356380944816
train,40.0,42.398912972418564
train,63.0,32.89469854715013
train,50.0,57.08398028022882
train,56.0,49.12043834650119
train,18.0,20.969257695608835
train,24.0,27.11785710735158
train,38.0,36.984132904878116
train,44.0,40.98630438556169
train,18.0,21.421385877735982
train,54.0,59.465112910857044
train,18.0,21.235181619242542
train,46.0,50.76112291365793
train,48.0,48.87551324986585
train,30.0,34.25239092635749
train,56.0,52.35960177379929
train,24.0,25.281585549371748
train,34.0,36.661452072971095
train,63.0,53.59311584316113
train,44.0,42.66815903700712
train,36.0,33.2779870700499
train,42.0,52.53693896160666
train,63.0,53.74401316065566
train,40.0,38.86298841135144
train,50.0,54.168425364199905
train,56.0,43.17354801109656
train,44.0,44.76155368437093
train,63.0,52.40543474976614
train,63.0,44.322309807531944
train,63.0,54.49974372873925
train,18.0,22.451418118476333
train,40.0,43.3741563343356
train,50.0,44.242490487407636
train,48.0,51.198897696070006
train,68.0,58.053515943307175
train,59.0,60.450082226855436
train,44.0,40.152079089734315
train,44.0,37.06954463248711
train,15.0,25.701279479788496
train,30.0,34.270282866182754
train,63.0,50.4530108644506
train,59.0,56.980239695812024
train,61.0,59.81383048559037
train,40.0,45.63870270901622
train,56.0,49.37379211011924
train,48.0,53.892898539789286
train,48.0,49.24426765482766
train,61.0,58.70346303115684
train,50.0,48.86377405174491
train,48.0,48.40220905411592
train,34.0,34.904455792667825
train,15.0,32.215633433003276
train,24.0,26.11310746931205
train,18.0,14.635318026628365
train,56.0,54.85625387426056
train,36.0,40.8596423895438
train,59.0,58.169259712679974
train,18.0,42.36449968690761
train,61.0,56.79929370145197
train,61.0,60.02018585262796
train,50.0,52.91569684037498
train,63.0,49.70009526316346
train,63.0,45.97841050851339
train,30.0,31.755500603126016
train,15.0,28.205026839016455
train,18.0,16.98563959182943
train,52.0,51.20343968035725
train,24.0,25.89643195242877
train,59.0,61.94683550375486
train,30.0,32.557380882639194
train,68.0,59.66919027917996
train,63.0,51.764212115811034
train,68.0,59.4477481929435
train,68.0,57.35373401887042
train,52.0,56.22800524782832
train,42.0,39.995550252655846
train,38.0,45.77984831090137
train,59.0,60.65888824664318
train,34.0,27.517707515579733
train,42.0,30.314325153268864
train,63.0,50.23902217670343
train,61.0,59.21423496035528
train,56.0,52.39078589588863
train,68.0,45.260548652765735
train,48.0,45.40177581759248
train,36.0,15.470281812246046
train,50.0,52.772112737071375
train,24.0,25.550779442620417
train,18.0,15.070302196557023
train,30.0,45.69048375223492
train,48.0,49.2963139721804
train,61.0,58.01896540684332
train,40.0,48.69043613061636
train,44.0,48.5195568626646
train,59.0,54.66020671229475
train,36.0,48.78125551329847
train,59.0,50.826930436311535
train,18.0,26.380025980164962
train,59.0,42.65638299928783
train,38.0,33.40090487744383
train,50.0,53.99782390215464
train,24.0,27.377192464385416
train,50.0,53.98873798499957
train,46.0,47.102088990797014
train,54.0,60.84257335278205
train,34.0,34.42130592370832
train,34.0,46.63061627105738
train,46.0,47.16306286675069
train,50.0,53.77419010119189
train,56.0,49.9044734898985
train,30.0,37.77770078460607
train,24.0,22.48388386721143
train,54.0,47.630813540290966
train,36.0,50.099686184923804
train,46.0,47.53370380241103
train,36.0,42.19386545930366
train,52.0,55.096867021137676
train,56.0,53.970740966330865
train,15.0,28.243849393648368
train,48.0,52.021318980473445
train,68.0,33.2201675732004
train,30.0,26.619148090608814
train,30.0,40.052371209546145
train,34.0,46.84872794357113
train,59.0,58.03172339599414
train,68.0,50.906031657006515
train,50.0,53.37710826785201
train,52.0,41.771423084368955
train,59.0,58.892551370133546
train,30.0,31.1557975055949
train,46.0,46.82985126704293
train,56.0,55.45940546451112
train,18.0,21.657028108034382
train,61.0,59.40415940803928
train,56.0,51.97273995636026
train,42.0,37.61406767502002
train,24.0,17.593157748062904
train,52.0,52.47641609522879
train,52.0,54.916393581219396
train,34.0,35.10301642702754
train,52.0,37.71318623363707
train,15.0,29.35856193999129
train,46.0,54.09450024153196
train,18.0,15.146202984024303
train,54.0,63.12272269594082
train,61.0,56.347959573267296
train,40.0,46.67609903469366
train,36.0,52.28360971904214
train,63.0,54.222173059779536
train,30.0,35.805690359007606
train,24.0,30.7542104081801
train,56.0,53.566675493383585
train,46.0,48.22585888098646
train,46.0,41.11115130938798
train,18.0,15.806989148119019
train,61.0,57.63824739961928
train,44.0,41.97584309664509
train,63.0,51.934184105355506
train,46.0,49.90951574228703
train,54.0,46.56559779044006
train,18.0,24.293162894557167
train,46.0,52.51576679434095
train,59.0,60.22434848153321
train,54.0,57.481749862133725
train,24.0,21.127943326961248
train,18.0,24.955998483253566
train,30.0,35.23007384171599
train,50.0,54.470098339318355
train,24.0,28.28935791109834
train,36.0,53.382907833406065
train,15.0,33.85031780997245
train,18.0,23.69272662296351
train,63.0,50.898189507869866
train,54.0,55.63529540992205
train,24.0,26.206302634312358
train,44.0,44.235243685561386
train,50.0,57.99712173589247
train,50.0,51.93366471169481
train,42.0,41.36321354011168
train,56.0,53.97534217734791
train,24.0,22.87728027835411
train,56.0,46.7985781334198
train,50.0,52.24921588416228
train,50.0,49.890602478033145
train,34.0,36.23189127367952
train,61.0,55.63086171555728
train,18.0,19.51594146476815
train,36.0,47.301362149462236
train,34.0,36.020821218863624
train,68.0,41.8410386450075
train,30.0,37.50764681247473
train,42.0,41.71414401392719
train,61.0,57.831194136241734
train,34.0,38.591024452597686
train,48.0,50.93454450707845
train,42.0,57.76126628205403
train,63.0,49.381975540685566
train,24.0,18.60266466116964
train,52.0,56.94475165103827
train,68.0,60.4671217806153
train,56.0,51.99229127967038
train,54.0,50.78412577610833
train,54.0,60.96612323961297
train,30.0,35.037277312665736
train,50.0,36.419238659169025
train,44.0,42.14393429844572
train,56.0,55.922240025537334
train,24.0,29.869894800228522
train,54.0,62.65828925874098
train,63.0,52.3108906910992
train,24.0,25.236196790738518
train,54.0,62.68228068848363
train,44.0,40.36784512375191
train,46.0,52.1817080841478
train,50.0,51.121149016173085
train,30.0,40.37939964394718
train,36.0,40.19424314134627
train,52.0,52.27511178022393
train,50.0,47.70977754073133
train,36.0,32.93349730179904
train,63.0,44.326169835246546
train,18.0,12.913612710855464
train,56.0,54.74015546762463
train,15.0,32.80394055890677
train,52.0,56.394638075519474
train,50.0,48.60123888768668
train,59.0,62.42549944857942
train,52.0,52.19348646835097
train,50.0,55.22082061740045
train,42.0,40.7695896300395
train,24.0,23.087165764071912
train,56.0,57.68873213439435
train,24.0,26.15901552134596
train,59.0,43.25352835273223
train,15.0,28.892124064453544
train,36.0,32.34550673672585
train,48.0,53.72131295640303
train,52.0,53.97249567867094
train,61.0,58.384837853347065
train,50.0,46.35752596321998
train,46.0,49.33898218367206
train,44.0,43.54738139221647
train,63.0,54.92667779949704
train,15.0,29.39072609332699
train,63.0,51.31341685104755
train,56.0,55.08091315021072
train,34.0,40.29106973445226
train,38.0,37.90302140041613
train,68.0,42.47120380784066
train,24.0,25.485284222387584
train,30.0,37.97073807996717
train,56.0,55.11118460112216
train,46.0,49.11075635883333
train,59.0,54.790205041271605
train,48.0,50.863443217925386
train,42.0,12.521204740962375
train,50.0,51.9738937735547
train,50.0,56.07461547193253
train,30.0,39.94503407971055
train,30.0,37.75502463148683
train,18.0,21.081308100095363
train,30.0,40.30410099223643
train,63.0,50.267991660006544
train,44.0,44.27059629543243
train,42.0,55.525422426851
train,44.0,44.60781501275765
train,44.0,41.17069785023457
train,48.0,47.69954507737591
train,30.0,39.3645920646139
train,68.0,57.32788078381436
train,18.0,30.334561747683146
train,59.0,43.22546085881341
train,24.0,24.99629613067124
train,40.0,41.514137620957136
train,68.0,59.50646953815679
train,34.0,36.77571596790877
train,52.0,58.12724062943211
train,54.0,63.43590448101894
train,24.0,16.907002877844764
train,44.0,40.75264520431102
train,38.0,49.986588964803175
train,68.0,61.950601711529465
train,46.0,51.700661704977854
train,54.0,60.15351663975436
train,42.0,45.096979160789544
train,44.0,43.90535570415989
train,42.0,39.669959712998114
train,36.0,27.040227744371478
train,36.0,33.24245239495968
train,18.0,24.05796547867325
train,34.0,36.536114973790426
train,40.0,41.753934972510905
train,54.0,65.39835584709182
train,46.0,47.55097077674601
train,38.0,49.20501518060753
train,50.0,45.93219258649825
train,54.0,60.29324522293043
train,18.0,29.749221590240488
train,54.0,50.571234123549544
train,24.0,23.036637626982966
train,68.0,59.06827835759923
train,15.0,28.62548715931753
train,24.0,22.897086477112286
train,44.0,44.16616963918626
train,44.0,42.82512196568626
train,68.0,38.59663161288869
train,42.0,38.69043658798821
train,50.0,51.94457988441356
train,61.0,58.01334570906769
train,30.0,36.131661808464926
train,56.0,50.69497188603764
train,36.0,41.17721491322524
train,56.0,55.56401880691767
train,36.0,28.41427382033453
train,44.0,43.484865095810115
train,50.0,49.26442251409654
train,50.0,37.28624175538522
train,68.0,48.123186699355095
train,38.0,37.763957089844084
train,24.0,27.252052075559668
train,24.0,24.24913679299422
train,46.0,50.377390210434825
train,34.0,31.70271455041692
train,24.0,24.813374008161524
train,50.0,51.0279825505905
train,52.0,53.119929451688556
train,56.0,53.31530236300121
train,50.0,24.659928230140032
train,42.0,36.976983585144566
train,59.0,58.87208303202205
train,46.0,51.84806132881522
train,38.0,36.283692033557465
train,50.0,49.93091712658682
train,59.0,59.47655458636626
train,30.0,41.75885294730262
train,24.0,29.518286089809326
train,68.0,58.091927405788944
train,61.0,58.58854835187622
train,18.0,31.037598524592198
train,68.0,57.04788839982871
train,36.0,49.67441817407678
train,44.0,40.3681671470055
train,59.0,40.22084847167948
train,48.0,52.46060480763431
train,44.0,42.50305938385306
train,46.0,45.43379198123383
train,63.0,52.17459940788524
train,63.0,49.34368621663653
train,50.0,55.5306958381623
train,42.0,48.270833144376844
train,46.0,43.957995232940455
train,63.0,49.42704637495984
train,44.0,43.41344047751017
train,50.0,51.95862625865
train,59.0,59.9867408139543
train,48.0,49.6162995949959
train,18.0,22.52057831658858
train,50.0,54.591868951619205
train,24.0,26.3503906258751
train,30.0,34.8123722885198
train,54.0,65.3871610819465
train,18.0,30.62718963012304
train,56.0,56.762877765640475
train,56.0,44.14307694880921
train,18.0,22.78089587269264
train,54.0,47.760080572474834
train,54.0,59.81933577656032
train,36.0,32.842238955723104
train,63.0,48.70545441928844
train,61.0,55.64152204881306
train,30.0,34.30705912176898
train,48.0,50.59301222155193
train,42.0,38.52506524504045
train,44.0,43.809943086600576
train,34.0,35.458129937018555
train,34.0,44.349233201853814
train,38.0,34.026118964776074
train,68.0,57.468912346919524
train,59.0,60.12897700975667
train,36.0,35.005590424543094
train,24.0,23.67024601655783
train,44.0,39.17513433538474
train,15.0,32.227637188478965
train,46.0,47.34384572802693
train,15.0,33.8252449304802
train,15.0,34.17891978209265
train,56.0,51.06057792420908
train,30.0,41.559358283370486
train,59.0,56.84958946030087
train,59.0,50.425003996301285
train,50.0,52.323546561707644
train,48.0,52.389051460000715
train,48.0,54.28331066470933
train,46.0,47.2951264004222
train,18.0,27.691448263238367
train,15.0,19.73519276305825
train,56.0,53.435179994714105
train,50.0,52.23304417380011
train,42.0,37.273914636591286
train,24.0,17.881883947462576
train,24.0,21.886318711844666
train,46.0,49.99139011909823
train,42.0,37.731318876251166
train,46.0,41.15907430837363
train,38.0,37.81456226306834
train,50.0,51.82759663763249
train,59.0,59.36655969114744
train,52.0,53.57744663810482
train,40.0,42.871703498221464
train,15.0,28.094616499274487
train,52.0,54.71314350799662
train,54.0,60.88169733220033
train,54.0,60.344128922382126
train,68.0,57.46679036527582
train,68.0,60.729287311849305
train,52.0,56.522815776324045
train,38.0,35.319289586551
train,18.0,23.498669922447196
train,38.0,48.65605671892371
train,63.0,51.701492138518574
train,50.0,48.38711086167171
train,54.0,53.58881234908668
train,24.0,27.890556410266136
train,24.0,27.798638143313227
train,63.0,49.972288665539395
train,50.0,53.28017796614526
train,61.0,59.42224102824653
train,61.0,58.98703054630362
train,68.0,57.48800664227286
train,46.0,52.25339986543903
train,63.0,46.17306780720993
train,30.0,40.87669320208308
train,18.0,17.111147286186384
train,50.0,55.687443535887205
train,56.0,52.96669587476227
train,44.0,46.14865148016734
train,38.0,32.57612144454657
train,36.0,37.45549887654681
train,48.0,53.448040709946405
train,61.0,58.04810868012685
train,63.0,46.88344273144182
train,54.0,59.5300587773954
train,68.0,59.488830631876425
train,59.0,63.15054520427698
train,68.0,59.17896552530707
train,44.0,42.578251025339256
train,18.0,45.911501692114534
train,40.0,40.484011959809386
train,38.0,34.100021078616344
train,50.0,53.01933959288601
train,24.0,23.938057525966087
train,40.0,42.35453514258634
train,56.0,48.318169992286904
train,15.0,36.41804980875438
train,38.0,35.033621288787536
train,50.0,52.312637870771056
train,48.0,50.95240950357666
train,63.0,47.08055073080848
train,63.0,53.8757089287577
train,50.0,49.46784157295734
train,61.0,60.54353499979815
train,18.0,18.001239302468814
train,52.0,53.96345722554754
train,40.0,42.476903543744314
train,59.0,36.97524430288718
train,46.0,45.54740455854979
train,56.0,52.14101590339092
train,44.0,42.93065926710735
train,50.0,54.92281463381868
train,59.0,45.09244669850884
train,36.0,38.04244982982526
train,63.0,44.951172296756084
train,34.0,33.97023648656412
train,61.0,59.751946110250756
train,42.0,49.11595332107835
train,50.0,44.04204700598427
train,52.0,53.56695505431041
train,38.0,40.8319688742168
train,36.0,29.372705472758746
train,54.0,62.5374658988469
train,56.0,51.05628319820021
train,24.0,24.779590784721375
train,44.0,41.860670485475104
train,54.0,62.96846267507066
train,52.0,54.33152274229683
train,54.0,64.57383743294818
train,59.0,39.56450580118924
train,24.0,28.795558880172848
train,68.0,59.461224902194736
train,40.0,44.8845312703319
train,24.0,25.988533105238815
train,15.0,31.783030835377467
train,24.0,18.12688019871287
train,24.0,28.13108982800101
train,38.0,36.30777636342429
train,24.0,16.298371178223835
train,61.0,57.09745474975955
train,59.0,58.01589170221594
train,24.0,22.822221289190246
train,61.0,59.13764596297171
train,48.0,56.32441690249741
train,68.0,58.92938574721231
train,24.0,30.425099732221188
train,59.0,56.562516107642224
train,59.0,59.45538084627985
train,56.0,58.635228658905795
train,34.0,33.72650698642771
train,63.0,48.46789867804083
train,50.0,48.08118170040719
train,36.0,30.96677235542385
train,59.0,59.31123851145705
train,54.0,62.80417006657551
train,52.0,53.1744375267383
train,34.0,34.16806177386313
train,38.0,38.85947774113268
train,44.0,42.18665821513686
train,50.0,61.995106227689675
train,40.0,41.23748656981389
train,59.0,52.10279849814222
train,30.0,48.87789776177673
train,24.0,26.696873823594693
train,61.0,57.64713273580924
train,61.0,58.29254960665945
train,38.0,34.55472589187426
train,52.0,48.785095257567164
train,63.0,52.688677605444155
train,48.0,50.79651671603958
train,34.0,39.67784480714059
train,48.0,53.05823589563924
train,54.0,51.455294345624154
train,63.0,51.32011573675437
train,18.0,33.17270264152989
train,38.0,31.851669816410347
train,46.0,49.74517421749536
train,24.0,26.076919944570268
train,44.0,45.4943045411314
train,30.0,37.688504655526785
train,52.0,52.770419151722656
train,68.0,59.16404183376783
train,40.0,38.72966935055169
train,52.0,55.29182710406067
train,63.0,52.229376242383786
train,56.0,56.25972723026413
train,59.0,58.53266946855584
train,52.0,51.96120215250701
train,61.0,57.043123315440354
train,46.0,44.94821211798776
train,24.0,24.957032305052945
train,36.0,46.4374493797003
train,50.0,50.580036786961394
train,15.0,26.887783537954718
train,18.0,55.636779621107024
train,42.0,25.810021026429684
train,46.0,39.65740317036831
train,36.0,47.55568699381892
train,30.0,35.68319857340492
train,52.0,52.7493335428177
train,68.0,58.85504462380507
train,56.0,54.49134217739454
train,63.0,49.412963033578926
train,40.0,52.572938203538705
train,30.0,38.03326852383939
train,34.0,38.55992615207585
train,61.0,57.06204398666505
train,56.0,55.68272652254709
train,38.0,30.769828350913606
train,24.0,22.091201084917195
train,40.0,43.824153707912316
train,68.0,58.671683698815905
train,63.0,46.08938519849762
train,52.0,54.2460529778693
train,61.0,57.41508752853426
train,30.0,44.49118390831677
train,63.0,45.71423500897633
train,54.0,62.99049337882472
train,38.0,37.26787534739082
train,15.0,23.112419302545913
train,18.0,32.3800432130722
train,24.0,23.736453824983517
train,61.0,58.27663114432927
train,42.0,32.456993101132525
train,56.0,55.11455277449888
train,46.0,40.979996907869875
train,24.0,25.37591419177638
train,15.0,27.965372695410895
train,44.0,39.61554049196241
train,34.0,34.48671239099976
train,48.0,53.81605172603557
train,56.0,52.44873192852032
train,15.0,34.583300769070846
train,56.0,53.51256581884665
train,44.0,43.930125569823105
train,68.0,59.04836436252849
train,68.0,59.933461315215325
train,18.0,17.957715708021166
train,40.0,43.93367235966861
train,50.0,53.36941402011223
train,56.0,56.06449292581594
train,61.0,58.7600552473245
train,24.0,22.437802057250863
train,30.0,38.26268012756236
train,18.0,50.02513521949333
train,54.0,30.424948181251402
train,42.0,40.66717464960161
train,34.0,35.29551184844995
train,30.0,39.762393890000844
train,34.0,34.683197865856215
train,50.0,58.25039546864712
train,52.0,43.76700742567386
train,34.0,35.39228656659292
train,61.0,55.10820705375097
train,42.0,42.79285344094038
train,68.0,56.795762080108354
train,46.0,49.5127638102701
train,61.0,59.05915574966904
train,50.0,43.356888487435306
train,63.0,47.165486183065184
train,34.0,34.47207391219023
train,24.0,22.92465278240793
train,50.0,50.31945849751438
train,42.0,37.912567337060345
train,68.0,60.10531498759842
train,61.0,59.61335229647289
train,24.0,24.701436126433514
train,68.0,58.79018464871713
train,48.0,52.0872159100021
train,18.0,25.445668297858916
train,61.0,60.531826154113205
train,24.0,22.158978729178916
train,48.0,50.78434277244382
train,46.0,49.7133294807988
train,61.0,60.43978973308876
train,46.0,52.382932249661735
train,56.0,53.563434359519626
train,24.0,25.14833163195191
train,63.0,53.63808161481239
train,40.0,42.632982578959336
train,44.0,42.963243939454095
train,30.0,37.3206980688143
train,54.0,62.49779637061543
train,40.0,42.7933790746237
train,50.0,28.544272677612142
train,68.0,59.35016131288921
train,30.0,39.579287567101524
train,30.0,40.67360535677441
train,30.0,35.23783505224276
train,38.0,33.31624166599867
train,24.0,26.16497270887518
train,24.0,23.41663400795116
train,46.0,45.85681130029114
train,38.0,36.33941826905822
train,30.0,39.16248879579426
train,36.0,42.35837941470151
train,56.0,50.595416422988585
train,46.0,47.61568452960939
train,36.0,15.822070784838601
train,36.0,51.39513167640212
train,50.0,50.07889789272392
train,38.0,32.81779204808331
train,18.0,53.536893342763264
train,30.0,39.97255048029993
train,38.0,38.30247425098965
train,40.0,44.09333203472909
train,36.0,46.69674601990417
train,24.0,23.0836789942119
train,30.0,42.18262033845118
train,48.0,48.67121329073405
train,24.0,25.151489642233607
train,40.0,42.487188963140085
train,54.0,43.77814956763329
train,59.0,42.51558251728958
train,24.0,25.137971514656883
train,18.0,18.86447805553994
train,38.0,32.86901911546095
train,18.0,42.776569203082275
train,63.0,52.80471049547663
train,50.0,51.77009821869171
train,24.0,24.175151673964468
train,24.0,23.91856286829749
train,46.0,49.18742352570478
train,24.0,25.191370340259287
train,50.0,48.276074471923685
train,48.0,49.02467713043154
train,63.0,53.11552556320689
train,18.0,18.31181051020178
train,50.0,48.98173404144057
train,44.0,43.40276011933153
train,15.0,27.373682904957942
train,54.0,58.49204261476055
train,42.0,52.53589574858128
train,36.0,46.55417484815274
train,48.0,52.4839085439637
train,59.0,60.68273508254168
train,61.0,58.7679533650974
train,38.0,36.16346311406062
train,50.0,53.503681434081784
train,48.0,53.3942848124279
train,36.0,32.36298790777789
train,56.0,47.054663486848526
train,54.0,62.74639533564271
train,36.0,28.770603067032027
train,68.0,58.72075829843441
train,42.0,45.22938046580171
train,54.0,59.444310261055556
train,42.0,41.90090388376934
train,61.0,59.08492760500217
train,52.0,51.28146411596486
train,61.0,57.27247285453001
train,38.0,40.0092615818907
train,50.0,37.41248874798049
train,61.0,59.626556997805224
train,36.0,46.67363858224036
train,56.0,56.90287009340933
train,52.0,47.63515554452992
train,36.0,43.81259213651983
train,24.0,31.547658971973817
train,46.0,46.637946707879394
train,44.0,38.93338182156839
train,54.0,58.69026411908588
train,54.0,57.119414285794704
train,48.0,50.082335849796124
train,63.0,50.81050290367232
train,52.0,51.50161846982609
train,46.0,49.13194936480271
train,48.0,55.33309934052759
train,34.0,30.091830255769462
train,63.0,48.440542581557914
train,18.0,16.082822709757483
train,68.0,61.12610745983005
train,50.0,50.224946917373735
train,50.0,52.9796056196199
train,61.0,56.04480406431268
train,44.0,41.8448765680582
train,63.0,50.006259140575445
train,36.0,38.41363580343482
train,63.0,46.79246913680076
train,24.0,23.905286517949733
train,56.0,56.27059425565295
train,68.0,61.14805311938615
train,46.0,46.500841038154626
train,68.0,43.310091493604695
train,38.0,39.13728524529193
train,63.0,49.3651707365814
train,15.0,31.988530410444405
train,30.0,36.31987303080703
train,38.0,46.57970747578718
train,38.0,40.5597368838038
train,56.0,47.566072282926186
train,61.0,59.76528645179085
train,46.0,42.593581340311594
train,30.0,35.78888574365272
train,30.0,39.986967518105885
train,50.0,49.31934673881647
train,15.0,25.321840496164683
train,15.0,29.411594359104463
train,36.0,35.246836280545594
train,56.0,54.15291184122132
train,18.0,28.05257818524
train,36.0,29.98839032495247
train,40.0,41.678002048048135
train,44.0,39.99326147384486
train,18.0,21.07881235263231
train,46.0,48.472504521428995
train,34.0,37.14412721530249
train,68.0,56.49462512508911
train,59.0,60.18348590728685
train,56.0,57.1986665711395
train,68.0,60.01669515145251
train,18.0,20.13564657820277
train,38.0,33.93635363135464
train,30.0,31.667035631638697
train,30.0,38.85301378752191
train,15.0,28.679864458157397
train,18.0,16.728835861791087
train,24.0,21.684721793723863
train,54.0,61.55569003238038
train,44.0,46.41848168054679
train,59.0,56.75769205310615
train,15.0,33.16912293509114
train,36.0,44.90502988866643
train,59.0,60.27395180520837
train,15.0,30.006945292274757
train,63.0,45.810271277247004
train,36.0,42.26918590234125
train,34.0,34.35742631319106
train,46.0,47.90883608920782
train,15.0,26.316095099392637
train,36.0,44.570484579719384
train,54.0,59.72336436765861
train,50.0,50.51008810730845
train,61.0,57.99417397975705
train,54.0,46.044671820697594
train,34.0,35.66810078500092
train,63.0,47.97648055918611
train,48.0,50.77140430614783
train,50.0,42.030158665998876
train,34.0,33.824597882572604
train,68.0,57.378044080212064
train,38.0,32.93099321848126
train,63.0,50.84420561956952
train,24.0,27.889597409827076
train,48.0,56.40493598249061
train,59.0,61.15896426478464
train,34.0,38.0408633055366
train,44.0,43.18317122835653
train,63.0,51.56418495749913
train,54.0,57.944193317149285
train,50.0,56.35714973582708
train,61.0,57.72424587610671
train,68.0,58.88170473278157
train,52.0,56.26795297976879
train,52.0,58.04325120760707
train,50.0,51.613855176718644
train,50.0,48.25590465147459
train,50.0,52.81641895750249
train,40.0,41.272355114549626
train,56.0,56.49193909165601
train,18.0,39.862042236631154
train,56.0,52.957114456960454
train,68.0,57.761932765652034
train,34.0,36.95443638630309
train,59.0,62.03929380894567
train,50.0,50.19394471224061
train,46.0,47.566949829675615
train,56.0,53.12694618773718
train,24.0,28.8189525965602
train,30.0,37.42822040384213
train,50.0,46.43746979758863
train,63.0,47.05149271784656
train,61.0,60.41687676908309
train,24.0,21.791821222704197
train,68.0,46.96835594045804
train,61.0,60.008702113475096
train,30.0,37.096219807503246
train,63.0,45.82597885210694
train,48.0,48.86653696132529
train,50.0,51.90504603556355
train,44.0,43.059100903627396
train,42.0,39.389060812959684
train,18.0,23.023267834356048
train,54.0,41.29973965942755
train,68.0,49.73387574519476
train,34.0,31.486272923034253
train,46.0,46.41289292409711
train,24.0,25.326115534402593
train,50.0,45.09437446983124
train,36.0,36.545000140914944
train,40.0,44.496156041
train,24.0,23.65700049491894
train,54.0,58.40861039011563
train,54.0,63.64320869919505
train,68.0,60.78863695220811
train,63.0,48.466644507197
train,24.0,18.217652429175317
train,24.0,29.059697423909576
train,68.0,61.26306476144372
train,61.0,59.40403762214415
train,36.0,39.99863729668415
train,52.0,50.778994107238766
train,59.0,40.35924244912541
train,18.0,18.677486891653587
train,61.0,58.916711195947556
train,56.0,54.070226676504575
train,59.0,41.55185201520873
train,54.0,52.5560343358029
train,46.0,49.20722396883377
train,30.0,36.52491428678133
train,42.0,50.63325976686652
train,50.0,52.2004867046442
train,44.0,52.7240546334774
train,42.0,41.2174902948582
train,44.0,46.70997648042974
train,38.0,37.439228044135966
train,48.0,53.211388446155766
train,48.0,53.247825897858206
train,48.0,54.23350565851611
train,34.0,36.958644662173896
train,68.0,56.82973972872725
train,50.0,42.662895625401866
train,34.0,33.94527928016009
train,30.0,40.531658383043094
train,56.0,53.39513270946337
train,42.0,42.22833721583361
train,50.0,52.35945365649974
train,34.0,35.07833926540516
train,46.0,48.28131292057768
train,42.0,28.55950071096261
train,56.0,50.440159916060004
train,61.0,58.151164324958465
train,36.0,39.57321810051033
train,52.0,54.82321218105831
train,56.0,53.40923243592656
train,24.0,27.285461493114934
train,63.0,35.42658425934222
train,52.0,54.02718998591948
train,34.0,33.38648318596128
train,59.0,46.75457355323558
train,42.0,47.928164427315856
train,59.0,62.828059667098614
train,52.0,53.15718337881469
train,24.0,18.609813194023637
train,46.0,46.01973763901118
train,34.0,37.49004861249303
train,63.0,50.97649999260526
train,15.0,14.089998719598427
train,24.0,22.48536026811884
train,42.0,48.416995066283505
train,18.0,31.8285532545092
train,59.0,59.11989160384558
train,24.0,20.449468315678505
train,50.0,54.602302062590105
train,38.0,44.23720442143108
train,46.0,45.326133356496534
train,15.0,32.40322065009999
train,68.0,60.28061872861001
train,59.0,57.42240101037278
train,61.0,57.80736196053743
train,56.0,51.23096552033388
train,24.0,26.401585357222057
train,48.0,50.79291701936373
train,54.0,57.40226691985262
train,24.0,23.65271966373201
train,24.0,21.319763948257414
train,24.0,23.27101285629104
train,18.0,19.114999888409688
train,42.0,38.43530028683923
train,61.0,58.913651066853724
train,63.0,52.52296592956999
train,59.0,33.054082432884364
train,34.0,33.87967767419677
train,15.0,27.91599248723889
train,63.0,47.63727300098709
train,38.0,37.64906855482255
train,42.0,43.66486714370525
train,36.0,31.41794722176658
train,68.0,40.03057608175276
train,38.0,33.34135607811634
train,50.0,29.369529142799024
train,52.0,47.81254195754492
train,56.0,55.73161083483942
train,52.0,53.73362929047087
train,50.0,53.0321878035585
train,68.0,55.99927687432233
train,52.0,53.2300890449945
train,24.0,23.541109659772616
train,38.0,31.201839973534856
train,18.0,21.110552434526433
train,68.0,60.32331081906456
train,38.0,38.37349532827698
train,63.0,46.41666407776491
train,61.0,47.23693483200418
train,24.0,20.706782983211735
train,24.0,23.941519792885863
train,50.0,54.33703403855081
train,30.0,45.97086965224986
train,48.0,43.07243294153959
train,18.0,35.03820308897206
train,34.0,34.452767227920916
train,15.0,39.4227511439717
train,50.0,52.97966750876952
train,54.0,58.67687501078071
train,52.0,42.44016381598151
train,24.0,26.910999436007863
train,54.0,45.32078980989971
train,34.0,48.42415516479042
train,52.0,57.57718519001656
train,38.0,36.24087202745986
train,61.0,60.43584120891282
train,34.0,33.13054098443469
train,63.0,51.28326525585309
train,34.0,36.115016308807625
train,68.0,48.06883752678254
train,30.0,39.482678094800306
train,61.0,55.83695254150918
train,50.0,59.608165538100906
train,38.0,37.70705804877608
train,63.0,54.099148766003104
train,44.0,37.550909927274034
train,48.0,49.161431296900936
train,18.0,13.096184984578684
train,59.0,36.50498378597
train,61.0,59.677445780160795
train,44.0,45.20720551459311
train,38.0,37.41971818364605
train,42.0,39.19766290213683
train,56.0,56.781665712494956
train,61.0,59.56288228485146
train,44.0,42.878594040721865
train,44.0,39.87775975155519
train,50.0,50.99893742889198
train,63.0,51.48016119850286
train,48.0,51.10218702596135
train,30.0,44.67657876491472
train,52.0,53.974481289952365
train,48.0,52.417091433041776
train,50.0,52.09913223658551
train,44.0,45.750454498459035
train,56.0,54.951653373494466
train,48.0,55.03442950609495
train,40.0,44.50390817257819
train,48.0,50.02635758086166
train,56.0,51.10385169606354
train,59.0,50.887741601278805
train,42.0,38.71655610015998
train,54.0,61.57226746105961
train,52.0,59.147974825681224
train,50.0,50.01694948937515
train,24.0,26.10102957959966
train,15.0,31.96599476191215
train,38.0,34.76450669843335
train,44.0,41.86218523113658
train,38.0,36.65592005170722
train,24.0,23.580359197006988
train,44.0,40.83345339451455
train,52.0,42.71869868468364
train,59.0,41.023962664625586
train,44.0,47.18434981550211
train,68.0,57.801316050046225
train,50.0,52.80136188430646
train,61.0,59.54643078518775
train,42.0,35.573794821853454
train,24.0,24.240968296844578
train,44.0,46.42455563138831
train,40.0,44.65548398823367
train,18.0,19.109652355309755
train,15.0,34.65773276032589
train,59.0,43.11056708177132
train,52.0,47.498422054907074
train,68.0,58.81321863347555
train,52.0,50.1195008409098
train,46.0,41.17266142237779
train,34.0,33.378767388049916
train,50.0,52.88444718356178
train,50.0,43.638001156587656
train,46.0,46.91611797514613
train,44.0,43.52782059650965
train,44.0,44.92425303389754
train,15.0,30.139576345554506
train,48.0,53.65188397744584
train,61.0,60.55560530773255
train,54.0,62.25796347964867
train,48.0,55.59226429489587
train,36.0,29.75761091288441
train,68.0,43.29299565777428
train,68.0,59.22450937764668
train,24.0,27.689404812464733
train,36.0,43.128923378608285
train,18.0,29.45836332475743
train,61.0,70.36231414249103
train,15.0,27.758607960018207
train,34.0,43.51580488909107
train,36.0,29.337454395217456
train,36.0,33.75908732126503
train,40.0,46.14336983228794
train,42.0,38.34991032676136
train,42.0,40.34270824093208
train,15.0,24.622874218829388
train,42.0,40.971563927297595
train,36.0,41.289803585680204
train,48.0,51.16317227239381
train,38.0,37.74646125320484
train,63.0,45.28521538098586
train,50.0,53.64137590640162
train,24.0,17.550296885768773
train,38.0,35.965556796243824
train,24.0,20.93936043844199
train,61.0,57.732448317814296
train,36.0,46.83540296573731
train,36.0,48.20240736739869
train,18.0,22.352303513307994
train,44.0,45.358110902384745
train,63.0,51.1325177305462
train,50.0,55.925185567405904
train,30.0,45.051119393659064
train,52.0,52.392422847384665
train,24.0,25.811785632525815
train,63.0,51.18572685063956
train,24.0,26.02064782163851
train,54.0,57.44643388717039
train,56.0,55.59214711439569
train,44.0,43.50876460119946
train,30.0,34.565460812326926
train,30.0,39.582215126409
train,59.0,62.443139061335046
train,50.0,53.22030960730132
train,34.0,33.35774040931968
train,68.0,61.112116661003526
train,50.0,47.701405084552896
train,54.0,60.64501979990485
train,63.0,48.06129333275517
train,56.0,53.32025401847547
train,38.0,33.74782508951441
train,61.0,58.99961069479656
train,44.0,41.864662891970895
train,42.0,35.2323079330298
train,59.0,54.77587439990683
train,30.0,31.85842254718906
train,46.0,54.1175837950335
train,36.0,24.175406734977816
train,30.0,39.20842229272243
train,38.0,35.33506052880995
train,38.0,42.74445536609786
train,52.0,53.95534006607267
train,18.0,24.16500212569098
train,61.0,59.14445280198366
train,52.0,53.05427622859675
train,15.0,27.947752306123775
train,50.0,59.98054884363003
train,48.0,52.58639888844253
train,18.0,27.119827209035503
train,24.0,26.300499702461764
train,36.0,45.96492777909118
train,34.0,46.625743198581574
train,48.0,49.98582417852402
train,30.0,32.19375567551976
train,15.0,46.02414095546638
train,59.0,58.78488170820019
train,38.0,38.80517337338075
train,30.0,49.077414188604465
train,61.0,58.30773631526511
train,44.0,49.17107401427919
train,38.0,50.70049957174132
train,36.0,41.62861061797116
train,24.0,21.671419753181123
train,63.0,56.19221542919322
train,59.0,61.3554285835249
train,24.0,25.12705198109228
train,50.0,51.52244079450709
train,56.0,54.945218740515706
train,54.0,62.211369017624826
train,59.0,57.54447799247281
train,61.0,59.64390071373019
train,63.0,46.92521080351535
train,18.0,15.53441821744606
train,61.0,57.27104755224774
train,56.0,54.5362461364523
train,68.0,57.854451373417135
train,36.0,24.628571736840073
train,18.0,21.89806239881788
train,18.0,23.424119064846998
train,30.0,39.91643925942151
train,52.0,53.21192897683413
train,50.0,54.60067228113868
train,34.0,35.23513074727854
train,61.0,56.30047812779847
train,56.0,54.13858057072695
train,52.0,33.117538893750634
train,52.0,50.95549830432513
train,36.0,44.80539204039387
train,54.0,60.99057142860508
train,63.0,50.138026559157396
train,34.0,33.99442476208292
train,24.0,22.37121189922514
train,42.0,50.314883362414136
train,48.0,49.74571005046768
train,24.0,27.69255326971089
train,63.0,45.261842493795044
train,38.0,31.294592658407474
train,63.0,45.45719153089193
train,34.0,31.78934130775611
train,42.0,39.55288301457231
train,34.0,42.637988920653015
train,40.0,42.205406757263354
train,38.0,38.11294141061362
train,59.0,54.71581267866206
train,50.0,48.70116126122842
train,34.0,46.860871484824344
train,18.0,17.989468547079564
train,59.0,43.7080750278442
train,50.0,44.388019538746704
train,15.0,26.77029761127745
train,46.0,46.04284202361491
train,54.0,62.633672760478184
train,24.0,27.761655616639203
train,38.0,39.532406491978634
train,36.0,48.67293978600538
train,36.0,46.88270987530982
train,34.0,28.689867292901603
train,54.0,62.22988419946874
train,36.0,52.026421282314494
train,59.0,24.4351688334899
train,52.0,49.71771817375557
train,63.0,51.73538267143561
train,15.0,29.994227123730894
train,50.0,49.11760261217789
train,56.0,56.96000015155078
train,44.0,41.19348712308145
train,68.0,58.76454933531538
train,24.0,28.492610321880974
train,59.0,60.28996722271976
train,61.0,60.40950690767718
train,48.0,50.825577921727294
train,68.0,46.84099834822533
train,18.0,14.833081386226183
train,36.0,29.220172927073754
train,48.0,49.09129667535571
train,68.0,61.04037979475354
train,56.0,54.59935425121385
train,63.0,45.125865778833266
train,56.0,56.805886805981594
train,38.0,33.20092559520411
train,50.0,49.66599300263669
train,46.0,57.34293040777286
train,36.0,45.17276844384301
train,42.0,43.081703301635734
train,50.0,51.55601914695748
train,50.0,56.12318629169216
train,59.0,42.53292018524442
train,24.0,22.3320444299769
train,59.0,57.624764491160995
train,63.0,46.529617290956494
train,52.0,50.02708097429437
train,59.0,37.93542944654534
train,50.0,48.80075021176824
train,68.0,44.57335340684531
train,18.0,22.42389117722056
train,40.0,43.048321988202424
train,68.0,60.33341713810974
train,24.0,20.580920185681407
train,68.0,58.78267611383459
train,42.0,54.634625055524765
train,48.0,51.89344733830643
train,24.0,28.053600362560168
train,59.0,41.65975406202028
train,68.0,60.87583025950177
train,46.0,48.57682020696821
train,56.0,55.1386942142242
train,54.0,59.52372142675317
train,61.0,59.74580105563707
train,46.0,45.59129619380597
train,56.0,53.75122466211745
train,48.0,51.41817779704998
train,24.0,23.480029489163634
train,61.0,57.483297353974564
train,36.0,33.15972698392811
train,56.0,53.493941043081975
train,63.0,50.498552572172834
train,38.0,36.4399261247783
train,18.0,16.48885461991333
train,15.0,23.2737739188507
train,56.0,56.471650830434676
train,24.0,22.933191752110734
train,42.0,45.088519041215285
train,61.0,59.0345213398447
train,24.0,49.99758870792133
train,40.0,45.67712910564143
train,46.0,47.09940495003693
train,24.0,20.889525306837392
train,24.0,28.08758814154597
train,18.0,25.877393005457655
train,56.0,57.13779642865515
train,56.0,56.087440377656065
train,24.0,25.021122636452013
train,61.0,58.52933989454423
train,63.0,48.49205797158856
train,36.0,46.53373466978171
train,56.0,52.713903439531656
train,40.0,43.4472598090058
train,59.0,58.139983603867115
train,36.0,41.03607061950376
train,59.0,57.568027814607035
train,36.0,47.94948884847107
train,42.0,44.88271497829359
train,36.0,28.06303047986272
train,56.0,56.17443560096077
train,42.0,49.23504585073603
train,63.0,52.63369035618078
train,54.0,37.75958293822921
train,24.0,27.803912014042744
train,36.0,29.96932731843527
train,24.0,25.989974877660394
train,15.0,28.273446141860326
train,56.0,53.104244350207026
train,24.0,19.270061059143018
train,52.0,49.307717997799756
train,30.0,42.97648367477761
train,15.0,25.591796379348843
train,34.0,32.94282811372349
train,34.0,34.178600008204924
train,38.0,38.73238353128713
train,36.0,31.72483901275024
train,44.0,44.86150573305798
train,61.0,58.329135451870435
train,18.0,23.706620150270158
train,34.0,41.13435116352958
train,59.0,55.53524185991688
train,56.0,58.416340549774155
train,61.0,58.289337766856875
train,30.0,47.05166868202821
train,44.0,36.553109349392095
train,30.0,42.987106916052255
train,18.0,20.812768879843436
train,30.0,37.22006341073666
train,24.0,22.806926010911074
train,68.0,45.106925063804866
train,30.0,39.89756653012666
train,38.0,46.564874048667676
train,24.0,27.350858630682424
train,18.0,15.186550714607609
train,63.0,50.367010084385214
train,48.0,48.795140950989776
train,46.0,42.28800745356168
train,44.0,43.64935597637741
train,38.0,33.26386681868307
train,54.0,59.51793679540545
train,54.0,62.967688979034904
train,34.0,39.60371425391015
train,56.0,54.43006742697513
train,59.0,61.301462395002176
train,56.0,53.95888339321601
train,50.0,39.78099169315051
train,24.0,25.656900850716557
train,42.0,44.29724418390736
train,50.0,51.72301386376801
train,46.0,46.842818886073395
train,40.0,44.39179012407895
train,30.0,38.41854224639928
train,59.0,37.7283171212958
train,34.0,45.70910961491946
train,18.0,29.233098192246402
train,48.0,50.409739067755616
train,44.0,39.37924686194178
train,38.0,42.04369309430017
train,63.0,48.48272733061933
train,24.0,23.165735658559193
train,48.0,52.59675455100442
train,24.0,24.68232292865559
train,38.0,48.922915403653526
train,52.0,52.720962016006496
train,15.0,25.303063928241404
train,46.0,46.653199418737834
train,44.0,40.6588632121359
train,34.0,39.04856293317323
train,61.0,57.00933224860998
train,34.0,34.39134166501436
train,15.0,34.02436035788845
train,30.0,39.34146517707704
train,44.0,43.858954042745616
train,15.0,32.57152536498279
train,68.0,57.69141228472723
train,18.0,19.45832471255825
train,30.0,36.75105271560598
train,63.0,52.26747208646029
train,50.0,55.5053762224555
train,38.0,35.46889347905831
train,24.0,24.865206817770208
train,18.0,18.880813438628227
train,38.0,36.21640624935606
train,50.0,53.1195363480325
train,46.0,50.32246010030646
train,50.0,24.691589965036535
train,59.0,48.9123542778841
train,24.0,22.19880403781108
train,36.0,32.21174946244269
train,61.0,43.194300569295024
train,59.0,58.72124568272938
train,59.0,27.710264097118905
train,30.0,35.44276375560386
train,36.0,43.217700431451824
train,50.0,49.63732208651117
train,59.0,45.035897551948494
train,15.0,19.079638405902703
train,40.0,45.25671516732205
train,46.0,48.14800448182248
train,24.0,25.67486275867068
train,15.0,31.254439879758205
train,46.0,51.34483753032494
train,38.0,54.82598310273228
train,61.0,58.9253742701563
train,36.0,35.01236529531565
train,15.0,33.54612735000364
train,36.0,37.21707677264805
train,50.0,52.21966649112263
train,36.0,40.334528511155646
train,24.0,24.17657074784125
train,61.0,58.98053814984467
train,63.0,49.81062606638632
train,61.0,53.07836577582814
train,63.0,47.268956799215815
train,68.0,60.204383336334026
train,15.0,30.58167224022074
train,18.0,28.654622369098842
train,38.0,35.91594565931433
train,24.0,24.18730824099317
train,68.0,59.732918434721476
train,59.0,63.22474788907779
train,68.0,56.8821643288241
train,24.0,26.200426648840196
train,48.0,50.24930876619041
train,61.0,57.83595560255187
train,34.0,36.697419993279404
train,34.0,37.57134301155824
train,30.0,40.753500800006876
train,44.0,41.41822266440967
train,24.0,24.658709405585356
train,24.0,22.35066059539315
train,34.0,35.65856045040145
train,63.0,50.89309419325356
train,54.0,59.756902660658085
train,61.0,43.14153417097053
train,24.0,27.056441729755807
train,63.0,51.36155312670934
train,48.0,49.67221173996587
train,48.0,56.17710330325401
train,36.0,23.72418169409657
train,50.0,46.082328890340975
train,18.0,20.90277939334736
train,59.0,44.373673839475586
train,59.0,40.46345100134349
train,61.0,58.98283974168309
train,54.0,58.771746837889474
train,52.0,52.48236915616377
train,68.0,56.835755297903646
train,42.0,45.785612815494865
train,18.0,15.411122133961182
train,18.0,13.055348237505768
train,68.0,44.31961765528402
train,18.0,22.890828461309493
train,15.0,31.860315789014713
train,63.0,50.55765555932358
train,48.0,45.4075848350867
train,48.0,55.30782911402396
train,18.0,23.27276247562183
train,52.0,52.167302902004465
train,30.0,41.86973544288312
train,54.0,60.22687734124818
train,48.0,49.20589991760832
train,30.0,44.63140751925061
train,38.0,43.529584281794115
train,48.0,53.45283872066326
train,59.0,41.932768491635876
train,46.0,47.54256927349781
train,63.0,51.725758630899485
train,46.0,46.83123860344938
train,44.0,43.683855027379764
train,59.0,60.21740991172332
train,52.0,53.23913681938336
train,30.0,48.30618638894097
train,30.0,45.77792145364009
train,68.0,56.50729128052376
train,61.0,57.5919765307014
train,63.0,54.340253470161194
train,54.0,46.618135994605424
train,36.0,24.85243190872043
train,54.0,60.2435083156924
train,68.0,57.37853389568585
train,24.0,22.47063009250591
train,18.0,20.196350264879886
train,61.0,60.280797110888
train,59.0,60.29263110432113
train,34.0,47.62626576919152
train,38.0,37.785147588557194
train,48.0,49.88208156098159
train,44.0,45.11893441932352
train,15.0,23.31099931593193
train,36.0,51.46651208462668
train,15.0,27.269827070335214
train,24.0,28.92781687767886
train,46.0,46.56981270075128
train,48.0,51.07991432568799
train,48.0,50.42708224355616
train,68.0,58.16092249469964
train,63.0,49.08608426370346
train,24.0,21.045085521140358
train,50.0,51.631149969658914
train,56.0,56.42593661242485
train,24.0,27.382109234310793
train,46.0,50.78404566503312
train,50.0,41.62319514598231
train,48.0,51.30866892002032
train,42.0,44.17048900265728
train,30.0,38.21222750390778
train,15.0,30.57182967172438
train,30.0,39.762429950255665
train,59.0,39.06968865868934
train,50.0,46.42156947422151
train,24.0,25.090678196405424
train,42.0,43.585323251399885
train,15.0,31.287122392045084
train,24.0,27.021898354061083
train,50.0,46.95212539258137
train,18.0,27.838650240008874
train,24.0,22.246148448974207
train,18.0,18.517287081287552
train,46.0,47.40990866552367
train,38.0,45.07026133738771
train,59.0,45.233231367938124
train,38.0,38.993223687445294
train,50.0,51.88599221839475
train,24.0,25.250899457677708
train,24.0,24.746262718504287
train,15.0,38.90366553686017
train,42.0,43.14068671674387
train,68.0,51.32089720916903
train,42.0,42.66143826378206
train,61.0,56.21449725590374
train,24.0,28.124416470582492
train,15.0,15.419415270426285
train,54.0,64.10363633537028
train,68.0,60.14710711146394
train,68.0,62.05532286550077
train,42.0,40.14095661864249
train,68.0,57.80421841812398
train,34.0,45.86229036380597
train,52.0,53.74177048156361
train,63.0,64.34455085543036
train,63.0,49.43475630468075
train,56.0,56.780674602937765
train,61.0,58.72961898317442
train,56.0,48.000789655218306
train,63.0,53.83006226447279
train,50.0,41.32614092050163
train,48.0,43.448177341204385
train,24.0,25.094716323335426
train,46.0,48.60358046811823
train,44.0,40.50235700914362
train,30.0,37.973822790265
train,61.0,58.779689097261326
train,52.0,51.352519923082475
train,18.0,12.142944191482467
train,30.0,34.51560481137106
train,42.0,42.22605492152819
train,48.0,49.79158272483489
train,24.0,24.31155707204426
train,18.0,14.07440310101832
train,52.0,55.682416295021156
train,68.0,57.73689705927111
train,63.0,50.992112303521296
train,48.0,54.05331726852248
train,61.0,57.38736961593108
train,30.0,42.07487337875869
train,18.0,21.857554590125876
train,38.0,40.26132822562296
train,48.0,55.45599164064165
train,50.0,49.3676371724789
train,68.0,60.13700430633996
train,30.0,38.04272267725587
train,40.0,41.24752583280728
train,24.0,24.607439017036835
train,34.0,31.311748721902852
train,40.0,42.282322003382724
train,36.0,44.514602495847235
train,40.0,46.72838430351005
train,18.0,16.593645191755733
train,54.0,59.261146469619675
train,56.0,53.2239890019013
train,63.0,44.49715225679359
train,38.0,32.928861584252225
train,38.0,37.118277317709186
train,18.0,51.75564207520721
train,24.0,23.15684027481214
train,30.0,37.58876191522031
train,36.0,25.92875649529729
train,30.0,40.07520127564064
train,68.0,56.32425043593982
train,44.0,43.73605551580393
train,68.0,44.328498881969125
train,24.0,24.478472314201273
train,50.0,46.27556518500759
train,59.0,57.96609201854078
train,34.0,35.32094005226004
train,34.0,34.63083073521038
train,63.0,52.20568453913431
train,44.0,37.920498655127915
train,40.0,42.85626248264691
train,34.0,33.11549295615577
train,50.0,43.21260450985891
train,40.0,45.474070081701186
train,38.0,32.59887033742153
train,30.0,38.0926341038095
train,36.0,28.657579636470118
train,48.0,52.15868810960953
train,54.0,57.29683280945566
train,34.0,35.172290323367804
train,56.0,51.21261333404097
train,24.0,25.316338482942033
train,40.0,40.71192664323549
train,30.0,41.40509157416268
train,30.0,35.11668911438966
train,52.0,52.41432612573572
train,36.0,31.958615769779605
train,52.0,51.50460936709932
train,46.0,50.50424468010834
train,63.0,49.447482389585716
train,30.0,49.28304407089169
train,18.0,41.32246900225011
train,56.0,53.830127465714256
train,36.0,26.3193475170134
train,36.0,31.944119083667793
train,34.0,33.20536649317936
train,68.0,50.27675236677428
train,50.0,52.843706570701826
train,52.0,54.70146772781728
train,48.0,52.97698497197444
train,50.0,48.970160883364755
train,18.0,18.930656399887653
train,61.0,59.2905129825121
train,52.0,51.440285149794995
train,24.0,22.04307148932719
train,15.0,34.962356408950356
train,56.0,57.28687411134218
train,18.0,23.40540246572947
train,34.0,33.464821337535994
train,50.0,53.26096542092381
train,30.0,35.36228706414511
train,63.0,58.83577801066187
train,61.0,58.07527634311915
train,36.0,28.526020802734806
train,59.0,61.42811570468639
train,38.0,47.44396045367764
train,30.0,38.026774496352346
train,48.0,51.911983452243625
train,52.0,51.20554298680102
train,68.0,58.443275001105405
train,48.0,51.43949980098822
train,18.0,24.77224880298403
train,36.0,29.75365034715586
train,61.0,58.11600060266729
train,63.0,48.204993420894446
train,30.0,46.65945217562018
train,15.0,30.284188241473938
train,50.0,51.12931776315895
train,38.0,38.23197163495373
train,44.0,37.07228736428369
train,46.0,51.50881226984978
train,30.0,49.4337795246493
train,36.0,45.00065689174399
train,50.0,49.077884118499874
train,24.0,23.843932261726305
train,63.0,50.189148992490495
train,56.0,51.81487933203953
train,68.0,58.935919628449
train,54.0,59.03395684306602
train,34.0,34.036203028280966
train,54.0,59.361045148153764
train,48.0,40.08013333316756
train,34.0,34.62285522635078
train,68.0,58.16769613495195
train,38.0,32.862181962977736
train,61.0,59.68869857573125
train,56.0,53.5733007677744
train,59.0,33.26978649833173
train,18.0,14.121930057380592
train,48.0,54.54584142467918
train,38.0,36.96857610538846
train,18.0,24.566811436504185
train,24.0,23.28070217694023
train,61.0,46.59528722363006
train,48.0,52.568107968286974
train,68.0,55.85137238465639
train,63.0,51.09164400134191
train,52.0,53.52968557352169
train,40.0,36.82062644727645
train,24.0,16.8200913198342
train,40.0,40.466737693492036
train,44.0,41.299687655239836
train,68.0,56.30667214483657
train,63.0,20.740061791996666
train,50.0,51.17089644428446
train,18.0,32.13602852136762
train,48.0,54.554034123133704
train,52.0,53.785315630955765
train,36.0,33.925035692779915
train,61.0,43.41585022172262
train,61.0,58.69893416771018
train,44.0,43.542494625082945
train,46.0,44.090386522988986
train,36.0,35.87844494546001
train,30.0,43.178630699842344
train,61.0,57.90004909086159
train,63.0,43.379597425709285
train,48.0,54.90412577898084
train,36.0,39.289201584835574
train,24.0,23.149814690562135
train,38.0,38.90174674202963
train,68.0,58.40176588764217
train,44.0,45.81280574670343
train,24.0,23.725322041894938
train,44.0,46.84896116515949
train,18.0,25.827074820733614
train,54.0,61.04757643704677
train,54.0,61.04943558019971
train,15.0,34.78590162665855
train,59.0,61.776778812866446
train,24.0,20.371372470875627
train,56.0,52.12046361480766
train,42.0,35.46926850375862
train,44.0,41.465152342351516
train,24.0,22.369834406636922
train,44.0,49.4026337138667
train,56.0,57.51800260085661
train,52.0,52.02694795539704
train,56.0,58.05580380535808
train,46.0,47.5328785591789
train,63.0,49.893459793125764
train,18.0,21.35089665568862
train,30.0,40.25366814962348
train,36.0,34.67440934600353
train,63.0,52.59976247776998
train,24.0,23.240717387362665
train,50.0,50.22366358609201
train,42.0,41.82449544591966
train,24.0,26.49568873956234
train,61.0,58.84822140535527
train,48.0,50.34081024394813
train,34.0,33.25331328541801
train,24.0,26.704208434845814
train,52.0,40.356137596190536
train,48.0,55.00988222937367
train,50.0,40.27543380030299
train,52.0,37.33514937530366
train,30.0,47.559392265479225
train,56.0,51.78988390743026
train,38.0,37.75893596049463
train,48.0,57.13029292167613
train,61.0,47.74076458632028
train,61.0,56.840986036058354
train,61.0,59.6961798247456
train,18.0,15.45215597606034
train,24.0,39.09779058063189
train,56.0,55.43101741582585
train,50.0,38.75240481894101
train,52.0,55.05399218537545
train,15.0,28.52320683368516
train,50.0,47.57623279703048
train,54.0,60.827780463316444
train,46.0,45.919024084276614
train,61.0,56.37642249901216
train,59.0,60.441856520347564
train,24.0,25.55460189701627
train,52.0,31.647494575058616
train,24.0,27.021664749851425
train,18.0,21.228645473354117
train,34.0,37.430299489989565
train,52.0,53.703795770780616
train,15.0,38.09467083663526
train,44.0,41.67122242987524
train,18.0,22.71940938644174
train,61.0,56.88875451647855
train,18.0,12.31706351344851
train,68.0,60.16924921981644
train,15.0,30.906638725933398
train,61.0,59.60334070923244
train,24.0,25.35553916995084
train,48.0,48.84206006915532
train,30.0,33.108920475945474
train,38.0,43.311118700198904
train,59.0,61.23276845651546
train,24.0,23.115768732232766
train,24.0,21.552736089703213
train,61.0,58.43149573218989
train,48.0,53.47542580812693
train,50.0,53.952651060126264
train,38.0,35.64477607500271
train,54.0,61.78989145046634
train,44.0,44.618740905005666
train,18.0,21.57749910477086
train,59.0,44.27188949569592
train,18.0,20.658556429510945
train,18.0,30.3234343153805
train,56.0,53.800679054945796
train,18.0,36.906730953172854
train,50.0,54.31317416137759
train,30.0,27.93811185252588
train,24.0,22.796203279789896
train,15.0,29.620785169850762
train,30.0,39.91408573154324
train,61.0,57.63301847695751
train,59.0,65.79370601758947
train,63.0,51.325563901676816
train,24.0,28.309909916712314
train,63.0,46.74390539334993
train,38.0,33.2467175297987
train,50.0,60.44920805466973
train,40.0,40.83412435311305
train,38.0,31.02399812238797
train,54.0,61.02753757584384
train,59.0,57.74146122561405
train,30.0,37.82624374481662
train,46.0,49.49606335245182
train,54.0,58.2095222615641
train,50.0,53.88794552102918
train,63.0,49.25796559365056
train,61.0,61.34442982513668
train,50.0,54.607818013308034
train,63.0,49.28242737852891
train,44.0,40.83190203033289
train,46.0,51.76786566678165
train,46.0,46.34945213875934
train,36.0,48.19102503514111
train,59.0,56.509472716524655
train,56.0,54.90641146519337
train,36.0,32.081228004076046
train,52.0,51.39844502161553
train,63.0,48.56272926596229
train,50.0,51.43961544695824
train,54.0,63.014152360332545
train,48.0,51.95942007381464
train,48.0,40.24899134538487
train,44.0,42.15756020872841
train,24.0,22.149210002491436
train,68.0,60.35484016376624
train,15.0,38.344802115994526
train,46.0,45.76337247122652
train,18.0,30.85498498907124
train,50.0,48.66486043947163
train,18.0,15.581754649138322
train,63.0,49.41165296226138
train,18.0,19.32370422747855
train,30.0,35.961648852012495
train,48.0,45.5668568733473
train,50.0,48.46720741403018
train,24.0,22.5523144461013
train,54.0,61.93296760459903
train,34.0,31.27007648781735
train,24.0,16.619829884635926
train,54.0,62.498220182481816
train,56.0,58.11541323135978
train,24.0,26.13297041627166
train,36.0,32.32693650652752
train,24.0,22.989360161352913
train,30.0,37.94603588216607
train,59.0,60.684259534590204
train,63.0,49.02483673319422
train,42.0,36.13956178375952
train,24.0,17.741303386403416
train,40.0,46.99254021968662
train,48.0,51.474457077969355
train,61.0,58.96376393967289
train,52.0,54.06610323063516
train,63.0,51.36993518748394
train,42.0,40.22011473052104
train,18.0,21.08116613944158
train,24.0,24.129999136419045
train,61.0,47.134506404268855
train,61.0,59.11880129723478
train,56.0,55.31205936591177
train,42.0,34.500419268570084
train,63.0,52.83518511193891
train,48.0,52.137739514512205
train,38.0,36.24101692399033
train,54.0,65.14188907661195
train,59.0,60.35326306034938
train,50.0,56.15683621352404
train,44.0,45.9234709904809
train,68.0,57.95168524705639
train,50.0,52.07476081898365
train,50.0,49.928536876168224
train,68.0,59.26544507944388
train,48.0,52.20323576183919
train,42.0,36.43817378213179
train,54.0,64.93429915500474
train,38.0,37.057804472024245
train,30.0,38.92097998405254
train,61.0,56.622095381451885
train,24.0,45.23604618198006
train,50.0,46.96121558823238
train,48.0,39.607829886605515
train,50.0,49.823417228422386
train,63.0,53.13026560629889
train,24.0,28.113376782825135
train,38.0,34.388557474256714
train,24.0,23.404992070414202
train,52.0,51.06699833654563
train,46.0,39.344640204678
train,36.0,42.81645332874384
train,68.0,60.59208352038983
train,40.0,43.19118324758363
train,24.0,24.366426639859636
train,30.0,36.832097615978014
train,59.0,55.65522590704165
train,24.0,22.650083053764252
train,48.0,48.985690708555225
train,54.0,59.424466439504805
train,48.0,54.69793037428058
train,42.0,34.6271613666679
train,34.0,31.256748817112847
train,61.0,59.07421971244075
train,52.0,53.77996838293803
train,24.0,19.0074218238829
train,46.0,45.31875163130242
train,48.0,51.24848846859875
train,42.0,43.28936594024223
train,36.0,16.173671376716687
train,63.0,48.340447882229576
train,30.0,34.38760401340333
train,18.0,23.718764899861053
train,56.0,52.34505479103216
train,50.0,50.177364532711486
train,40.0,37.417279977376175
train,34.0,28.430368350616284
train,61.0,58.5592984379409
train,34.0,32.86273926149496
train,44.0,43.39539889220955
train,42.0,29.38248600811404
train,54.0,60.10789753249338
train,18.0,22.80517760000854
train,24.0,26.2638615098073
train,24.0,23.91399520283279
train,38.0,34.1691692333614
train,52.0,47.80022481131809
train,44.0,45.234780505937366
train,38.0,35.60061219939083
train,24.0,23.912779348643653
train,36.0,17.95482843843565
train,56.0,54.9621957362157
train,46.0,47.72229084168876
train,59.0,44.8677479031027
train,34.0,32.53413051073206
train,15.0,22.25251499663618
train,61.0,56.69156195652049
train,42.0,40.1291033353206
train,61.0,56.04896366808974
train,63.0,54.42921709498908
train,15.0,31.01497798565803
train,52.0,52.04044944299942
train,46.0,47.678544714288144
train,36.0,34.027810499126105
train,68.0,60.046597097520525
train,18.0,31.398819716762276
train,18.0,19.290186347712112
train,38.0,34.72309663082399
train,61.0,61.75599572320134
train,44.0,39.50197111042376
train,24.0,22.773678367521434
train,44.0,43.214168969208956
train,54.0,34.70608210454771
train,48.0,55.883119655308974
train,50.0,53.7350381246064
train,44.0,41.56569874959669
train,50.0,50.060216014989045
train,15.0,33.51127946253123
train,48.0,55.01754348448428
train,44.0,46.30795460630519
train,24.0,30.775668875184333
train,44.0,46.08355496728446
train,46.0,48.080818317554716
train,50.0,45.8578755925153
train,15.0,26.8777939642205
train,56.0,51.61442278704288
train,18.0,32.37152735844536
train,34.0,36.12525164142321
train,15.0,28.642244050146026
train,18.0,44.478662360850834
train,52.0,51.01784528222016
train,68.0,59.022542918672656
train,48.0,51.79957215727073
train,38.0,43.13843578567901
train,56.0,53.019204681676364
train,63.0,50.047592088131886
train,30.0,36.797137619415295
train,18.0,52.529350392871166
train,54.0,61.78351815215733
train,38.0,37.2740261438103
train,61.0,58.488551503453024
train,44.0,48.37969760925705
train,24.0,23.671055822074386
train,63.0,48.21501428144633
train,63.0,49.77382023710053
train,24.0,28.35206624638756
train,18.0,31.663478462705832
train,48.0,54.76708679507263
train,38.0,46.39937914398221
train,24.0,22.14574326421188
train,42.0,38.617991845077924
train,56.0,50.94813947824253
train,56.0,53.80558454548332
train,18.0,22.204020925162407
train,63.0,51.40532049054941
train,61.0,60.38032669058333
train,42.0,46.53674457519817
train,30.0,50.677438018757954
train,63.0,52.3764968119518
train,61.0,60.75449430752808
train,15.0,21.76220714898318
train,56.0,55.783144165501724
train,50.0,55.98369656194404
train,15.0,21.070219175205327
train,44.0,45.11094262393195
train,56.0,52.10923539537036
train,15.0,34.818777715185725
train,54.0,61.32722926980347
train,68.0,62.516459872677856
train,68.0,58.77551299965301
train,59.0,36.087949285426774
train,18.0,17.07673223487285
train,68.0,56.98065397331584
train,59.0,61.36362180604879
train,15.0,26.73930548401004
train,63.0,48.576574150182196
train,36.0,48.065109808810654
train,59.0,58.285877654384336
train,24.0,27.872318609881912
train,24.0,17.912924390452023
train,30.0,40.9440412105393
train,50.0,53.500792827282616
train,68.0,47.89206709338973
train,44.0,43.63542223027856
train,68.0,58.93782986609987
train,68.0,56.79497110842136
train,54.0,58.08940853436158
train,24.0,24.238851170486704
train,50.0,51.75742777286312
train,61.0,59.461172073731035
train,68.0,60.73171902156146
train,61.0,59.04539339979961
train,48.0,53.55830611553425
train,63.0,51.466874086875926
train,42.0,37.03974719070409
train,59.0,58.09109834762525
train,46.0,39.54274059763949
train,68.0,57.11949542560134
train,38.0,33.56839524934338
train,40.0,43.90326316138579
train,30.0,34.84420216977624
train,44.0,45.13444174924503
train,44.0,44.954219796482704
train,36.0,48.86110336553475
train,63.0,48.255110247176944
train,18.0,17.774866314984465
train,61.0,58.02012851892601
train,56.0,51.057041325846846
train,68.0,59.61427942935909
train,59.0,58.96154117904735
train,36.0,31.08123505031788
train,54.0,63.65852494547512
train,63.0,49.83709171506096
train,44.0,42.59676729118422
train,24.0,21.00937611105771
train,50.0,47.67697765923905
train,48.0,53.213381387337726
train,52.0,55.32016086425859
train,52.0,57.76189066234937
train,24.0,26.19210771210614
train,34.0,29.78541838914467
train,38.0,36.26013665964359
train,61.0,57.26774870477711
train,54.0,60.31302791299732
train,46.0,47.1058204324068
train,59.0,60.085572540692205
train,59.0,56.75059652773351
train,61.0,57.83005029625186
train,44.0,51.02721449187241
train,59.0,61.27049750200091
train,18.0,21.75543270874158
train,59.0,44.1019471925601
train,38.0,35.02550337927711
train,54.0,64.25645688062139
train,38.0,33.549763535797496
train,24.0,22.77608909298849
train,59.0,57.37842900709389
train,61.0,57.45766367036422
train,61.0,58.07788230540478
train,52.0,55.378686210350665
train,59.0,45.43437947234997
train,56.0,59.611653699899215
train,50.0,59.08657726171764
train,40.0,42.04167716838212
train,30.0,29.361678255370137
train,56.0,45.29255909782428
train,52.0,52.007590712147135
train,24.0,21.267252730759157
train,18.0,36.41987680337749
train,18.0,18.57651414605101
train,36.0,23.172483300469807
train,50.0,49.19424421667988
train,24.0,22.814440420643948
train,24.0,18.626063064695142
train,15.0,34.927940226984056
train,15.0,29.098411878765766
train,54.0,60.892439165070705
train,61.0,48.833719790793495
train,54.0,52.779315577473795
train,59.0,62.019034116156725
train,24.0,23.9651370619254
train,18.0,21.763651809848753
train,30.0,42.62163390355428
train,38.0,47.241114925728105
train,36.0,28.27436023489269
train,15.0,32.34337170492516
train,61.0,57.52374963054109
train,44.0,41.01857421352093
train,50.0,50.88151623197426
train,34.0,36.27240376718041
train,50.0,56.70213896632702
train,36.0,35.29125658238735
train,59.0,29.18371463791444
train,38.0,31.932807718785327
train,59.0,61.51065951691129
train,63.0,51.04313399155591
train,34.0,31.321100924118333
train,40.0,44.468425985349675
train,63.0,53.22762915206534
train,59.0,44.09358884846894
train,50.0,55.78164259746862
train,50.0,49.667873185631365
train,15.0,28.278269874884522
train,52.0,49.52697800020361
train,56.0,52.3640573573681
train,24.0,18.936814761615295
train,42.0,39.546606721009795
train,15.0,23.008590773322847
train,63.0,51.28942635165818
train,24.0,22.27118614094124
train,44.0,44.298734240877835
train,56.0,35.987002937438845
train,42.0,20.474513566480585
train,24.0,29.253339260552394
train,36.0,29.64893891344771
train,44.0,41.25632295158591
train,34.0,33.823692524156954
train,59.0,62.118782225428625
train,52.0,54.6685558454208
train,59.0,57.04113880509427
train,61.0,57.571106699938326
train,46.0,48.71173539567179
train,24.0,24.149026580935686
train,24.0,24.107452275565056
train,61.0,59.04899738259834
train,38.0,46.37305023932145
train,42.0,41.379788554676345
train,48.0,52.78294111758957
train,46.0,44.61085177369234
train,24.0,24.91169076307241
train,54.0,58.540381459334135
train,30.0,38.884299237522285
train,30.0,38.31157208551672
train,50.0,45.248835199852266
train,38.0,49.184313249639274
train,63.0,49.269323983814544
train,36.0,27.85658496709289
train,44.0,43.093044062205934
train,68.0,60.161685241537
train,50.0,50.467805278022944
train,48.0,55.60522388006673
train,44.0,40.725687072369375
train,56.0,46.86685927196203
train,63.0,47.66658226523337
train,54.0,60.47423055906606
train,54.0,61.33814314155526
train,34.0,31.686836576263097
train,38.0,34.53501507153862
train,30.0,38.76572973041377
train,52.0,47.488540384916966
train,48.0,50.19696519978217
train,61.0,59.118803251970206
train,18.0,22.953639524741483
train,34.0,34.73170685485925
train,34.0,32.332043048302346
train,24.0,26.90092936617209
train,40.0,35.4712330609716
train,50.0,54.19619172100739
train,46.0,46.71739024769013
train,15.0,33.41605311853302
train,15.0,27.467603264027478
train,36.0,49.24271108319336
train,24.0,22.623946387531312
train,18.0,22.43952921445178
train,30.0,35.956359519342236
train,30.0,40.576902479884886
train,48.0,44.6140097412572
train,15.0,33.85252267558848
train,38.0,34.32758896579701
train,24.0,25.787950876102823
train,63.0,45.87928295520174
train,44.0,39.89865097444971
train,42.0,44.82404415210889
train,54.0,62.546356686149
train,42.0,45.50556975237748
train,44.0,51.504852730443865
train,52.0,53.686658550711954
train,30.0,35.297905822191396
train,50.0,43.36750891434054
train,24.0,18.57821938626491
train,63.0,51.4960773697252
train,44.0,50.41015612768953
train,24.0,26.398173148824814
train,54.0,59.568087560891584
train,44.0,43.32556903679999
train,46.0,45.38254140688674
train,24.0,29.39687230431469
train,50.0,49.66662738530034
train,42.0,42.26432362106871
train,15.0,28.913567571969644
train,24.0,20.48569369816372
train,38.0,33.567170656918464
train,36.0,38.604504303837984
train,61.0,58.67990926495645
train,30.0,40.07378067841538
train,50.0,51.88387336374552
train,61.0,57.28208135900263
train,44.0,39.06190969301469
train,24.0,24.25935702920858
train,30.0,35.73399075050493
train,34.0,40.49916473308573
train,24.0,25.016712304832936
train,50.0,52.913915780517726
train,52.0,53.88165014124963
train,18.0,17.291764077816413
train,63.0,45.06031437339085
train,56.0,53.64407888239055
train,59.0,59.880960012638674
train,59.0,58.94254952546554
train,30.0,38.36038594970237
train,44.0,41.46210038028969
train,46.0,50.18684992936229
train,48.0,52.21965705193552
train,52.0,50.05929552458213
train,68.0,52.81434723279164
train,52.0,52.8459501314488
train,59.0,43.390643809890754
train,18.0,20.80319064360892
train,63.0,48.150937980471454
train,15.0,21.77023090813273
train,61.0,60.51539293945949
train,54.0,62.75272364582539
train,24.0,16.876482844419375
train,30.0,44.91023896264009
train,46.0,42.207918843772106
train,36.0,38.985693562666206
train,18.0,40.76167037815687
train,40.0,44.702330483301324
train,52.0,52.31528129345896
train,18.0,18.061250893009216
train,54.0,61.932221840606836
train,15.0,30.353657755882676
train,48.0,38.34776000636119
train,30.0,39.98229860599063
train,44.0,43.67621350376504
train,38.0,31.312154262193808
train,63.0,49.57954540310588
train,24.0,28.338771594038327
train,48.0,48.591326025889686
train,63.0,52.39364925561753
train,48.0,53.043493815311095
train,59.0,58.45544328885144
train,54.0,58.92459511270584
train,56.0,53.77294266965527
train,36.0,29.289961751287713
train,44.0,41.24989318674936
train,59.0,60.42238230448906
train,52.0,50.86952870517337
train,34.0,31.49851630186193
train,52.0,48.95473208756703
train,56.0,54.168088474894866
train,24.0,21.146125738712374
train,34.0,28.3044190095466
train,59.0,62.50338216475572
train,48.0,52.30485043920257
train,52.0,53.1647545207891
train,50.0,54.04970534756952
train,63.0,47.10423111953507
train,68.0,55.63309205398789
train,34.0,35.702831787299104
train,50.0,51.38947017194819
train,50.0,53.500448862627714
train,50.0,52.597080661246
train,63.0,49.76051539680248
train,48.0,53.923578122499954
train,56.0,52.081355665562
train,68.0,40.38649527341264
train,24.0,49.78024489183822
train,50.0,50.045729048828456
train,42.0,29.11132956086559
train,30.0,36.56058917960936
train,24.0,24.790294396994444
train,61.0,50.85269299995046
train,34.0,47.07002400297562
train,52.0,39.84283208432569
train,68.0,59.75978743672116
train,42.0,47.93448387872155
train,15.0,30.71295418897683
train,63.0,46.21148171658331
train,63.0,52.37906310442885
train,63.0,55.406030911046756
train,44.0,43.6932263034289
train,48.0,52.53151239160118
train,50.0,51.165575945382926
train,61.0,56.32062046763774
train,63.0,44.87663209792457
train,34.0,36.37958760040428
train,61.0,43.76491074700246
train,38.0,28.92211981863653
train,59.0,48.79462956912865
train,48.0,48.368629286188266
train,18.0,39.42879150133042
train,46.0,40.5734983093519
train,24.0,14.714303960402887
train,63.0,62.14145806659675
train,42.0,46.74273002922795
train,54.0,57.65151197246696
train,52.0,53.19417291479361
train,50.0,48.11089553396323
train,59.0,31.60638975120374
train,63.0,51.41007009458016
train,44.0,41.90013177691034
train,50.0,45.21656430098566
train,15.0,25.47707457070792
train,52.0,51.963903091890714
train,42.0,29.421010465603935
train,38.0,33.914295740822865
train,48.0,56.175080037079404
train,63.0,49.16114252531384
train,52.0,53.8099214244686
train,50.0,46.47964789702373
train,48.0,56.549100300296516
train,44.0,38.708496199215936
train,34.0,39.42057152320257
train,18.0,16.781362120302923
train,63.0,50.994586759580855
train,61.0,59.23010529715199
train,44.0,45.58189421475339
train,44.0,39.85917545439967
train,44.0,41.58839602777557
train,59.0,58.89898867577915
train,38.0,34.2870489306045
train,59.0,61.542294166578515
train,15.0,31.29753388771448
train,38.0,32.49727140991457
train,52.0,53.737547318613764
train,24.0,20.8846302485993
train,34.0,43.16976261705185
train,24.0,20.811962368516742
train,50.0,37.7158876969373
train,44.0,39.61577036755039
train,36.0,46.86891890234971
train,61.0,60.15864579307554
train,42.0,47.425405537497035
train,52.0,53.13062282401522
train,48.0,56.72556061570269
train,54.0,46.80406442630523
train,38.0,34.468090635862
train,68.0,57.349015250291565
train,24.0,24.37686575438721
train,24.0,27.76755163720833
train,50.0,39.85412979117649
train,24.0,21.843096181096442
train,61.0,53.7683482901076
train,48.0,49.0667752181839
train,30.0,37.91649777807962
train,24.0,23.632204401371943
train,44.0,43.55257457518247
train,46.0,53.720724015977105
train,24.0,21.087722919692013
train,36.0,24.57580821871442
train,50.0,46.65176015773568
train,59.0,58.94446726812291
train,38.0,43.94186536305677
train,18.0,32.89546468305395
train,59.0,57.79985353929243
train,44.0,43.76771811089075
train,56.0,56.38679598399196
train,59.0,44.58427595267464
train,15.0,25.138046584467233
train,46.0,42.42502392854391
train,50.0,44.82811337579373
train,30.0,31.78289621063332
train,24.0,24.704932881183595
train,40.0,50.0052377267503
train,48.0,52.053847331646026
train,54.0,61.813443651688004
train,50.0,53.0092329357973
train,42.0,43.09639860737172
train,18.0,22.436945078765792
train,34.0,33.89703447184767
train,61.0,59.40117118279417
train,44.0,42.62505275810261
train,54.0,63.22961291630334
train,40.0,43.6600838881519
train,48.0,51.498532066939866
train,63.0,50.13056884963599
train,24.0,21.547397219903285
train,50.0,54.615287507632075
train,59.0,42.04109709794074
train,24.0,28.625225389812623
train,30.0,39.99491293032192
train,44.0,46.78638979279258
train,48.0,54.38144376124678
train,30.0,39.56855903785033
train,46.0,50.94529094999091
train,61.0,58.82270115699139
train,68.0,57.37160411133915
train,44.0,44.64534130878086
train,44.0,47.32498382483808
train,15.0,33.385705008685335
train,50.0,42.20945858306011
train,54.0,42.19287903813151
train,68.0,58.57747630649665
train,63.0,49.292078176267054
train,15.0,29.70337527386537
train,24.0,25.554703952615707
train,18.0,51.03707992369411
train,63.0,52.59439297573607
train,30.0,37.99992307631019
train,46.0,50.34600048978034
train,44.0,46.13842048002271
train,54.0,62.56124186359858
train,36.0,16.546028667281416
train,38.0,36.49702827550969
train,40.0,44.18703448617182
train,24.0,22.696752354188817
train,40.0,43.786347025677806
train,30.0,43.25030419327437
train,40.0,46.003565402277836
train,30.0,38.82849040819613
train,50.0,50.201397101081966
train,68.0,59.94437579571516
train,48.0,51.6893658282526
train,59.0,58.777449959554765
train,63.0,49.667357864206004
train,30.0,38.2553531826641
train,68.0,58.17098487419837
train,15.0,32.87781456122587
train,24.0,28.641932885912254
train,46.0,51.08223732602879
train,24.0,23.731009925188772
train,42.0,42.92995672416849
train,46.0,50.74993562575009
train,59.0,46.16033417185467
train,30.0,35.36047281779619
train,24.0,21.191895197005152
train,24.0,22.83395532604536
train,30.0,38.38687712350789
train,68.0,58.214088253725876
train,40.0,46.719742382828535
train,24.0,21.366197896887684
train,61.0,59.36695960482832
train,18.0,32.47465084137235
train,52.0,55.013001354959385
train,38.0,32.794444691727676
train,34.0,43.51853131816264
train,34.0,44.78353752762915
train,18.0,20.807636959373223
train,48.0,51.28521822515024
train,24.0,25.421456458733445
train,56.0,55.20546204152067
train,68.0,60.7822617382719
train,50.0,55.48602821295129
train,15.0,29.015709897825865
train,42.0,42.37931838702774
train,59.0,59.55311483566999
train,34.0,31.83490753530929
train,15.0,27.55149411395037
train,54.0,36.9795875152787
train,56.0,52.96151595601504
train,34.0,29.675585430491324
train,46.0,37.80682670474123
train,52.0,56.029742650114805
train,34.0,32.70945953534063
train,24.0,19.332994773058296
train,46.0,47.92286155563304
train,48.0,51.78541186020168
train,54.0,62.31436352047376
train,68.0,60.14452626565122
train,50.0,53.032554376441816
train,56.0,55.0178488276936
train,30.0,44.01028732146304
train,63.0,49.81461726285333
train,24.0,22.060677506579257
train,56.0,50.95936918074803
train,46.0,45.65822653814084
train,34.0,46.226600406943206
train,18.0,21.795511860234477
train,61.0,57.22884995072674
train,59.0,56.884552374735506
train,63.0,42.47138996961314
train,24.0,21.820425333939568
train,24.0,23.879344728125275
train,59.0,57.09707835344523
train,24.0,20.949415495305583
train,63.0,50.22135146984864
train,48.0,52.22830866999004
train,50.0,52.5754451720291
train,24.0,22.908353741452206
train,50.0,53.56821429578433
train,52.0,53.396979448394944
train,30.0,42.770398089694446
train,59.0,45.36268723506696
train,42.0,40.434231883975464
train,24.0,27.948604702403248
train,59.0,63.01516003632632
train,34.0,45.24495595530948
train,56.0,55.37161707634133
train,50.0,57.1018612949485
train,61.0,59.94292555712083
train,24.0,22.384615834141513
train,24.0,23.383279110917968
train,34.0,34.91619307323764
train,54.0,57.51009760685817
train,50.0,49.070016978754204
train,54.0,60.73689149561852
train,54.0,62.85557772375506
train,30.0,35.164132547059964
train,63.0,48.34567509341685
train,54.0,43.268555320519624
train,50.0,39.98253529671936
train,48.0,51.11059286997882
train,46.0,47.403781022388976
train,38.0,37.35864516920744
train,48.0,54.48644108270588
train,15.0,50.785449211607975
train,18.0,19.20711821020866
train,34.0,35.07193611287381
train,36.0,34.97488202180396
train,30.0,39.58274062463778
train,18.0,22.207656653198
train,56.0,53.8958929372732
train,63.0,45.35955520011215
train,50.0,57.19831336926804
train,50.0,49.10654870512712
train,63.0,51.786687101575374
train,15.0,28.840996835883367
train,68.0,58.41917003647487
train,24.0,24.239168297916905
train,40.0,43.45643385720128
train,61.0,57.3171342039397
train,24.0,27.67092439967559
train,38.0,29.7599667580835
train,30.0,39.19335804023537
train,54.0,62.631575025500645
train,63.0,47.816603331982265
train,52.0,46.9571133218671
train,34.0,36.45336625014349
train,44.0,37.70799346379435
train,42.0,40.77304055205766
train,54.0,61.67924645504583
train,30.0,34.99468479086347
train,24.0,21.360875876631965
train,54.0,61.44184028927128
train,40.0,42.29448182795406
train,15.0,33.51768930449475
train,18.0,32.654995057622656
train,52.0,53.60134433047074
train,50.0,56.523148130716365
train,36.0,26.659672539117754
train,52.0,56.49693708065901
train,48.0,48.675939612329046
train,56.0,56.03111446321002
train,52.0,49.557820557488135
train,54.0,63.332655335384146
train,54.0,61.48722262373951
train,50.0,52.60554285563164
train,56.0,54.45183027115352
train,38.0,45.761227014803616
train,30.0,45.30456330811562
train,54.0,55.99817711369981
train,50.0,54.966011809648485
train,46.0,45.4503003263584
train,24.0,21.997258989435508
train,52.0,49.683115280526266
train,34.0,34.06191179457615
train,56.0,55.92784186783905
train,24.0,22.248460784410835
train,63.0,49.55153820388188
train,54.0,63.51784185330029
train,48.0,56.14143681819274
train,52.0,39.54049270744718
train,15.0,31.88680128908631
train,24.0,17.472149103009958
train,52.0,52.73921865683958
train,18.0,61.80631367675898
train,46.0,47.479832240727774
train,63.0,50.40627151629975
train,24.0,22.924918564815602
train,36.0,30.14413104110261
train,18.0,60.86816702002474
train,63.0,52.907278221261336
train,52.0,56.49464492689759
train,34.0,33.611853633060676
train,59.0,59.047776750812744
train,30.0,37.34826473872968
train,42.0,38.10244710145494
train,50.0,51.58572100200024
train,40.0,45.52494065326267
train,24.0,19.048048129728247
train,24.0,25.901848096495737
train,42.0,50.753993510744436
train,38.0,42.79697347341632
train,38.0,46.641978349569804
train,56.0,56.63058266226325
train,63.0,53.77629274925857
train,54.0,60.79279567887632
train,63.0,51.898687634538994
train,48.0,50.014579779258156
train,24.0,26.112735256196636
train,24.0,27.624504994833856
train,36.0,45.06706748919789
train,44.0,44.25860199504578
train,18.0,20.533679880468
train,54.0,54.01983242946351
train,52.0,39.267438377228764
train,61.0,58.83928054714069
train,52.0,42.45041800330536
train,38.0,35.70998612087246
train,68.0,56.6904263163928
train,61.0,59.33772022679927
train,18.0,20.788609738781954
train,59.0,61.7811417956606
train,44.0,42.02282589237475
train,63.0,52.72183937246711
train,68.0,46.47822082370664
train,18.0,17.70909670553434
train,54.0,61.21929856231138
train,50.0,49.76487473199483
train,42.0,41.1771417996109
train,36.0,28.47485605845121
train,56.0,53.93549140217996
train,52.0,53.78188946608971
train,61.0,56.833399550263444
train,61.0,37.019611511631254
train,46.0,48.46092904279558
train,54.0,57.62978775025494
train,24.0,22.000126584848843
train,15.0,27.452509555863
train,63.0,36.3996383255097
train,50.0,36.553074184692655
train,63.0,50.39072463560288
train,50.0,44.90326524603758
train,46.0,49.964384705274355
train,46.0,49.00518823444461
train,34.0,35.604239728931574
train,34.0,31.570335983350112
train,48.0,52.913772102411336
train,48.0,48.612621087452666
train,40.0,43.66636172553021
train,30.0,32.52631027193421
train,50.0,53.93488352801653
train,56.0,57.44425950582739
train,63.0,53.22487607365121
train,68.0,56.40912244774203
train,68.0,59.2135581740171
train,68.0,55.44408339545441
train,50.0,52.419081776166315
train,54.0,59.98987542142233
train,42.0,57.25189213492721
train,61.0,55.917554839312295
train,63.0,48.30815299477903
train,63.0,50.198654123688435
train,18.0,21.644043209324792
train,59.0,60.16677960942266
train,34.0,33.50298424175829
train,50.0,52.30934551907497
train,48.0,54.85620498775383
train,34.0,37.905999002438776
train,56.0,57.01245649340086
train,15.0,31.526827477997898
train,68.0,57.98049987774671
train,56.0,50.28459089053102
train,61.0,56.31407649932831
train,44.0,45.14464383812182
train,44.0,44.25039061441423
train,44.0,40.216135033705605
train,59.0,61.34977561771149
train,56.0,52.99096596087686
train,54.0,61.3471009045783
train,59.0,55.245760497308694
train,36.0,44.58421310175252
train,54.0,59.86057730757557
train,36.0,24.544707458179584
train,30.0,35.41739432311033
train,15.0,21.128703912719065
train,52.0,51.38042236316727
train,68.0,57.76493702792766
train,56.0,56.940555511624325
train,46.0,46.70016118878137
train,61.0,60.01014217072956
train,59.0,44.49387454626167
train,30.0,38.47021098453908
train,50.0,45.64227977685432
train,46.0,48.678925856640845
train,52.0,38.71687264101553
train,34.0,35.757065212938805
train,44.0,44.585026996067455
train,56.0,51.61353155275146
train,24.0,19.550364257178828
train,68.0,59.781865178804914
train,46.0,47.19258829184377
train,68.0,29.6858695717506
train,50.0,56.43047588779868
train,30.0,34.59290752462546
train,34.0,33.308683071504845
train,36.0,27.436675193527613
train,46.0,47.99544386103942
train,24.0,23.20305132884562
train,50.0,56.8271280452273
train,63.0,51.979327397463
train,30.0,41.33816413907557
train,15.0,49.03675865602118
train,61.0,58.56184053797675
train,42.0,38.40260852592884
train,40.0,31.74663810034339
train,59.0,60.28755132349213
train,30.0,37.35465408746868
train,38.0,45.46303119312139
train,34.0,31.408782641476893
train,68.0,59.12211085478899
train,50.0,47.72152308891249
train,50.0,51.95906269799118
train,34.0,38.3931701292372
train,63.0,56.58911814226814
train,61.0,57.53858166008193
train,54.0,61.325853639625024
train,68.0,58.70593438317552
train,63.0,48.37506283699705
train,61.0,57.147257793315966
train,54.0,61.680728632214134
train,56.0,55.17840356465556
train,24.0,21.617591586081833
train,36.0,32.66077430691275
train,18.0,18.585103350060773
train,15.0,32.21288884626421
train,38.0,36.28200636677468
train,38.0,37.36031679489558
train,18.0,42.57777113521249
train,46.0,55.20939616261269
train,18.0,27.232405275131573
train,30.0,36.36526026577981
train,30.0,36.410071155984724
train,50.0,51.53786677204852
train,24.0,25.987992311380154
train,15.0,28.216439069415546
train,48.0,50.860757032976636
train,34.0,33.20913030787713
train,52.0,55.78582241878452
train,61.0,53.113877481254605
train,48.0,53.30789600097402
train,15.0,24.87603386373743
train,18.0,46.570600021385744
train,24.0,27.958577186734367
train,30.0,42.93866848758856
train,24.0,24.588347153897
train,42.0,38.8287182301065
train,52.0,51.399438177321166
train,30.0,35.24394150717846
train,68.0,41.1305549455238
train,61.0,57.96122567005841
train,40.0,48.294839958587154
train,38.0,44.275990297587576
train,44.0,42.04137761114145
train,61.0,60.11318453296232
train,42.0,30.686655394272105
train,30.0,39.44994710676216
train,24.0,26.049194989376044
train,48.0,54.09997433459928
train,24.0,27.383955485804805
train,36.0,26.60204263875061
train,15.0,28.663862661219497
train,50.0,50.8251269425992
train,38.0,41.28665489264124
train,38.0,34.64808587674476
train,24.0,25.63986606371387
train,34.0,34.44944391734054
train,50.0,53.66002679600532
train,48.0,53.463599334773754
train,18.0,18.030385637794613
train,63.0,53.27400102299193
train,52.0,56.39912234550145
train,15.0,22.947690475591312
train,24.0,27.751274401668425
train,42.0,47.909280550555444
train,54.0,61.77312724900423
train,63.0,48.10674256858932
train,59.0,43.69076452616684
train,24.0,21.92371471430948
train,56.0,54.33508410712631
train,40.0,41.53182137487623
train,18.0,20.74361465736424
train,40.0,43.016454892115775
train,59.0,61.08858298799585
train,30.0,39.08920927028394
train,38.0,37.34739534432813
train,48.0,53.1113954183598
train,54.0,64.62171268392366
train,44.0,42.026118797154176
train,56.0,51.88908637704722
train,18.0,22.490798368744013
train,18.0,24.25415920266414
train,46.0,48.1574544871525
train,30.0,42.20492609451123
train,24.0,24.858087536844284
train,24.0,23.28217711403439
train,34.0,36.00136240614
train,50.0,51.373317810605585
train,46.0,44.078811794966335
train,52.0,46.798462377916984
train,40.0,40.873581976980184
train,50.0,38.673912831375716
train,15.0,27.330759017002293
train,18.0,22.174851492561867
train,61.0,56.68778334437958
train,38.0,36.07177815879285
train,52.0,53.910033910633
train,18.0,29.130761569976197
train,52.0,53.1339183042149
train,48.0,37.66873289613727
train,38.0,39.04874445053007
train,50.0,41.45370544570751
train,38.0,35.56948148800049
train,18.0,25.060318900347582
train,34.0,34.41661285376544
train,30.0,38.83308613771916
train,63.0,46.0540471767007
train,61.0,59.61792619052104
train,61.0,58.870417246321985
train,56.0,50.0144402070011
train,15.0,45.190080573670336
train,30.0,37.709432476222005
train,24.0,24.196655476466418
train,30.0,38.1449266765651
train,46.0,51.425066508060006
train,44.0,45.33358135309884
train,61.0,57.57029352044056
train,63.0,51.106065481050834
train,48.0,41.168615657359396
train,48.0,51.81254673549324
train,36.0,21.87681919321941
train,52.0,51.72318091465369
train,30.0,35.76382720871
train,63.0,50.03251156416637
train,59.0,54.63950716391691
train,50.0,52.655737871255354
train,44.0,45.973636349632926
train,61.0,61.004870928442045
train,34.0,34.702224871150975
train,52.0,54.420070886839305
train,24.0,21.6344126570487
train,38.0,32.38643401982263
train,48.0,49.78640120271181
train,18.0,19.651937990242345
train,50.0,57.146897667706924
train,68.0,38.066325506498515
train,59.0,59.10788032738678
train,24.0,29.65048649227321
train,18.0,54.762801663620166
train,54.0,59.621531466221896
train,48.0,52.29556419757128
train,48.0,55.08305384578267
train,63.0,50.75098862132043
train,52.0,51.94891222593725
train,30.0,54.301753552963746
train,40.0,42.33640850272313
train,24.0,22.384260843628354
train,63.0,45.690661319062514
train,44.0,38.635786943886444
train,36.0,38.223449603289836
train,38.0,38.0680496314416
train,42.0,35.90887151465005
train,63.0,52.43984537027155
train,61.0,56.230014715400735
train,68.0,59.81550274463398
train,42.0,45.570702705064555
train,24.0,22.172968486007992
train,68.0,57.21522468151585
train,30.0,45.24004806446373
train,38.0,31.444909419338785
train,15.0,32.033279698325465
train,68.0,60.099045617773356
train,56.0,53.92629946118893
train,63.0,49.41035294031938
train,36.0,47.213854124195066
train,44.0,43.8684400943772
train,54.0,61.11104852184375
train,15.0,38.28345697177078
train,54.0,63.26323027076158
train,68.0,62.04735611102773
train,63.0,49.978474426295
train,36.0,45.748795030110855
train,44.0,42.60586315281815
train,63.0,53.906347121626546
train,63.0,50.60141516925795
train,52.0,51.558500634680726
train,50.0,50.18388358658817
train,61.0,59.49583954506413
train,56.0,56.29912398331862
train,24.0,21.0225225007329
train,50.0,50.459290439185665
train,24.0,22.257474754519624
train,44.0,45.216860711299326
train,56.0,51.602041630667145
train,15.0,33.878506180709934
train,38.0,42.8074110545769
train,44.0,47.84004699341127
train,50.0,51.882084288050216
train,56.0,49.613681635157775
train,59.0,55.91328974150368
train,46.0,46.70350154030411
train,40.0,43.447712226332165
train,30.0,36.99211099121471
train,63.0,51.2676458227633
train,59.0,36.82298236741207
train,42.0,40.5549531937045
train,44.0,50.48994639563615
train,44.0,42.19640633436206
train,50.0,46.96058175849026
train,24.0,19.461135644693645
train,48.0,50.387693662595225
train,56.0,55.63595686476066
train,61.0,54.82016752817752
train,15.0,29.546665591476334
train,56.0,53.74165856104645
train,38.0,35.42519913636045
train,54.0,51.28268062007217
train,61.0,59.87442182420014
train,34.0,28.84025055293631
train,52.0,49.76633519270869
train,59.0,50.620361604548435
train,34.0,42.59708369792176
train,15.0,31.524715535082223
train,63.0,45.609187149576215
train,18.0,18.208097403101235
train,61.0,58.99380021650886
train,18.0,26.9696327509648
train,42.0,40.07030605455785
train,15.0,28.759832733879232
train,18.0,21.68490593507784
train,40.0,43.620548829617064
train,15.0,34.50615877033856
train,61.0,59.984200754727446
train,18.0,17.879522860103545
train,48.0,53.88924994354491
train,15.0,29.570102608197775
train,68.0,58.62077409763474
train,61.0,60.843281796905586
train,61.0,58.96167099846274
train,15.0,46.584062354693465
train,50.0,38.82610474275708
train,50.0,53.5858978833662
train,50.0,49.28867492585853
train,54.0,61.746433964510885
train,50.0,43.6571197559688
train,46.0,50.414629094138
train,50.0,51.45937198247805
train,24.0,20.895405390530573
train,30.0,34.9154432047744
train,36.0,27.803677861426046
train,48.0,53.69712198732563
train,24.0,23.683406648608138
train,50.0,44.42863176903418
train,59.0,61.00061360656029
train,24.0,23.921989139276732
train,52.0,52.4319330151684
train,46.0,47.92053341860867
train,40.0,48.46325226977653
train,48.0,55.46705879662715
train,24.0,22.035365264422357
train,61.0,56.37032723004162
train,50.0,46.36890910626933
train,52.0,56.92956282425729
train,50.0,50.34013462480386
train,40.0,43.97362781470485
train,18.0,26.076506793665235
train,30.0,41.93213616386731
train,15.0,31.575144176839235
train,42.0,43.38644995800527
train,46.0,51.55670791579434
train,46.0,53.678566976998866
train,54.0,63.55008292398767
train,56.0,47.64788041149464
train,59.0,58.49892366942738
train,46.0,47.51136328466969
train,30.0,45.33797622365309
train,63.0,49.636588938546474
train,52.0,50.65021584852128
train,48.0,41.198045579886276
train,52.0,52.87379542645341
train,63.0,46.29135271879328
train,24.0,22.08283314068259
train,24.0,21.10074540833641
train,48.0,52.209450141073816
train,68.0,57.18709653765393
train,42.0,23.584341299445864
train,54.0,47.17831070878031
train,50.0,49.063150642499146
train,34.0,46.23785257284017
train,24.0,27.72885019165982
train,46.0,49.351372207379505
train,44.0,43.56589397569435
train,44.0,40.68960011289197
train,68.0,58.67016296860875
train,50.0,46.760377353855276
train,42.0,31.888578065516754
train,36.0,14.085546676465704
train,56.0,58.11238841861925
train,56.0,53.419511371037196
train,59.0,30.04437619908667
train,54.0,50.66394083399671
train,42.0,40.445868837445374
train,24.0,28.323932794923348
train,24.0,25.872478330899433
train,18.0,20.256441832398647
train,63.0,49.361687547790716
train,24.0,25.195097608503474
train,18.0,28.26266968032249
train,61.0,57.64965308553886
train,48.0,55.11038444981111
train,68.0,59.52662622009911
train,68.0,56.740654966461264
train,63.0,58.748460438845015
train,48.0,53.50216526895554
train,18.0,30.408971602198065
train,38.0,33.04411662329857
train,54.0,47.39070138907981
train,56.0,54.22351313540675
train,63.0,51.98112575097557
train,59.0,41.32385850210463
train,50.0,52.70376558439084
train,44.0,41.95139306892886
train,68.0,59.887949725219066
train,18.0,23.225296854853738
train,44.0,46.85336186418037
train,38.0,35.660023440578854
train,63.0,52.97833270610823
train,34.0,35.28133959383723
train,48.0,52.60304405928806
train,50.0,47.22466638464891
train,30.0,38.78288013295986
train,34.0,39.42205836445558
train,42.0,44.05912065212271
train,61.0,59.02147058445981
train,30.0,45.821971194349175
train,44.0,41.63122274743415
train,48.0,37.203233788814295
train,46.0,49.63082696847564
train,68.0,56.76907282533506
train,24.0,27.14063369203368
train,40.0,45.99210913010937
train,24.0,23.696662279748374
train,56.0,53.67287757450944
train,48.0,53.63687339246043
train,30.0,37.86741113761191
train,61.0,57.07773185418991
train,30.0,37.95484459766717
train,46.0,51.73519026927306
train,48.0,54.413063666599115
train,24.0,23.84583635111835
train,54.0,63.93223484866334
train,24.0,23.461353750322676
train,54.0,61.09814139121685
train,24.0,23.523763807205494
train,38.0,35.37440570916232
train,44.0,41.91087421675651
train,48.0,55.24372291347107
train,59.0,57.44263726423065
train,38.0,35.821240373015264
train,52.0,52.92421544695037
train,48.0,52.22519558550983
train,34.0,37.59750158824046
train,46.0,49.1966522989881
train,38.0,42.10352394840544
train,54.0,61.73622515339788
train,24.0,28.842634108065333
train,18.0,20.092167622722055
train,38.0,35.40151609865071
train,68.0,35.03283216847959
train,48.0,50.35360764834472
train,34.0,37.48335150504506
train,15.0,29.294086510609553
train,18.0,27.629466340677684
train,52.0,51.165640052430845
train,42.0,45.306282993626624
train,52.0,54.53231563628666
train,38.0,36.16350213688028
train,34.0,40.27955304850442
train,30.0,37.326956903501525
train,61.0,59.0189540179066
train,68.0,58.24835015579574
train,18.0,19.7152899190539
train,59.0,48.875039412337216
train,24.0,21.943623417804886
train,63.0,62.04206282460315
train,15.0,32.01182262641819
train,40.0,44.53792732188992
train,24.0,21.65299209935769
train,48.0,52.61345300546656
train,38.0,33.85818747334091
train,40.0,42.85562741029122
train,46.0,50.3499237098127
train,61.0,58.06404938918098
train,54.0,63.65711097634478
train,59.0,48.941861730625064
train,59.0,39.42428341056435
train,34.0,30.328099375766733
train,36.0,29.106644227344965
train,44.0,41.66334771409183
train,44.0,42.98221709187314
train,61.0,60.57510648657117
train,34.0,40.77348606991413
train,46.0,49.10709866585731
train,30.0,38.4570172176202
train,61.0,48.942272572316156
train,54.0,62.23059989743622
train,50.0,55.22691626182514
train,34.0,37.31884744952124
train,44.0,49.62206904575612
train,18.0,13.162477915998231
train,68.0,58.56361081985042
train,56.0,52.13565021156974
train,56.0,51.57990300731342
train,48.0,51.05068936514641
train,59.0,59.39121745069904
train,59.0,55.6282295429783
train,68.0,59.33474373401401
train,15.0,57.14113867186803
train,24.0,25.61536430373106
train,34.0,30.047421774037232
train,50.0,44.77820154096993
train,56.0,53.575862649662426
train,56.0,51.70937278114886
train,44.0,41.97812093807619
train,24.0,41.558385112500254
train,56.0,45.51172148381726
train,18.0,17.93363198960813
train,30.0,37.942853114518954
train,50.0,49.698013183816464
train,68.0,57.83067063059433
train,42.0,23.547127813187878
train,50.0,47.18779913480694
train,42.0,41.48805365026053
train,54.0,42.579858079354715
train,34.0,37.226638993213
train,34.0,31.63287019506359
train,24.0,22.009973634746206
train,24.0,20.924137035763017
train,63.0,49.108325616989035
train,36.0,46.696147744967625
train,24.0,24.267226691210432
train,56.0,55.90375200157686
train,15.0,27.51446241361596
train,46.0,48.327293216418845
train,46.0,50.48177745829972
train,63.0,29.567531802588
train,56.0,56.64753739435164
train,59.0,57.41892360205814
train,38.0,34.15682991998759
train,56.0,55.89302851381567
train,30.0,42.237280384674094
train,18.0,13.625890646885168
train,56.0,56.93339115877454
train,50.0,56.61037483415318
train,18.0,28.06300881566915
train,59.0,62.63854339773409
train,18.0,29.993656271381475
train,18.0,31.02346477941255
train,34.0,31.1480245071757
train,30.0,40.01504990199796
train,52.0,50.55291716607643
train,46.0,53.061977308951334
train,24.0,24.513057417336853
train,44.0,45.83189939067839
train,44.0,44.22253722530167
train,68.0,39.07670915250928
train,30.0,37.67262417070968
train,18.0,18.079745897640066
train,36.0,51.332500463193384
train,24.0,23.111892548267544
train,63.0,48.30982552488766
train,24.0,23.957662798367913
train,18.0,19.51148866353068
train,15.0,31.866524377307776
train,38.0,32.482241373271066
train,15.0,18.359861471868623
train,59.0,58.55995342074066
train,42.0,42.66098260807609
train,42.0,47.25170344823142
train,24.0,24.6835158301365
train,59.0,47.0260414658932
train,15.0,28.40605430721637
train,61.0,47.85978904553534
train,59.0,58.34761135669421
train,18.0,27.779425920301808
train,42.0,51.61590483578615
train,38.0,37.626781001101385
train,44.0,43.39784338670215
train,36.0,47.18445197524097
train,59.0,59.3236693945633
train,38.0,47.281377636836645
train,24.0,21.833481209936174
train,54.0,57.84335750399753
train,24.0,25.644848250865202
train,24.0,24.62202966523006
train,50.0,51.31996009749654
train,30.0,56.44824177933076
train,56.0,56.97875473662651
train,15.0,28.89471349395506
train,59.0,62.80193290068878
train,36.0,33.01271861105308
train,18.0,17.054109408604198
train,36.0,41.03588649582491
train,18.0,33.21376458236282
train,56.0,50.35656323375976
train,24.0,24.11088290367822
train,36.0,43.61741926405484
train,38.0,37.23258931869243
train,30.0,38.92444171038926
train,61.0,58.64838863135028
train,68.0,58.34525125624177
train,30.0,39.63007053740915
train,54.0,61.51775073853196
train,36.0,30.015496704415458
train,18.0,46.95069480205376
train,36.0,48.06913482895064
train,68.0,61.52468574939157
train,40.0,42.487938384006114
train,18.0,16.67902061561444
train,56.0,53.99815451728834
train,30.0,37.13866793278857
train,61.0,60.358141248485936
train,59.0,32.512990353443726
train,59.0,60.95391498251168
train,63.0,48.24237533194272
train,44.0,43.637413804165334
train,44.0,44.32631553020835
train,59.0,39.810608961139685
train,44.0,40.64422938495168
train,59.0,56.57112195056626
train,61.0,57.5749039080603
train,46.0,45.1812563353815
train,38.0,32.04675355944703
train,46.0,48.98355863191982
train,34.0,39.51346052074504
train,18.0,21.702432124668807
train,24.0,18.862770566328273
train,59.0,47.528549263784484
train,24.0,24.679890675436813
train,50.0,50.304917770515175
train,63.0,52.39192545765179
train,56.0,54.96498660811355
train,63.0,49.01669804872798
train,30.0,35.750325843483225
train,24.0,28.90872960512802
train,63.0,50.63605823594758
train,30.0,38.650018610969674
train,30.0,37.79796336570977
train,44.0,40.460836896453486
train,68.0,58.112732992435994
train,46.0,46.93534096042257
train,50.0,60.76612332721014
train,24.0,24.424815018677972
train,38.0,36.166067690084404
train,63.0,52.880649110398494
train,42.0,38.27424820093164
train,44.0,42.18621836582305
train,46.0,48.86681739918368
train,52.0,51.155703724635956
train,50.0,54.81982235556359
train,52.0,54.866736732096136
train,24.0,21.0526223555337
train,50.0,43.30033194311629
train,46.0,47.05426087348726
train,24.0,28.408348215787065
train,63.0,42.192291942754096
train,36.0,35.209726308880676
train,56.0,55.75265330544835
train,63.0,61.704134373383354
train,24.0,24.371628426691913
train,59.0,57.89358224936978
train,34.0,34.869871119742
train,34.0,42.63963893543366
train,54.0,62.383004143678164
train,56.0,43.55333510727022
train,46.0,48.79974575377199
train,36.0,29.203306368707786
train,63.0,46.072811027284025
train,34.0,34.267954653634696
train,63.0,51.24129791986192
train,15.0,30.572895493451576
train,34.0,34.96443000959201
train,24.0,25.284645618479473
train,61.0,50.86614132573988
train,44.0,41.69436654486606
train,52.0,51.18215232967954
train,59.0,60.90478081766771
train,50.0,49.19925988921693
train,36.0,42.308740434053
train,54.0,62.391039201555486
train,24.0,33.24960935303086
train,30.0,38.734576492478226
train,46.0,47.88873728621073
train,24.0,25.58907390358899
train,59.0,59.926544368577964
train,56.0,44.62644685245977
train,52.0,52.65384826911546
train,46.0,52.15381157493605
train,36.0,45.154756491114235
train,24.0,22.0469836000921
train,44.0,46.37375311209937
train,38.0,35.311613860516815
train,50.0,52.248060483998245
train,46.0,49.112581024448446
train,48.0,49.93535929972049
train,68.0,58.974059501471785
train,18.0,20.557790389730588
train,59.0,60.63697045800413
train,30.0,53.38498620200839
train,59.0,42.64893126473884
train,34.0,34.091452251041865
train,61.0,57.02614063362138
train,61.0,57.584091060637675
train,15.0,34.06632350961258
train,30.0,37.23115775038219
train,59.0,60.366821891903996
train,36.0,32.02707576646887
train,48.0,58.60492519417559
train,63.0,53.368360380291676
train,50.0,52.29287710317902
train,61.0,59.292996413768115
train,54.0,60.11995876449018
train,54.0,51.97143447006989
train,18.0,22.33660276427279
train,24.0,16.118645404947372
train,34.0,40.883300165059836
train,54.0,60.707151968212074
train,24.0,24.20557756044894
train,24.0,24.096108975016655
train,42.0,35.19215626954857
train,50.0,51.09843012366431
train,24.0,26.773143738527324
train,50.0,53.325560285086056
train,34.0,37.57434095836584
train,15.0,32.95753352319232
train,50.0,53.972295721212845
train,59.0,40.41502565898636
train,15.0,33.79561156469268
train,30.0,40.96357136207974
train,50.0,46.91095414734429
train,48.0,52.731031958932746
train,38.0,35.67279223059461
train,42.0,39.97098986596178
train,34.0,29.051743956745618
train,48.0,49.51590202792122
train,42.0,53.8612543124898
train,46.0,52.58376938914717
train,18.0,17.169102544415235
train,59.0,59.17261012601523
train,59.0,58.90843907519522
train,63.0,52.87284895814523
train,50.0,50.26130053783058
train,59.0,57.628494185440104
train,36.0,48.677704603417254
train,54.0,47.374692998278036
train,42.0,40.62591569137194
train,59.0,30.20751209196918
train,30.0,45.79757860013453
train,50.0,49.730260884456044
train,52.0,49.45564036019639
train,44.0,45.2469042892138
train,61.0,58.247452487007806
train,30.0,39.92175370090497
train,54.0,63.4660189344291
train,30.0,39.653969898001755
train,68.0,59.09487702163792
train,61.0,56.50959793128622
train,52.0,50.85050752670128
train,63.0,52.92270348880793
train,30.0,39.655000863006386
train,46.0,51.12119440086777
train,38.0,35.16045102947625
train,46.0,42.93932277997285
train,38.0,33.659850550075674
train,46.0,47.22920033866466
train,68.0,60.02905498296601
train,68.0,58.277234502416405
train,56.0,53.713018928739935
train,56.0,56.26426036912927
train,30.0,36.736215410775635
train,61.0,60.3730218806498
train,50.0,40.92107083954567
train,30.0,38.437996591911
train,61.0,59.801659600797706
train,46.0,56.01488410694089
train,15.0,32.08919377901248
train,34.0,37.23634026061313
train,50.0,53.936149077582385
train,36.0,28.183301029940147
train,18.0,19.600242707858534
train,54.0,61.9767023560474
train,46.0,47.64617315039729
train,36.0,29.238167364688152
train,24.0,24.003155646878735
train,61.0,59.30044127346916
train,54.0,59.591227276174706
train,52.0,52.80744873187618
train,63.0,24.527397038284484
train,48.0,53.73662644672565
train,63.0,46.66046775706968
train,63.0,50.62389148251506
train,54.0,59.860661441104924
train,18.0,50.843314630572664
train,24.0,20.857210367511943
train,63.0,49.293346851474766
train,44.0,42.566077135248925
train,30.0,37.562868102130565
train,61.0,58.35906728047786
train,18.0,19.216649275928994
train,52.0,55.63712280655311
train,18.0,22.688616128159207
train,24.0,22.575834899373135
train,50.0,56.46370326447719
train,52.0,56.86968297021627
train,24.0,24.405674076326584
train,50.0,45.38734021023789
train,18.0,27.352030675227596
train,15.0,23.862667779283857
train,48.0,40.978969847098696
train,63.0,53.062509232307406
train,44.0,43.929707506917474
train,59.0,62.06593633396503
train,46.0,49.74442218395003
train,18.0,48.525755692176546
train,63.0,50.22414735276469
train,38.0,50.36161947070111
train,63.0,51.51916092379287
train,68.0,60.5021498686896
train,15.0,30.94149074469186
train,15.0,25.222859058739154
train,38.0,38.09871966156512
train,18.0,18.97805472315817
train,30.0,44.74161898055496
train,24.0,22.20059503682703
train,40.0,42.812160736313125
train,18.0,17.960677255832117
train,30.0,34.91736239715678
train,15.0,30.29406769519828
train,54.0,35.94236482163748
train,48.0,50.66834681646279
train,56.0,59.09868725626647
train,50.0,54.53202077706959
train,15.0,30.667734981437413
train,38.0,34.91546067514912
train,48.0,50.35598738801714
train,44.0,44.07117049554911
train,36.0,28.944072346054398
train,48.0,54.55691088157516
train,63.0,48.71231324523968
train,15.0,26.57431789863141
train,44.0,43.249051838853
train,56.0,55.29286246493582
train,48.0,56.49223327803011
train,50.0,46.441690133054855
train,42.0,39.23614379196104
train,59.0,47.80114833980484
train,46.0,42.586491962320785
train,56.0,57.30808470535743
train,38.0,31.845912461976766
train,63.0,52.04890403177539
train,56.0,53.21940401614271
train,48.0,52.26611599762002
train,42.0,43.01941123891197
train,63.0,50.13883308274343
train,44.0,44.419242508884025
train,30.0,41.26941718657632
train,56.0,52.58805946479251
train,46.0,50.04679605006003
train,15.0,27.61721086434246
train,24.0,24.744773679543012
train,52.0,57.966660610520236
train,38.0,37.00361462663626
train,46.0,47.504649502839975
train,63.0,56.70521046017046
train,24.0,20.974851031880824
train,30.0,38.93968230052404
train,18.0,28.10428486179976
train,61.0,56.71441380238508
train,50.0,46.99278906639806
train,48.0,53.23234411973313
train,63.0,48.576175587483
train,30.0,38.7836194724428
train,15.0,34.014738905651434
train,24.0,28.026459877826014
train,68.0,56.433094613807235
train,24.0,21.654305081410005
train,56.0,51.68756817992454
train,34.0,31.444676803630895
train,48.0,54.339778146682505
train,61.0,58.48558397453784
train,42.0,41.11810431290871
train,61.0,57.19637835791565
train,15.0,44.71692076757819
train,40.0,43.129316866602586
train,15.0,30.210543847388116
train,48.0,51.71561433410687
train,24.0,25.877790911369676
train,52.0,54.29786396634283
train,54.0,60.577001625162175
train,36.0,19.560606655360196
train,56.0,50.84663682793534
train,48.0,54.36527370639269
train,59.0,40.50228247336135
train,44.0,37.69628586034791
train,50.0,24.87416792891019
train,48.0,54.38014657745906
train,30.0,34.654393382955426
train,54.0,62.42787689090797
train,44.0,42.5018108539707
train,30.0,35.01032807117309
train,24.0,19.524017605273617
train,18.0,22.6455074121589
train,63.0,41.58127339542616
train,34.0,34.25689132888531
train,46.0,49.91627932630279
train,46.0,51.13126221543176
train,52.0,40.347583842906396
train,18.0,22.251256563565395
train,46.0,52.22946776815181
train,56.0,57.74944944642873
train,50.0,52.98857817003754
train,24.0,22.909297925893394
train,56.0,51.722778202518306
train,36.0,32.53883131365431
train,59.0,51.244172186885365
train,30.0,42.60307650022894
train,52.0,50.868432579814815
train,59.0,62.97272331510648
train,24.0,25.8490390224297
train,59.0,49.50831323027692
train,15.0,28.57638325996343
train,40.0,49.36954430767978
train,50.0,52.47032375422251
train,56.0,60.17970452345928
train,50.0,48.83622684032732
train,24.0,29.139409374966334
train,61.0,57.82386300026795
train,50.0,55.14288756749934
train,48.0,51.06626759559482
train,30.0,37.08082757414238
train,30.0,39.70311865676687
train,36.0,30.274163723203078
train,59.0,61.330676977490285
train,40.0,43.906559293870174
train,24.0,26.214130670789817
train,48.0,56.14594968620228
train,61.0,57.37920516572853
train,56.0,54.45656296974566
train,68.0,60.69790832383235
train,59.0,43.7576459898289
train,18.0,22.288636289110727
train,50.0,45.36460785601895
train,56.0,46.77902539458159
train,54.0,61.66378258884833
train,15.0,29.762998945372992
train,50.0,51.68714271498339
train,30.0,29.762322581617276
train,50.0,53.662739785240944
train,38.0,34.377238631623925
train,18.0,18.342553897310143
train,34.0,37.36244880804431
train,36.0,39.18091467612066
train,50.0,59.15213564829352
train,56.0,56.8234758005822
train,34.0,34.72963804983156
train,63.0,43.61439081452465
train,61.0,56.57616579760584
train,30.0,40.93544984108619
train,61.0,58.023166634038816
train,44.0,43.11399630250164
train,44.0,50.81373756609672
train,38.0,30.959390858097244
train,59.0,59.73093249864203
train,46.0,36.48463304502968
train,61.0,45.718675488229536
train,30.0,44.516163850586615
train,18.0,24.792795255531914
train,34.0,34.828071508857505
train,61.0,45.72535327283958
train,18.0,22.0878551381505
train,24.0,23.853200177697097
train,36.0,32.115638360315394
train,68.0,59.7842800160516
train,59.0,62.79933629082272
train,42.0,39.11700773597674
train,15.0,30.297513930895207
train,52.0,54.08730010361288
train,48.0,51.46087734192168
train,24.0,24.82951875904747
train,24.0,27.241025573909845
train,61.0,58.68665508110903
train,18.0,41.66023395759632
train,52.0,51.78181182507952
train,18.0,26.654541741509323
train,52.0,53.14254918004352
train,50.0,50.18597353119622
train,50.0,48.606864901432914
train,50.0,45.21317571649896
train,24.0,18.763075602958967
train,24.0,21.476270015971426
train,15.0,28.699210412411894
train,54.0,60.8973043138658
train,15.0,33.67463436280293
train,15.0,49.05332249372295
train,24.0,24.52234280312104
train,46.0,47.96378679605837
train,48.0,53.66498982076344
train,24.0,24.08804290562765
train,36.0,24.698584661913213
train,59.0,41.63095085401663
train,24.0,18.161108529341725
train,18.0,22.830868427026637
train,24.0,21.915990769202384
train,50.0,54.93708642991899
train,24.0,20.483794961598626
train,63.0,48.1124755969859
train,18.0,14.307428495666727
train,34.0,36.39156608262581
train,52.0,52.62613102932265
train,40.0,43.74132797118731
train,61.0,55.042045095677274
train,30.0,38.46680748600484
train,44.0,36.5249027704617
train,54.0,42.74564284405734
train,34.0,46.07118320597463
train,48.0,55.45871969720366
train,63.0,51.08414099977034
train,40.0,41.202666436199436
train,50.0,41.87598330325687
train,68.0,59.11535037668919
train,24.0,16.889760238173373
train,63.0,43.7855712952799
train,44.0,41.144465262998764
train,24.0,14.984382452045555
train,44.0,49.00395573883932
train,56.0,51.4905086062345
train,24.0,27.530375295623656
train,59.0,49.02602331687936
train,42.0,38.00827960487912
train,50.0,52.52065780082525
train,68.0,56.73924841258207
train,59.0,36.165347567059115
train,48.0,50.77344335011726
train,36.0,45.36010956452777
train,54.0,61.9076455786759
train,52.0,52.799629548645456
train,54.0,57.32014012502925
train,36.0,32.915736433174736
train,38.0,34.58333318023699
train,30.0,33.72490633847938
train,56.0,53.34052575402827
train,30.0,40.035991225158995
train,59.0,49.000088749611194
train,54.0,60.28480254311836
train,68.0,58.340368735371506
train,42.0,38.92146034404077
train,36.0,53.58291653434808
train,36.0,25.893807212174956
train,36.0,40.2503257777695
train,44.0,44.33453244820244
train,40.0,36.70734231772749
train,68.0,60.222884324869966
train,30.0,33.83356222266807
train,24.0,25.0124639766774
train,34.0,36.50060748260523
train,52.0,50.95211799697364
train,24.0,23.035626951442715
train,68.0,60.75316838836072
train,18.0,18.78733757609753
train,30.0,36.418214727723324
train,48.0,51.68356476972479
train,24.0,24.581363008287248
train,36.0,36.06321306374011
train,56.0,56.219393194018636
train,18.0,32.25489030961553
train,50.0,45.572109625479456
train,36.0,28.206643397528808
train,50.0,54.52140077724538
train,59.0,60.45155243555869
train,40.0,39.923821849159594
train,68.0,53.46869929339371
train,30.0,45.27507345942536
train,24.0,29.941181149939624
train,50.0,53.88817969796501
train,63.0,52.2276944337275
train,24.0,19.90581822696078
train,63.0,52.40331045253866
train,56.0,58.33017528626873
train,34.0,35.57828652131992
train,18.0,18.120120271100177
train,52.0,53.4579974191675
train,48.0,53.48808125728482
train,30.0,47.96601223632591
train,42.0,20.09104650960613
train,46.0,52.62048003552496
train,54.0,52.45769256009456
train,68.0,59.825931052799405
train,44.0,43.734906837052485
train,15.0,26.457640427209405
train,50.0,57.12857594929481
train,46.0,48.31278755930974
train,61.0,57.58664331322646
train,48.0,53.22921208869485
train,59.0,40.30237516093372
train,50.0,57.605937620498985
train,50.0,47.805487097890826
train,24.0,17.54489337220004
train,46.0,49.38767828723631
train,59.0,34.47999142696679
train,44.0,42.20850148540781
train,24.0,22.2875328678364
train,18.0,53.046968876540866
train,54.0,61.4366177632146
train,24.0,25.521862863009986
train,18.0,16.72722431588718
train,44.0,45.24769151078761
train,15.0,32.34778422075421
train,24.0,23.90626571473236
train,50.0,47.49807370798851
train,50.0,55.52241959911414
train,59.0,63.2889974611535
train,36.0,35.26202008592217
train,48.0,50.02573120063612
train,36.0,30.76683583396489
train,18.0,20.156326704934017
train,63.0,46.44724443577503
train,54.0,57.066022643308045
train,56.0,151.34811682767452
train,59.0,63.58208856194591
train,63.0,49.23580231694306
train,52.0,52.86304230460414
train,34.0,40.52181275591454
train,18.0,13.052824710124174
train,30.0,36.500408389332556
train,48.0,50.21367373957241
train,56.0,55.13272612012781
train,30.0,34.90845001564564
train,50.0,50.53649989419891
train,50.0,51.8121396408622
train,24.0,24.655562919809935
train,38.0,44.93134011064959
train,56.0,52.240618364398564
train,63.0,45.48890999250956
train,36.0,29.955843756297487
train,68.0,48.11365253565255
train,24.0,22.00160068460145
train,34.0,33.90993073097609
train,63.0,50.655646102328454
train,50.0,46.07092908073707
train,54.0,59.487337379497134
train,34.0,41.197071260418376
train,63.0,48.109920265781035
train,59.0,61.62804487936174
train,48.0,55.99409291112042
train,24.0,27.29209790142863
train,50.0,52.28150978962344
train,24.0,23.81122450680978
train,38.0,34.08949171915193
train,68.0,48.34020032406658
train,46.0,50.4388641484928
train,63.0,50.83807340786847
train,18.0,18.82440514594138
train,59.0,27.24493088850031
train,24.0,23.641126541267713
train,50.0,57.6224609660048
train,15.0,26.743094430980083
train,34.0,36.85848157150558
train,61.0,56.41030419970081
train,40.0,44.84256485306969
train,48.0,53.78049798276878
train,38.0,37.164408324295465
train,34.0,28.49910442447024
train,24.0,24.963523701695177
train,54.0,59.416921645976586
train,50.0,51.14590953303075
train,30.0,36.7842919863992
train,30.0,33.010766091572464
train,59.0,44.757732422433044
train,34.0,43.62393955883284
train,42.0,27.567470873602616
train,36.0,42.488413899052404
train,61.0,60.23353884068282
train,68.0,58.592209293033854
train,36.0,44.0596379069669
train,24.0,24.83528823393059
train,54.0,62.82022342978547
train,24.0,23.10344668663226
train,36.0,25.86373480930237
train,38.0,36.87618516276577
train,59.0,61.79028420325975
train,59.0,24.660178120896827
train,50.0,49.18716275274892
train,61.0,54.981036931839114
train,48.0,50.46228450400966
train,24.0,46.36111587619268
train,30.0,38.34883898009501
train,42.0,39.002656028587936
train,34.0,36.85556354318365
train,59.0,54.32493783389643
train,56.0,41.460009363726144
train,46.0,45.464072502147516
train,61.0,57.99673328479987
train,24.0,25.763312823783963
train,15.0,30.579761860464544
train,46.0,50.930273023646954
train,50.0,53.07673096867924
train,46.0,51.17531957483399
train,24.0,19.798744188059143
train,24.0,14.598032232829585
train,68.0,59.31778933649005
train,61.0,59.5730062975658
train,38.0,37.04802639178919
train,18.0,17.518056734925924
train,15.0,42.10547890452091
train,36.0,33.66538207948362
train,48.0,50.6234106177251
train,56.0,50.34877076316662
train,15.0,33.16006421827625
train,50.0,47.88255401537147
train,34.0,30.764179473410703
train,48.0,52.80417373945389
train,30.0,47.66244480881761
train,56.0,53.07139811213746
train,24.0,44.16930002522887
train,18.0,48.10240032785701
train,30.0,38.20062849225465
train,44.0,42.59338912013942
train,63.0,50.02841738818765
train,30.0,37.06801563626396
train,38.0,31.34221974099046
train,40.0,44.11945105258465
train,36.0,32.35444059800597
train,56.0,56.54386680497636
train,61.0,58.92067798085415
train,68.0,59.117077166225165
train,36.0,43.289171209761136
train,30.0,46.00429989310662
train,52.0,53.87619977258336
train,30.0,39.13013985817421
train,24.0,22.503615771207365
train,18.0,23.56655749603393
train,36.0,33.4353937206978
train,48.0,52.05998780796368
train,38.0,34.46776553565553
train,61.0,56.4116268377702
train,68.0,44.004811011009096
train,18.0,21.155647144080007
train,15.0,28.204984968043938
train,61.0,59.68904815054621
train,30.0,41.838717580776986
train,61.0,57.277571518637366
train,50.0,55.11316377987619
train,52.0,49.17265348198231
train,30.0,43.544626072294896
train,15.0,35.53197469752584
train,30.0,28.285437739519374
train,44.0,46.440290882890125
train,24.0,22.97057615067811
train,61.0,58.01581591946332
train,56.0,54.19262214352197
train,24.0,23.245031014509024
train,24.0,21.727726799617642
train,50.0,46.24519771788072
train,44.0,42.57140188405841
train,52.0,54.3060865806584
train,38.0,40.03491997365548
train,30.0,36.18294543955019
train,46.0,40.75959774200207
train,34.0,33.04712434497697
train,59.0,46.34674857588117
train,18.0,21.603664202017274
train,15.0,30.118801682567664
train,52.0,51.67526199887322
train,46.0,42.59183455084089
train,54.0,58.912087202085615
train,24.0,21.736309508111308
train,24.0,21.967825397366394
train,68.0,59.93866779772739
train,34.0,49.72497748575788
train,68.0,61.73603901357508
train,50.0,51.29032570021833
train,40.0,43.76067449175409
train,48.0,56.66106058571668
train,24.0,23.625196011911406
train,42.0,28.59757804653998
train,56.0,57.977522292970555
train,36.0,17.892999751905318
train,56.0,54.699352103464264
train,48.0,54.95814338929004
train,61.0,59.424542247337484
train,34.0,38.50761670758613
train,48.0,52.03116377980994
train,18.0,18.844205056616914
train,34.0,44.66000139899185
train,15.0,46.30505584280605
train,46.0,51.167129639018384
train,63.0,50.00180347343419
train,18.0,19.288950998840132
train,42.0,44.92054433893314
train,54.0,57.30584742397659
train,42.0,38.750186677027
train,38.0,36.12351035073871
train,40.0,41.15556579060214
train,54.0,58.10756698223316
train,15.0,31.485544382764665
train,48.0,39.60472552058378
train,48.0,51.59941949657689
train,36.0,31.778418949332288
train,24.0,25.239437547019826
train,56.0,52.94898658212217
train,54.0,53.59097037688355
train,38.0,35.813673234159495
train,34.0,32.464822690920485
train,30.0,35.24416927534861
train,46.0,48.31884269071183
train,48.0,52.922666002046654
train,44.0,46.1055103898873
train,15.0,33.51587828007016
train,46.0,48.95653085072716
train,44.0,44.28166888360077
train,63.0,48.08119405778839
train,59.0,49.916475172375634
train,59.0,42.04594818240853
train,18.0,19.8604358527013
train,50.0,50.26240903720654
train,42.0,38.34214444476635
train,15.0,25.498025863250845
train,52.0,50.260027952369704
train,24.0,20.802429371116006
train,50.0,55.046459320481276
train,61.0,56.6334859436722
train,30.0,34.778286010774345
train,59.0,60.992626207462294
train,36.0,49.48731663422065
train,63.0,51.58935213963459
train,24.0,23.97358375091871
train,48.0,52.98275989857811
train,30.0,62.36699658268017
train,50.0,51.911586681345696
train,34.0,34.266007528915694
train,59.0,62.31920403339026
train,44.0,43.780299896596624
train,38.0,28.377925372328562
train,44.0,44.837244529434216
train,44.0,44.9471324806363
train,54.0,44.28411379941112
train,24.0,24.36104290995013
train,36.0,26.48356549269816
train,46.0,43.90801732066698
train,36.0,14.379780136702294
train,24.0,22.87761654583919
train,50.0,41.911039178761
train,61.0,56.17479957706526
train,50.0,55.921424584192906
train,63.0,53.70376230060353
train,15.0,25.312699482108304
train,50.0,46.66659390067385
train,52.0,49.42140320520378
train,18.0,23.543247607351898
train,59.0,59.340361483867056
train,34.0,36.844497520260006
train,18.0,14.695736982622343
train,30.0,47.02512999307604
train,68.0,57.86158715035492
train,61.0,58.76949815379206
train,54.0,63.20162006647583
train,52.0,55.344972192085415
train,15.0,23.57272511129836
train,15.0,34.125166894119815
train,50.0,50.9781236420896
train,50.0,39.24722017711783
train,18.0,20.9555139815777
train,40.0,36.05854612083892
train,42.0,46.92105961555746
train,46.0,48.236748786550656
train,24.0,19.271774589633193
train,48.0,56.40941519369416
train,63.0,54.577016678394514
train,68.0,59.59129382853385
train,63.0,53.99078709051862
train,61.0,59.5890175363439
train,15.0,30.05930463415646
train,59.0,58.10295467346804
train,36.0,27.422048533012656
train,50.0,58.53128740571941
train,50.0,53.016855453583915
train,46.0,47.46833217270074
train,42.0,41.28824792431589
train,38.0,35.7768969465462
train,50.0,55.28418210004112
train,54.0,61.07235665290713
train,63.0,46.336068757413294
train,52.0,52.49558287209105
train,63.0,48.053910007976256
train,30.0,39.39527659478284
train,50.0,53.60905095893342
train,52.0,50.88633120878889
train,61.0,60.21232642711182
train,61.0,57.87388470786367
train,61.0,58.099979420642654
train,56.0,50.710957799387636
train,15.0,37.13345140353848
train,63.0,26.291976700176892
train,63.0,48.82494890037033
train,50.0,46.82315865859005
train,48.0,51.894750207848
train,34.0,33.55274700331834
train,38.0,33.09448591149102
train,18.0,38.51299388707932
train,50.0,38.93094964364235
train,36.0,44.56196558838087
train,52.0,51.89836681369064
train,36.0,51.153238706324366
train,50.0,58.62213653898848
train,36.0,48.81756966233916
train,48.0,43.93188694038186
train,42.0,42.19880191334107
train,50.0,46.59828873652817
train,68.0,39.8660369102587
train,44.0,44.149703831864755
train,34.0,30.18278282712441
train,56.0,54.452169473398314
train,30.0,39.42265981772484
train,30.0,34.27370906166438
train,61.0,60.475968360338335
train,30.0,40.58216637046795
train,50.0,39.214976065531225
train,48.0,50.67732922590909
train,63.0,51.224148093138
train,44.0,47.52205105431834
train,24.0,30.161662552082948
train,48.0,47.23885659204653
train,44.0,41.184663114455645
train,30.0,38.84673957084583
train,61.0,54.22824208596638
train,24.0,31.11076382013177
train,68.0,57.232796102390374
train,44.0,41.36921210291367
train,61.0,58.84055797283423
train,59.0,49.22349326316721
train,52.0,52.17806431247209
train,18.0,22.632115479370768
train,24.0,20.117154023499296
train,30.0,33.44845009725416
train,24.0,22.37887157917446
train,63.0,50.75457977166653
train,46.0,48.82777327132615
train,56.0,54.18419769937507
train,50.0,48.79189489383248
train,61.0,56.03862516168238
train,68.0,59.49460118034749
train,48.0,47.63364144011276
train,30.0,37.416328840334636
train,18.0,39.53795177539256
train,44.0,42.45279002706859
train,46.0,43.40034374422228
train,24.0,25.146843274088546
train,48.0,54.47329225962292
train,42.0,14.696431128795165
train,24.0,21.74919893391104
train,44.0,40.78445894413744
train,30.0,38.34098739693463
train,44.0,44.25389034075223
train,36.0,30.557591732503674
train,46.0,47.56326172923366
train,50.0,51.312924446420055
train,24.0,23.80995382797406
train,52.0,50.687082314189524
train,44.0,42.1710003229126
train,18.0,23.64604493172917
train,50.0,50.14189491864112
train,30.0,40.14556180109938
train,36.0,52.04382360260513
train,48.0,51.567231517698566
train,46.0,43.75151212525033
train,46.0,46.261883947388654
train,38.0,33.13999407399472
train,68.0,58.91580198286218
train,54.0,48.14690967793146
train,40.0,46.41743028199207
train,61.0,59.09634593000774
train,24.0,24.46876424406222
train,50.0,54.97772263053121
train,63.0,47.405640032413224
train,24.0,24.372973044615602
train,40.0,42.133199114871154
train,52.0,53.68260751304469
train,42.0,38.75522831538011
train,30.0,39.82104567655351
train,15.0,17.21995948191788
train,15.0,32.31350193229082
train,63.0,48.01527219533692
train,24.0,24.24933000818094
train,18.0,23.707964101215236
train,54.0,59.81017867120556
train,54.0,59.80649874910039
train,59.0,60.452320222500845
train,54.0,62.622248746314725
train,48.0,52.86555630257489
train,61.0,57.8182934184984
train,36.0,18.29947472494745
train,30.0,46.946225867895286
train,15.0,29.779742449498134
train,24.0,28.977729471786525
train,63.0,50.54469424731253
train,61.0,58.1250469330019
train,46.0,46.568154003579586
train,24.0,20.138110283226194
train,61.0,59.08858287495727
train,44.0,46.00670484129211
train,50.0,50.92295328830381
train,56.0,54.51181094762029
train,30.0,26.24829088850746
train,42.0,37.283210502852654
train,38.0,29.72687025028651
train,63.0,54.471167678277475
train,50.0,51.010090656814654
train,61.0,58.251510233541616
train,24.0,21.95109530389972
train,59.0,34.82373517077832
train,63.0,54.80617227286464
train,24.0,25.840957475568782
train,68.0,60.747358130082745
train,36.0,24.077220982258307
train,68.0,62.96054997827468
train,34.0,36.858501025509064
train,48.0,49.95097058925619
train,34.0,31.240447053068777
train,44.0,39.450481014221275
train,59.0,61.21998065053951
train,36.0,36.71400512808779
train,18.0,27.51714449419617
train,52.0,50.82394579214072
train,42.0,37.5177964249556
train,59.0,39.871986538423776
train,59.0,58.838976156491384
train,68.0,44.364527036432186
train,30.0,42.84568882751757
train,42.0,40.575577802026935
train,50.0,47.861909931071814
train,24.0,20.294457759813074
train,30.0,37.9201948432499
train,52.0,47.09353633164568
train,38.0,33.39994147300405
train,24.0,19.777360417312707
train,52.0,53.40859808449788
train,24.0,20.720392212111655
train,56.0,57.498931763145634
train,38.0,51.04105830657013
train,50.0,57.951130349409304
train,50.0,46.267003409879095
train,48.0,51.981625472926666
train,42.0,38.86573026578351
train,18.0,20.08592758167285
train,63.0,52.709540130406474
train,34.0,29.72167051879523
train,30.0,48.2077848153501
train,46.0,48.79134309516033
train,24.0,22.278399387362214
train,48.0,56.85617575141778
train,42.0,40.12800180036912
train,38.0,35.69218197547163
train,63.0,49.608541521036564
train,46.0,46.594443579217575
train,68.0,58.010024288179416
train,52.0,52.42740745278081
train,50.0,46.02191352816191
train,63.0,50.48203593894693
train,52.0,51.504620099321315
train,54.0,57.421966110865625
train,24.0,20.140186725921623
train,59.0,60.13609570477664
train,36.0,47.15539552651414
train,40.0,43.70161876039236
train,50.0,46.26870548825071
train,52.0,55.550306022028565
train,68.0,60.09921973120342
train,24.0,22.773363704891285
train,54.0,47.34038935194148
train,46.0,43.971935742571354
train,38.0,35.74347081716424
train,54.0,61.380536389563105
train,46.0,44.931736067983216
train,36.0,47.045565131577646
train,61.0,57.99880028504997
train,54.0,62.93899657573791
train,52.0,54.21658124464193
train,56.0,56.130256659529664
train,59.0,34.25921061785669
train,59.0,62.58152949290954
train,48.0,52.231193907361146
train,50.0,53.40890655826386
train,34.0,35.37362575524564
train,15.0,38.48632687523694
train,59.0,51.0185521952366
train,34.0,44.413228540847385
train,54.0,59.94663822772604
train,42.0,42.27152648263866
train,15.0,31.92717077065662
train,34.0,31.16706690858921
train,63.0,52.719750177677184
train,59.0,61.67204349280701
train,24.0,22.97712069450159
train,59.0,60.36076798260104
train,59.0,57.27362142497903
train,18.0,20.4598480620095
train,44.0,49.74344132139311
train,46.0,46.4012260986744
train,44.0,41.659190543160875
train,59.0,52.593267451321495
train,68.0,58.71756700978842
train,50.0,51.74461667930373
train,46.0,50.67486940686146
train,50.0,54.67310731479667
train,18.0,25.406760576837197
train,46.0,53.776482602652806
train,46.0,48.53074954132714
train,30.0,43.98637176143987
train,30.0,36.26581049328726
train,30.0,39.70972639310693
train,42.0,41.11152901761136
train,34.0,36.488582498001634
train,63.0,42.95026788016857
train,50.0,42.946464638563725
train,30.0,39.4812126373481
train,38.0,35.23167554950544
train,46.0,42.38809276710651
train,52.0,40.11030515550335
train,54.0,62.48790414825625
train,54.0,64.59924338611174
train,52.0,55.38762144566744
train,24.0,28.388430744921468
train,15.0,31.023515104794573
train,30.0,34.9926984844187
train,48.0,53.971551760219796
train,68.0,42.01790607281897
train,40.0,42.57686362667578
train,18.0,46.35011557059335
train,61.0,57.01957429544981
train,40.0,47.30208774531036
train,42.0,40.13089965651283
train,50.0,54.397219209732285
train,56.0,37.07067537156435
train,15.0,26.266247763984495
train,24.0,24.660731821062534
train,61.0,54.08458079662801
train,63.0,49.5634868629194
train,48.0,51.67787718480522
train,15.0,30.313434742754957
train,44.0,44.47903977232962
train,56.0,58.05504682619508
train,34.0,33.377039811223554
train,46.0,49.13492767117381
train,24.0,20.12995380951602
train,56.0,54.75678048567441
train,18.0,40.17192945766964
train,54.0,39.21211371750786
train,46.0,47.378748979656336
train,15.0,29.755373570244586
train,50.0,51.96242539276322
train,68.0,59.527802546562924
train,54.0,60.70835893962078
train,15.0,30.609183791812523
train,42.0,36.986946341563076
train,59.0,51.62836719508146
train,52.0,53.02831459498212
train,36.0,27.010301506547464
train,38.0,31.030660740551216
train,40.0,43.46660315692968
train,61.0,58.380802281758484
train,34.0,35.22821960053711
train,15.0,24.03726344487443
train,63.0,43.28944412140611
train,36.0,48.301345131606446
train,68.0,47.47478148801672
train,61.0,54.95763281227094
train,30.0,38.835521416012774
train,61.0,59.718913762387274
train,63.0,53.65185565670005
train,50.0,57.51298596796774
train,15.0,24.648097980443847
train,59.0,59.24939352582843
train,46.0,56.23386376483589
train,54.0,60.6802622566685
train,59.0,43.05650098494511
train,24.0,25.34861081899342
train,34.0,34.3265406969123
train,48.0,51.07400581687194
train,48.0,52.51182822217946
train,34.0,34.150111969360815
train,24.0,23.76839911761266
train,54.0,47.61280785954916
train,46.0,49.02050420960873
train,44.0,44.948041433776794
train,61.0,48.23471063480496
train,56.0,53.41669094696928
train,42.0,36.98863824316812
train,15.0,25.195761778481856
train,15.0,22.108657482036413
train,59.0,60.621423566711954
train,30.0,40.117867633631136
train,50.0,49.93784699961788
train,34.0,43.4692152163058
train,36.0,14.72731054396116
train,52.0,53.6071367465335
train,68.0,61.30904177829528
train,46.0,48.44972671591847
train,50.0,48.3684958003513
train,34.0,49.26974990124612
train,30.0,34.23045428477144
train,34.0,44.83638642999991
train,24.0,26.881128720631757
train,18.0,50.01599370761142
train,24.0,15.630491330250848
train,24.0,25.38054709590574
train,59.0,57.4754635007363
train,44.0,38.187201673872984
train,44.0,43.68006263445834
train,63.0,48.52928766009225
train,56.0,56.32575809180381
train,54.0,45.995536129321025
train,50.0,40.452987188454436
train,18.0,22.086696341451496
train,52.0,52.504176284488366
train,42.0,26.11966550829008
train,56.0,57.55087433493087
train,52.0,44.48549577978033
train,59.0,27.874906698516547
train,46.0,45.86953916302985
train,40.0,44.163252863576226
train,24.0,22.5970716140501
train,59.0,62.11039790187276
train,54.0,60.126055150099795
train,18.0,20.921397013379007
train,50.0,46.64390004011236
train,56.0,55.405010240889496
train,30.0,40.42316694125505
train,15.0,21.500527634035745
train,48.0,50.87893749169431
train,54.0,61.72122238133236
train,54.0,62.521628638716905
train,46.0,45.75773527389716
train,18.0,21.57471341322449
train,50.0,51.26913297901599
train,24.0,27.587621251691477
train,46.0,46.62716014457887
train,24.0,24.934444898711828
train,56.0,42.98548363074934
train,63.0,53.21325732240676
train,52.0,56.35821278130562
train,59.0,61.31840735067941
train,42.0,39.07967381042779
train,63.0,51.055453864034895
train,50.0,52.64492732676821
train,63.0,50.09830046909647
train,50.0,51.60134537995606
train,42.0,40.723683036299974
train,54.0,46.922575604776
train,61.0,59.46580681842652
train,40.0,43.06848379500674
train,50.0,27.970874256517103
train,44.0,39.636606321120695
train,24.0,27.727969669629662
train,50.0,53.94374951957386
train,56.0,55.430669291962225
train,24.0,23.48659098065486
train,46.0,59.37817091993314
train,30.0,39.529554576291524
train,24.0,17.746026451793057
train,36.0,37.16895471307087
train,46.0,48.574020614887466
train,18.0,14.879489694282544
train,54.0,45.33987196118762
train,34.0,30.533225653837945
train,56.0,50.84243812519606
train,24.0,24.986620568294665
train,61.0,57.61305017522567
train,44.0,42.745277715107484
train,68.0,57.856364805368884
train,61.0,58.81364688064228
train,34.0,35.15115941388583
train,63.0,51.28761694103725
train,48.0,40.45369634945811
train,54.0,58.96151377978231
train,56.0,51.04142154134882
train,63.0,50.93620928248092
train,30.0,37.89347402542243
train,42.0,41.44550067446481
train,44.0,41.40473336207083
train,44.0,42.84229899289848
train,30.0,32.92721175529482
train,24.0,16.43290935966805
train,18.0,52.78045713745402
train,59.0,55.371014776792805
train,68.0,59.872096981173534
train,30.0,44.8497139357892
train,63.0,55.381497978307436
train,48.0,46.88430616787651
train,44.0,42.2235363617066
train,24.0,23.850843153568334
train,36.0,39.584381415381976
train,36.0,29.742911004082536
train,30.0,41.571973691801794
train,63.0,51.509559082049165
train,63.0,48.762478805703616
train,15.0,26.078817006118072
train,30.0,39.54644215381955
train,40.0,47.77959446953792
train,63.0,51.11945716231786
train,59.0,55.99668908967807
train,18.0,22.266969172728565
train,50.0,51.55534703590742
train,18.0,19.582229751647464
train,56.0,54.29347468926875
train,18.0,17.8202019330384
train,18.0,37.704269814327
train,40.0,46.97298504046003
train,44.0,45.664420004412925
train,42.0,39.183112886297515
train,18.0,40.59059941129414
train,46.0,45.59631554939693
train,63.0,52.22094312872447
train,50.0,51.12829393907405
train,46.0,48.992909740677376
train,48.0,50.03282975919807
train,42.0,40.44145439486407
train,18.0,13.932759404211584
train,44.0,42.06657064058588
train,44.0,41.45430468034322
train,68.0,60.36201176434862
train,38.0,33.35229036745415
train,59.0,28.74442224888184
train,18.0,24.010007555668647
train,56.0,55.18679565599798
train,42.0,38.28498150357256
train,54.0,58.00383313438014
train,61.0,60.42816658126514
train,59.0,41.85724176547003
train,68.0,59.476701085661674
train,68.0,56.76127382653843
train,50.0,53.475198099970896
train,50.0,56.80030234116758
train,48.0,51.18593074637591
train,30.0,35.89501264498891
train,61.0,58.71142861046297
train,48.0,51.85772763327485
train,59.0,58.607315261985775
train,34.0,46.44677445839656
train,15.0,26.99432247665582
train,59.0,57.58690219728075
train,52.0,52.67288230862956
train,59.0,45.4676527212607
train,61.0,58.21779369060464
train,24.0,24.99774013127396
train,24.0,22.493563010985962
train,63.0,40.55607956880164
train,42.0,40.63504624230471
train,42.0,32.0885672228275
train,24.0,20.7469731983657
train,61.0,54.97252449650171
train,18.0,18.820910366445354
train,59.0,61.77259839778183
train,36.0,34.55986490780768
train,50.0,55.28287844664262
train,24.0,24.843887717566094
train,48.0,54.20830801029277
train,24.0,21.313361348912387
train,48.0,53.31166460459636
train,50.0,56.81633250112999
train,24.0,18.712762815859715
train,34.0,30.853898157970917
train,50.0,54.7266443267534
train,24.0,25.445167087254983
train,61.0,56.962220526048554
train,30.0,36.55045826090998
train,63.0,52.7213132380156
train,18.0,15.547229355245566
train,56.0,52.57315837062296
train,68.0,59.58482322180842
train,56.0,51.900783812370506
train,50.0,53.3811457631938
train,68.0,59.168234508769864
train,30.0,31.839873689118928
train,24.0,21.772309989834003
train,63.0,46.32183109836656
train,54.0,60.69961623640594
train,48.0,53.6570106509168
train,68.0,62.32652737793116
train,24.0,28.121022620424377
train,59.0,52.17595774985251
train,36.0,50.02548087874008
train,50.0,54.485662152798724
train,50.0,44.48394717704714
train,68.0,59.338272355096464
train,52.0,53.11166571661698
train,15.0,26.576292297363192
train,24.0,25.70285774036549
train,18.0,16.973195375144574
train,24.0,25.296320245347562
train,54.0,65.50873796302812
train,50.0,43.975170413798104
train,48.0,52.225561321829545
train,36.0,33.15337408336844
train,24.0,24.840313405891116
train,59.0,60.70801304937747
train,40.0,44.60352826870782
train,24.0,24.780337598726817
train,24.0,26.219944685888162
train,48.0,55.236102667964616
train,42.0,42.084800932244825
train,63.0,51.62445421537322
train,24.0,29.88465730690259
train,50.0,47.991598679488035
train,46.0,48.98639341149595
train,61.0,60.760583366584356
train,24.0,24.588119286968556
train,42.0,40.32482667967642
train,24.0,24.95016724223122
train,59.0,61.98381701275774
train,63.0,50.15409899762804
train,15.0,24.72588569316096
train,24.0,24.067280118276834
train,44.0,43.04937014677478
train,59.0,60.99511052568096
train,30.0,39.7039236890046
train,18.0,26.198447783678454
train,38.0,29.983888326800262
train,36.0,42.97416328381949
train,44.0,44.37427568359898
train,38.0,34.07604857972401
train,59.0,61.46069412029273
train,63.0,50.369530327096044
train,18.0,18.787464731393815
train,24.0,23.547015271218314
train,48.0,51.36602581763659
train,44.0,48.634710116248144
train,54.0,62.52492329541512
train,68.0,60.362132853676215
train,63.0,49.32068830877435
train,36.0,40.887341055077684
train,42.0,27.63025543054343
train,54.0,43.5058244170873
train,34.0,28.5566634397468
train,36.0,33.95485264129418
train,61.0,59.40106597271389
train,50.0,50.09444119279585
train,61.0,56.08568928895754
train,63.0,52.63820148454606
train,48.0,53.291576109067336
train,44.0,44.46856397283588
train,56.0,53.44589860458623
train,52.0,50.81991423791429
train,61.0,57.84651443099486
train,30.0,38.19002904670158
train,38.0,44.325655001538564
train,44.0,46.103891757489805
train,68.0,60.678237482478394
train,24.0,24.358333148591996
train,30.0,35.70203756490028
train,36.0,38.150338852101015
train,54.0,44.34348533368581
train,59.0,56.33228219711122
train,34.0,37.21657000408837
train,59.0,61.715956760780756
train,38.0,34.15565332880423
train,48.0,49.24781959134626
train,38.0,47.550156930849184
train,68.0,61.33996808647777
train,54.0,39.793941299600554
train,61.0,55.96285684519931
train,30.0,44.02411446345576
train,61.0,58.09202052618079
train,56.0,52.41106122658385
train,61.0,58.78073014760317
train,59.0,58.535104499184854
train,68.0,58.464493006017065
train,36.0,37.93097613803732
train,18.0,25.019701887576126
train,61.0,57.509789456946116
train,48.0,56.82782327159425
train,56.0,55.83375074032905
train,50.0,46.26800470711673
train,42.0,38.526869671880185
train,38.0,36.715304895406604
train,46.0,47.441680344052145
train,36.0,29.82990971445701
train,63.0,49.148224887288194
train,30.0,41.21811881987521
train,50.0,54.984873171110046
train,63.0,44.772010487809
train,15.0,21.540815699618637
train,61.0,59.11035516538928
train,42.0,40.330794624415645
train,46.0,51.89086673335018
train,34.0,35.30951911785212
train,24.0,19.422743835228953
train,61.0,55.878605028531624
train,50.0,48.30865189472013
train,30.0,37.28437062294328
train,44.0,46.20431106927424
train,50.0,54.556832550950624
train,38.0,33.21689584362332
train,34.0,35.94935368651895
train,59.0,49.71183691901852
train,36.0,46.08260823347996
train,24.0,25.72880051604426
train,59.0,59.55749070569288
train,18.0,18.686057255547777
train,59.0,58.01546156492911
train,46.0,44.59828158505248
train,38.0,36.463438473840604
train,59.0,57.10032861541215
train,50.0,50.29237872486178
train,61.0,56.61511142881024
train,52.0,55.23980275392643
train,56.0,48.29952279205408
train,52.0,44.613794097783675
train,48.0,50.51130126046672
train,36.0,43.10656208039685
train,63.0,52.55472466368468
train,18.0,15.438689640782666
train,30.0,35.81394042693719
train,42.0,40.32094415088196
train,50.0,58.17953344317943
train,54.0,52.88434218863103
train,50.0,41.51865195010421
train,34.0,32.04962463766144
train,61.0,58.10082704424602
train,24.0,22.13826964152796
train,34.0,41.88704863500407
train,54.0,61.84472045768655
train,24.0,37.910958637566814
train,48.0,49.716736136455125
train,38.0,45.23351399272972
train,63.0,50.8332957684176
train,24.0,24.10778703003968
train,24.0,24.1758098978005
train,61.0,54.376357698637634
train,50.0,54.10991243307094
train,24.0,19.238688536559646
train,44.0,40.18730331190545
train,61.0,57.917344894302076
train,44.0,44.18987795727246
train,63.0,53.584436360885725
train,61.0,58.126903581555254
train,48.0,52.65786650363237
train,38.0,35.5305825658101
train,50.0,47.17923266960344
train,42.0,40.086314972643116
train,15.0,24.16337927522084
train,52.0,54.59875035900596
train,44.0,41.792408266189625
train,15.0,33.74115155691922
train,18.0,23.62434801647378
train,54.0,57.47014190944053
train,18.0,22.781941316657374
train,52.0,49.34645980047278
train,24.0,26.351441722387445
train,24.0,20.93499039018324
train,54.0,63.71330015212179
train,24.0,22.699030221906128
train,15.0,25.535584150502302
train,30.0,41.404187423250995
train,52.0,49.06531995102925
train,36.0,49.54318577781626
train,68.0,59.8423854249226
train,61.0,57.256287492436556
train,56.0,52.56379295105488
train,36.0,40.52739409958511
train,42.0,38.11328170542234
train,18.0,26.44591679602949
train,42.0,41.064275207157735
train,50.0,49.61341120889794
train,42.0,43.49438044170732
train,56.0,49.49168517266743
train,46.0,49.226415505318776
train,18.0,21.84761972529025
train,61.0,56.20432978719394
train,56.0,49.32272365610794
train,30.0,44.59888663371907
train,18.0,19.525544938843417
train,46.0,49.510084144154405
train,61.0,56.69136679371402
train,34.0,47.42751283629438
train,68.0,58.25587759555321
train,48.0,48.17541290863766
train,63.0,51.42846713572077
train,50.0,53.148204554682415
train,15.0,30.909888871307782
train,34.0,30.744231889434705
train,24.0,22.307340789507222
train,50.0,56.39567359002232
train,61.0,53.5029608555431
train,61.0,58.64385937292554
train,30.0,39.56672390759035
train,44.0,45.36612057455784
train,59.0,61.52518425985083
train,15.0,30.592785818360714
train,59.0,50.72040338698757
train,42.0,42.79411393022824
train,56.0,56.5982136001109
train,61.0,57.66995752514764
train,24.0,21.849333419626614
train,68.0,62.21392326985854
train,63.0,51.414877761944396
train,46.0,45.26237103147537
train,63.0,54.31056300274213
train,61.0,56.316603682766186
train,50.0,29.31485514138741
train,56.0,58.77406880736433
train,44.0,45.24220584480816
train,40.0,46.73778698735632
train,30.0,37.10082003072872
train,61.0,54.378305329738176
train,50.0,53.59420556859213
train,30.0,36.59537999909667
train,63.0,53.864959247828445
train,59.0,59.896202961456865
train,61.0,57.69786164536241
train,40.0,42.78824812370595
train,48.0,50.70682360776892
train,61.0,46.72610096020308
train,46.0,45.84786276580665
train,38.0,37.67735952856688
train,68.0,57.53972057086098
train,52.0,53.779812120472805
train,34.0,41.40517939207195
train,24.0,26.838644214405658
train,68.0,61.251720950728256
train,38.0,47.32948950555493
train,34.0,47.58612788307253
train,36.0,30.964364714493378
train,48.0,49.38590056451238
train,38.0,42.95450963969584
train,54.0,60.63451434895717
train,15.0,36.64300358819128
train,24.0,18.996185519543012
train,30.0,32.76868684764637
train,56.0,38.85416959672174
train,38.0,40.629650726404016
train,54.0,61.41923192209477
train,36.0,45.91352605766861
train,54.0,62.38700871958119
train,24.0,24.226753445955364
train,56.0,58.18168101616045
train,46.0,50.22913257032406
train,59.0,61.90285247516735
train,61.0,36.27084321971392
train,61.0,58.188102319004145
train,61.0,57.52691242200795
train,46.0,48.879739372481225
train,30.0,36.712219449663706
train,46.0,50.35627075208546
train,24.0,25.500908009666084
train,42.0,44.84586191372365
train,54.0,64.11366973511386
train,38.0,33.170010877857706
train,50.0,53.40665148839093
train,61.0,56.90562382082778
train,18.0,22.89971878413935
train,24.0,22.034504151741352
train,24.0,21.678925178146198
train,44.0,45.36031799911812
train,56.0,56.380325667224966
train,54.0,58.61542224412358
train,68.0,58.96272322109089
train,30.0,37.59858348126199
train,61.0,58.96252936191465
train,61.0,57.38367189527087
train,15.0,41.51325310449226
train,24.0,28.09299310850874
train,24.0,24.207476659787744
train,56.0,53.29325543098153
train,15.0,30.512285067672092
train,61.0,60.13488624885469
train,63.0,45.34954450096613
train,63.0,47.726526758242635
train,61.0,58.60646158427855
train,56.0,50.64004891283007
train,56.0,51.289746143884955
train,40.0,56.35824701107461
train,63.0,46.56033524208132
train,63.0,46.18676411726456
train,40.0,47.23629543108808
train,15.0,31.4933875223631
train,44.0,42.69990562882726
train,38.0,35.79111837055974
train,34.0,38.94619747454101
train,56.0,43.40167076740643
train,36.0,24.73444214815262
train,24.0,21.635624849248064
train,34.0,46.715167429366
train,18.0,37.86143438602953
train,59.0,59.63473991347459
train,59.0,57.26946839804518
train,56.0,51.24560189198765
train,59.0,41.789265680689056
train,61.0,57.65511823842572
train,42.0,39.02632068069758
train,52.0,54.45624540078826
train,68.0,60.05854750584681
train,24.0,21.61028362466762
train,63.0,55.37986670191442
train,56.0,40.84269238552601
train,15.0,23.244743603495817
train,63.0,52.15377168982009
train,61.0,61.115685945352254
train,42.0,35.98987746186046
train,42.0,47.87902509380791
train,40.0,37.77129268911353
train,24.0,29.592373826419227
train,36.0,28.74298762133042
train,56.0,39.02112168980531
train,24.0,23.388668897759604
train,36.0,30.903099743134888
train,68.0,58.402480003907044
train,59.0,52.85223175028232
train,59.0,61.665312075649055
train,61.0,60.059271194631975
train,46.0,51.217646060859316
train,56.0,52.57586431687178
train,59.0,42.55056955483129
train,46.0,39.30989409408353
train,50.0,46.590800834782236
train,24.0,32.25123863805988
train,46.0,46.80073940897728
train,50.0,51.54804051782429
train,56.0,52.87659304006036
train,52.0,52.58252866439735
train,42.0,43.34770544050994
train,59.0,63.04938837328753
train,50.0,51.67556303570613
train,48.0,40.90037431920926
train,18.0,18.248330629934316
train,24.0,26.61930466716346
train,24.0,24.261198936429132
train,63.0,50.62073782087187
train,44.0,45.59963734388503
train,18.0,21.491858817422404
train,36.0,35.32474632559955
train,61.0,59.312269705519356
train,18.0,29.157639826891995
train,18.0,31.368938215419746
train,18.0,21.552231232595286
train,52.0,53.85972685594769
train,54.0,62.66284276058562
train,38.0,34.14547297862097
train,59.0,57.84683080445939
train,42.0,17.96092491611223
train,30.0,39.599394140069236
train,24.0,23.683015458262815
train,59.0,59.4821508456091
train,46.0,47.231446610992684
train,30.0,38.707199587795294
train,61.0,57.62560773844032
train,30.0,38.377579613517035
train,59.0,59.44457853449384
train,61.0,56.84573812780856
train,63.0,48.44294431640895
train,61.0,58.84440068772758
train,38.0,35.92004220266627
train,15.0,32.83269744628099
train,18.0,37.9612294512522
train,48.0,49.575813572057804
train,30.0,38.911314343484094
train,15.0,31.050750284663085
train,50.0,46.4667418739461
train,34.0,36.208590050390725
train,56.0,55.85744903999086
train,15.0,25.489658719181573
train,38.0,33.79541920851295
train,48.0,54.73405000175201
train,50.0,54.0665436532292
train,68.0,58.69515069112241
train,63.0,46.80424587165097
train,34.0,35.69805622235828
train,46.0,46.06974796065671
train,56.0,51.94426729207388
train,63.0,45.606937581731515
train,38.0,42.37281654739738
train,59.0,47.235451481464246
train,59.0,53.92572266990206
train,15.0,27.019726884272277
train,63.0,42.089487542051835
train,59.0,51.339397356938804
train,61.0,57.49390894762213
train,50.0,44.7118048912093
train,24.0,18.424915392519736
train,30.0,39.290729045778356
train,24.0,21.91818302181028
train,24.0,26.915038474665177
train,46.0,45.34188838872855
train,46.0,49.25240786601619
train,50.0,55.40948817300348
train,15.0,29.15461381748662
train,24.0,17.756577139658432
train,68.0,61.84861141730397
train,61.0,46.836100068299636
train,36.0,48.58709427082774
train,15.0,28.19734354279751
train,61.0,37.653327693069656
train,63.0,51.44919126246254
train,61.0,57.51661407649405
train,18.0,58.87021694072148
train,38.0,36.42717355903345
train,46.0,51.21413002054682
train,52.0,51.77703197674382
train,54.0,63.001167808848365
train,38.0,37.01398950950222
train,52.0,55.216746762351676
train,50.0,49.402583462770664
train,44.0,42.79790235212117
train,38.0,37.91602938421335
train,24.0,27.769979562925627
train,50.0,55.25138744474004
train,48.0,53.748800305383874
train,68.0,44.741211267082036
train,40.0,41.474401738409874
train,52.0,42.90298689914743
train,48.0,54.328186464494514
train,54.0,62.23938439643233
train,63.0,49.41174311999204
train,30.0,36.33845631338402
train,68.0,58.849948605272104
train,44.0,41.412869927897496
train,52.0,52.787007281566204
train,38.0,35.03347843297154
train,59.0,61.190363820746086
train,44.0,42.10250721582661
train,34.0,32.271871128764914
train,50.0,46.413414811876756
train,30.0,40.74705348542272
train,34.0,33.16517318922184
train,61.0,59.32322078310998
train,63.0,50.08853426033525
train,30.0,39.272598152068426
train,50.0,55.83308246807416
train,56.0,53.818754217799835
train,54.0,63.36013385965245
train,36.0,29.380606851893933
train,46.0,47.2773900174929
train,59.0,56.26617502619148
train,54.0,53.83903039079679
train,18.0,21.142841366221663
train,59.0,61.141922976008175
train,44.0,48.72917111277078
train,59.0,43.21998106807024
train,18.0,19.61928715829348
train,38.0,42.37287524354363
train,46.0,43.913085987348346
train,42.0,53.52748413674033
train,48.0,43.32453866189978
train,54.0,45.81961307204004
train,52.0,50.20325907904268
train,18.0,26.722838838523266
train,15.0,27.58875233741753
train,18.0,26.141629108648424
train,44.0,40.49218442834783
train,44.0,42.77759891044721
train,24.0,22.65101382687565
train,24.0,23.57466570403446
train,63.0,52.2396282447359
train,68.0,59.72786700738975
train,59.0,44.73664921722655
train,68.0,53.83625348419985
train,18.0,29.707079271269492
train,38.0,40.82388338948214
train,63.0,48.00285108580103
train,44.0,44.59772438270646
train,15.0,27.531492140076793
train,40.0,45.529144182814115
train,24.0,24.824712370079162
train,68.0,59.64312945970044
train,54.0,47.866195269586896
train,68.0,57.61008196468898
train,61.0,57.67209860545378
train,30.0,37.86827203633261
train,48.0,52.595010226224474
train,61.0,56.78801748234951
train,68.0,43.791577373690394
train,24.0,23.19061781658302
train,15.0,29.375707814473486
train,63.0,51.88512345210505
train,44.0,47.97638578959497
train,48.0,50.30641448698279
train,52.0,55.83945271541457
train,30.0,38.64155016458986
train,50.0,45.90929569270469
train,18.0,20.275278152212962
train,18.0,25.795130993282406
train,38.0,41.05230372665123
train,30.0,40.50691428481233
train,52.0,51.101742293275294
train,54.0,63.06216322911607
train,24.0,48.4930386143336
train,36.0,25.238380711293185
train,50.0,57.4240517126818
train,52.0,33.89399843169493
train,63.0,53.99092959581397
train,42.0,46.91397869073457
train,52.0,51.90467160905676
train,48.0,54.517086899289545
train,15.0,26.26526563580519
train,24.0,22.198970940850806
train,48.0,54.06321746597984
train,34.0,28.854862474588277
train,68.0,60.441461559166484
train,54.0,42.77865823407958
train,36.0,31.09127175650859
train,24.0,22.41872311304426
train,63.0,49.84323912489327
train,59.0,61.35056795256156
train,68.0,60.02534601286676
train,61.0,56.49709650396741
train,50.0,55.02445747992455
train,50.0,52.348226356533594
train,24.0,28.142009315143106
train,42.0,41.966358277430984
train,61.0,44.40904349232696
train,50.0,52.26943250623704
train,63.0,50.53138509930049
train,56.0,52.965577805888955
train,63.0,49.67780255907606
train,50.0,45.96209552996269
train,61.0,59.54563286802905
train,15.0,41.16893443097791
train,42.0,27.91469866390576
train,63.0,50.855336122021946
train,38.0,35.56605437024092
train,56.0,53.061809647988866
train,36.0,45.14629961485022
train,68.0,58.56971160893066
train,61.0,57.89765134017334
train,68.0,59.27462873296727
train,56.0,51.80909119193723
train,38.0,36.542535462889944
train,68.0,59.60531549689938
train,46.0,38.388005912370815
train,46.0,46.59672580495376
train,40.0,42.76032429482663
train,50.0,51.67907473973795
train,50.0,52.74972442477028
train,40.0,44.80297614919292
train,24.0,35.90456916496523
train,24.0,25.705664436571983
train,61.0,57.36643020588027
train,38.0,36.96774395834095
train,40.0,43.484424301286
train,50.0,35.907506718767515
train,24.0,22.865504353496785
train,46.0,44.898975256162764
train,48.0,57.7158707495011
train,59.0,49.5165368994585
train,56.0,56.559264074740426
train,46.0,45.378259299562885
train,59.0,57.67961318317283
train,24.0,21.2238887379099
train,48.0,49.16928151969591
train,36.0,40.78180523607622
train,54.0,61.65509081162129
train,15.0,28.0864393812435
train,42.0,49.05556379013664
train,59.0,49.37292944424149
train,46.0,52.480049937001404
train,56.0,51.74170823875178
train,54.0,60.601883936901785
train,18.0,15.205017217839714
train,36.0,47.82796521099792
train,24.0,24.138341658282744
train,63.0,45.8262022861382
train,59.0,47.46541337413919
train,44.0,44.05627084234162
train,56.0,52.68404757565631
train,24.0,14.638008872226106
train,61.0,58.74969472852595
train,61.0,58.94804905449952
train,63.0,53.02310142100549
train,42.0,23.592590997317103
train,42.0,44.11873289421247
train,18.0,24.801316297012473
train,24.0,26.9124560819259
train,63.0,48.89949863968593
train,63.0,48.693253515957345
train,50.0,50.675375910620886
train,18.0,39.328157897430074
train,48.0,49.72768904841698
train,54.0,61.86235314391159
train,46.0,46.30423414526686
train,18.0,21.537569398402244
train,52.0,55.9429503030584
train,54.0,59.936290860661096
train,59.0,36.988690868844486
train,30.0,38.95142776760434
train,24.0,28.20569610479899
train,50.0,44.58656154209267
train,42.0,47.006068247194186
train,46.0,46.176373163716896
train,68.0,58.501493716775784
train,44.0,48.09184780914466
train,54.0,44.82972646538013
train,24.0,19.568778780625088
train,63.0,49.09638915068574
train,59.0,59.31481927441141
train,56.0,57.128131924220455
train,44.0,44.390985401521945
train,30.0,39.19821398867206
train,50.0,41.44641900154623
train,44.0,43.24934568306373
train,48.0,53.80838724259107
train,48.0,51.246886447478204
train,36.0,28.766210153108503
train,50.0,50.201955956185714
train,54.0,57.21288988569671
train,24.0,23.033324875847427
train,54.0,54.12188769719523
train,30.0,40.543655200164935
train,63.0,52.71964890780684
train,63.0,51.847186667049655
train,15.0,23.929792893780565
train,59.0,60.503427431781105
train,56.0,54.95433495338661
train,48.0,51.09163223878792
train,61.0,56.30987365060527
train,54.0,60.71250533018386
train,42.0,39.9323850584778
train,59.0,56.64820184089654
train,42.0,44.09970369200546
train,30.0,38.77167490504887
train,50.0,52.188944546120545
train,52.0,51.863134901220754
train,24.0,25.629377756581643
train,54.0,38.93542758667192
train,40.0,42.18398158810484
train,63.0,54.36993929956621
train,44.0,46.25371403603639
train,38.0,35.122645071890496
train,50.0,48.07555103554981
train,54.0,60.985813321053186
train,68.0,61.30217121711776
train,36.0,25.17596027775531
train,61.0,57.53975960562925
train,50.0,48.57071244121147
train,50.0,52.480341715153344
train,59.0,57.87793762149545
train,68.0,46.199049804784295
train,50.0,53.59878352446955
train,50.0,50.86665007953455
train,24.0,19.60864425842884
train,24.0,24.451488253209288
train,56.0,59.264264429596075
train,24.0,25.618910623071777
train,30.0,40.079797650916994
train,18.0,23.56145860625738
train,44.0,41.73033430416743
train,56.0,57.23518673033067
train,24.0,21.457654316268442
train,61.0,58.747371980590486
train,15.0,40.08216223698885
train,61.0,58.57549574091631
train,48.0,52.31306330316714
train,24.0,25.241941088247405
train,30.0,45.2263468840858
train,59.0,39.714543731062044
train,40.0,41.33426322774302
train,48.0,48.81581656335935
train,24.0,26.00844542181907
train,38.0,35.408027205075584
train,50.0,54.56100432572914
train,52.0,52.968808523174104
train,40.0,45.54480885045303
train,54.0,64.54142907532461
train,36.0,27.79195717535674
train,59.0,59.704816781655765
train,50.0,51.37372900219533
train,30.0,38.315730964250065
train,61.0,57.97026208290614
train,30.0,35.90758694527169
train,36.0,27.945477134663424
train,15.0,25.767855462706585
train,50.0,51.570500104036014
train,42.0,42.91914266049152
train,50.0,56.1827955365349
train,15.0,27.302098814533856
train,48.0,51.61279830310792
train,24.0,26.85704432842457
train,63.0,51.69067728339273
train,61.0,58.21711625046133
train,59.0,59.026690031611835
train,44.0,37.59597353006949
train,30.0,37.09834688579835
train,30.0,38.070393986617226
train,44.0,40.45759789847527
train,50.0,53.821065505152774
train,50.0,55.97412183113544
train,52.0,50.78351219115471
train,44.0,48.62704316147745
train,59.0,56.55084026197913
train,44.0,41.60187502545767
train,56.0,54.021386424146115
train,50.0,48.630601834189086
train,18.0,15.778988533517765
train,63.0,52.610746282301434
train,61.0,57.5048777558659
train,18.0,17.357255929511467
train,54.0,55.89202569814907
train,61.0,59.54509875260504
train,24.0,27.050357393768387
train,48.0,51.335021010979055
train,24.0,27.14325312724247
train,56.0,56.439067653376156
train,61.0,60.55425013927307
train,30.0,36.88999483233749
train,68.0,60.10237525598053
train,24.0,21.99555583716465
train,15.0,29.62511664083781
train,54.0,59.33713148689605
train,38.0,45.877507984434374
train,50.0,57.12574290443235
train,46.0,45.37051501525981
train,24.0,25.463863809016864
train,56.0,57.19999090131637
train,30.0,37.16475539235411
train,61.0,58.22708034752614
train,24.0,24.170023210511424
train,38.0,44.39273434069748
train,61.0,58.479989430808686
train,24.0,30.51735828932467
train,24.0,20.360768423769347
train,36.0,34.90066905766217
train,15.0,29.036340304563886
train,38.0,31.252313305830018
train,52.0,53.229604330097644
train,42.0,41.11173032877117
train,56.0,55.39204927634597
train,59.0,58.72094434522071
train,56.0,52.79858444280001
train,48.0,52.57814417956189
train,24.0,23.57843652285509
train,63.0,51.22268554825416
train,46.0,46.66906904773221
train,48.0,52.03918009162241
train,50.0,52.478283996358684
train,34.0,34.388736091616074
train,15.0,25.771636439830708
train,38.0,36.65335254107884
train,15.0,30.440657035064035
train,68.0,57.269002415441975
train,59.0,60.43177863663746
train,30.0,34.43309378973311
train,44.0,43.446163511632506
train,46.0,46.72730464779785
train,44.0,44.86641051537811
train,59.0,63.49721094260477
train,24.0,23.268535167305284
train,50.0,51.86285645762981
train,38.0,36.46926800756111
train,42.0,45.441070014748234
train,18.0,20.73037239738949
train,50.0,58.074450486967365
train,54.0,39.5533828014397
train,40.0,42.82312125276032
train,68.0,40.24275485514674
train,63.0,52.73339377104183
train,24.0,26.079134586914897
train,61.0,59.21461239320788
train,44.0,38.703604980056866
train,30.0,39.23473124572196
train,36.0,31.955317265060366
train,63.0,50.037252050165414
train,34.0,37.134783786082764
train,36.0,26.914566662351728
train,18.0,28.0178279275623
train,24.0,23.889954250879153
train,40.0,45.813726560402266
train,52.0,48.719822424892314
train,63.0,46.06357883479514
train,18.0,19.544848317576676
train,46.0,47.714243287981304
train,54.0,59.885732776345904
train,24.0,20.124742586264524
train,40.0,43.554647733228435
train,42.0,26.464308496206492
train,56.0,55.3370431752178
train,46.0,42.741220984481515
train,59.0,56.660308219008
train,44.0,45.442702743911134
train,15.0,27.584862556880132
train,18.0,13.888699013890612
train,50.0,51.419884302455685
train,15.0,23.38289558160696
train,50.0,52.683883622613166
train,63.0,47.102651220348854
train,50.0,50.73758197913962
train,36.0,37.777476017340774
train,24.0,19.810107303091804
train,46.0,48.982111982431576
train,59.0,29.392442188736574
train,52.0,48.55523143407761
train,46.0,49.14790728392095
train,15.0,24.92294274579064
train,50.0,52.56552068293213
train,30.0,35.525422949873594
train,68.0,51.33564594314807
train,59.0,32.26993834576883
train,46.0,45.945822117134455
train,46.0,51.198621952013255
train,15.0,26.53173798817251
train,54.0,45.196763845911356
train,50.0,45.03735527718791
train,63.0,46.452561908940545
train,68.0,56.01983005586406
train,63.0,47.07866640055097
train,24.0,21.85076637052188
train,36.0,47.39410477654544
train,56.0,50.447846871905824
train,68.0,46.235055240483675
train,15.0,52.11367999277681
train,59.0,57.7581818164638
train,46.0,44.33950693885162
train,50.0,52.291527467288745
train,30.0,45.05258343038406
train,50.0,51.93412662430153
train,68.0,58.011862221695736
train,63.0,52.593120730576246
train,61.0,59.349195937944145
train,24.0,24.464449407341124
train,54.0,45.93084845818576
train,44.0,43.189472011993026
train,42.0,41.69721267334812
train,54.0,41.58352829518687
train,40.0,43.81617129055853
train,50.0,51.92300747884621
train,52.0,51.18034929943673
train,24.0,27.24056689601536
train,38.0,33.74925203801502
train,68.0,57.687697649121844
train,48.0,54.38133539565321
train,42.0,42.066741306889284
train,30.0,42.742130368413946
train,42.0,39.889745556787744
train,24.0,23.872527406895117
train,15.0,24.95284397962112
train,48.0,51.81998197963654
train,30.0,38.33370172364915
train,50.0,51.32040679469697
train,50.0,50.377146470613106
train,52.0,48.30977077675102
train,59.0,49.90136972176103
train,40.0,41.271727971213195
train,38.0,38.93620663844645
train,34.0,33.17870963433526
train,30.0,39.95512205808625
train,38.0,39.39124479833011
train,59.0,46.105697180906034
train,38.0,32.316513765767965
train,15.0,30.42059195910734
train,30.0,46.16413244453112
train,24.0,15.2728248336045
train,48.0,50.20238814483304
train,50.0,60.96920990613034
train,15.0,31.874508631080175
train,30.0,38.81766705456923
train,50.0,49.70677652507062
train,24.0,30.17178229760333
train,59.0,59.23212885018657
train,50.0,51.90034917901199
train,54.0,61.409680289218905
train,50.0,54.70191112048212
train,68.0,58.53653444381084
train,54.0,60.131657982331035
train,38.0,36.33624454093617
train,15.0,32.24680878414813
train,59.0,39.751755723324365
train,42.0,44.826040810700334
train,46.0,48.58603276786794
train,50.0,50.04819521525321
train,63.0,52.42207487458393
train,48.0,51.30750741479572
train,68.0,59.51647056855087
train,61.0,58.01761191335837
train,38.0,37.32722866439571
train,18.0,52.634697400757204
train,63.0,47.72665252265645
train,56.0,56.973609791748096
train,18.0,44.553592857970514
train,59.0,61.95220420116492
train,24.0,26.52227168055386
train,52.0,50.93499946553017
train,18.0,22.178659808696636
train,50.0,49.38925759167606
train,34.0,34.68691204371724
train,56.0,54.33563511497951
train,52.0,56.23478500268306
train,38.0,38.065416680174614
train,50.0,46.25532767438075
train,38.0,33.596763313524306
train,38.0,36.162999531708536
train,59.0,60.14559722768425
train,18.0,36.17537728700182
train,24.0,22.787241905977254
train,18.0,12.717044476546363
train,68.0,59.191890356952925
train,68.0,58.21035069179288
train,52.0,52.20144984567049
train,46.0,45.655569368484734
train,52.0,56.7889703023441
train,42.0,39.85999902463982
train,38.0,34.763582701621885
train,54.0,50.855546996118115
train,48.0,40.6950614425936
train,56.0,54.37359571357262
train,15.0,24.963619356135393
train,68.0,58.03380785150086
train,46.0,46.96011144135735
train,44.0,50.489405415733046
train,36.0,42.89639662550393
train,61.0,58.53011779575685
train,15.0,27.054851522453085
train,24.0,24.672251216794688
train,34.0,35.928169422667224
train,54.0,53.43673615746115
train,38.0,37.16879065996975
train,18.0,19.6978297080132
train,54.0,58.63735800315797
train,56.0,51.3799742037006
train,63.0,53.32727575006269
train,44.0,41.48012926239108
train,61.0,56.391031653971496
train,63.0,51.36846878081288
train,34.0,28.614383004716995
train,44.0,44.06408454363824
train,46.0,46.13224363800519
train,44.0,40.7025087294326
train,40.0,49.08702473900121
train,59.0,57.0374692630049
train,15.0,22.628997150706724
train,40.0,46.160234300204515
train,54.0,60.61758264278229
train,48.0,53.072568675228645
train,63.0,45.324221544255856
train,56.0,50.27360478015195
train,63.0,51.88721786883342
train,30.0,37.26681045735346
train,44.0,41.33103725721426
train,24.0,22.744501599596266
train,63.0,47.892061877927205
train,68.0,61.80627876932637
train,38.0,45.40809225331087
train,59.0,53.369828331081855
train,50.0,36.047071964338
train,38.0,35.68943510353683
train,24.0,18.288225939719393
train,54.0,52.327949703677874
train,63.0,47.655304890802086
train,50.0,58.04732646164099
train,18.0,19.801755997846005
train,63.0,55.043690724808215
train,40.0,49.268517220893244
train,34.0,36.712631587586166
train,50.0,53.23965661081313
train,61.0,60.00014359889063
train,38.0,32.61165485035476
train,54.0,61.284884193707924
train,36.0,32.27627030705554
train,18.0,18.41740262785215
train,68.0,57.466711176089035
train,61.0,57.965149187054415
train,24.0,18.489154344740168
train,24.0,25.72826378411334
train,24.0,23.66313993865421
train,61.0,54.08340111544837
train,24.0,27.57492093398899
train,48.0,51.16178762817754
train,24.0,25.66613366836262
train,38.0,34.87132141751115
train,15.0,26.17767870050658
train,24.0,21.979985701609653
train,30.0,39.8626731724789
train,38.0,34.30369685826855
train,63.0,50.07854825521707
train,38.0,32.203243473962786
train,44.0,32.77188764053575
train,36.0,28.546287042070574
train,68.0,57.74045921641751
train,56.0,58.038809450492586
train,50.0,52.37912550912489
train,63.0,29.861272594049737
train,36.0,26.18055005814205
train,30.0,38.9964152302077
train,24.0,23.94901084496152
train,36.0,38.30935112631128
train,44.0,44.2498672388016
train,38.0,35.953133013436805
train,24.0,21.97298338332895
train,30.0,39.303770337279175
train,50.0,53.523592047147375
train,68.0,57.98028278266224
train,30.0,33.50723775538947
train,42.0,57.33816610647651
train,24.0,21.449433714737367
train,50.0,55.69251940818687
train,15.0,23.076913427976447
train,59.0,46.15387284155626
train,42.0,44.42064559159371
train,15.0,28.979101478305047
train,68.0,59.478744664580816
train,46.0,45.13572341802237
train,59.0,62.25620391188246
train,52.0,41.55544675404564
train,30.0,36.76219684299029
train,46.0,45.45978863371064
train,52.0,51.44367891875718
train,50.0,57.038917874498864
train,24.0,22.40422805504955
train,38.0,44.671019136862625
train,24.0,23.54279218762326
train,24.0,25.14098243191707
train,38.0,29.25103882906176
train,61.0,59.04137488516119
train,15.0,20.688225593072037
train,40.0,44.141587345041685
train,68.0,59.73096524577837
train,38.0,51.331253098441046
train,59.0,61.05378160367553
train,54.0,58.034121758500696
train,24.0,31.098930200901222
train,24.0,20.33662451362737
train,59.0,59.1542288256684
train,61.0,57.308783513904736
train,34.0,31.28332522285747
train,24.0,23.118435630306703
train,54.0,56.06698847048024
train,44.0,42.2792640855779
train,18.0,40.096616717784755
train,59.0,52.67647439163391
train,24.0,25.133885230904376
train,50.0,57.03200266546197
train,50.0,46.083778372013995
train,63.0,55.125993849691795
train,34.0,33.4480777825507
train,24.0,22.82386391723024
train,38.0,31.334545554853754
train,56.0,55.58721313805063
train,54.0,58.830912430733946
train,24.0,26.18872872005137
train,63.0,49.97662500479898
train,40.0,45.8682124719841
train,44.0,39.40316570710115
train,46.0,49.05158565495504
train,44.0,46.571855762311415
train,68.0,58.4062666817112
train,18.0,19.051191074748523
train,54.0,36.95130013499672
train,38.0,32.32945297879149
train,68.0,42.53673497974861
train,59.0,56.18513090919518
train,63.0,50.00282844010015
train,68.0,56.819278476664095
train,44.0,42.242355848085346
train,63.0,52.59673904110481
train,52.0,51.29833746542536
train,63.0,53.26102047526986
train,34.0,35.07044486300431
train,30.0,35.14051867913077
train,24.0,23.752040517867904
train,34.0,43.583075982917094
train,52.0,52.54132374201404
train,42.0,36.527414830060636
train,59.0,36.756957899658765
train,68.0,62.12462343219458
train,38.0,43.728702078707244
train,44.0,45.00054346713431
train,68.0,58.98933671163667
train,61.0,59.010345050262316
train,52.0,53.459811429407985
train,48.0,54.91703258205244
train,68.0,62.44691282227338
train,38.0,32.41722443398544
train,24.0,19.109433147348444
train,52.0,55.14235421572556
train,68.0,60.62416492858554
train,48.0,41.03992740590063
train,38.0,39.70448339662192
train,54.0,64.1223440252584
train,18.0,21.72659860099347
train,18.0,18.496705192936204
train,42.0,41.54962373458271
train,50.0,47.77222998254219
train,30.0,34.80895186284504
train,63.0,49.383517741981564
train,46.0,46.077204355290384
train,56.0,51.13956056564372
train,30.0,37.416475174609474
train,61.0,57.058388965660605
train,15.0,15.633897008304828
train,63.0,49.98092875758291
train,63.0,50.21057889438135
train,56.0,52.807767972341395
train,50.0,55.047130294145994
train,46.0,50.41650003360435
train,48.0,54.652298850287174
train,15.0,30.45729518742349
train,30.0,35.73303817980497
train,59.0,59.057045052927485
train,54.0,67.23069202306607
train,38.0,50.93215812185254
train,50.0,51.81253973194756
train,46.0,49.2914161510306
train,15.0,39.673201349576104
train,30.0,41.03483923052589
train,59.0,54.92397128347393
train,46.0,45.63937028150894
train,40.0,43.294148422440344
train,56.0,51.539825695889476
train,61.0,59.07501436079299
train,44.0,41.36573382964773
train,42.0,37.09114553361583
train,30.0,39.338964738179165
train,24.0,19.173958891666004
train,44.0,42.52047355726573
train,59.0,41.69815215587989
train,63.0,39.81075517079016
train,56.0,44.66965835698093
train,24.0,21.2028190640043
train,52.0,57.776784717864125
train,18.0,40.43333655866311
train,38.0,39.680838126698895
train,18.0,17.678319576422414
train,15.0,25.400345600484687
train,40.0,41.489541505848386
train,52.0,51.58661416636683
train,48.0,53.86274565158559
train,46.0,52.22989217765686
train,44.0,38.550069949472785
train,18.0,22.512009264210704
train,48.0,52.78624287633862
train,50.0,55.092992480132864
train,46.0,49.00469244628966
train,18.0,17.226794132551298
train,18.0,31.890068821652328
train,48.0,50.77409048424728
train,59.0,53.01413560177732
train,24.0,26.59988150444478
train,42.0,38.786951098898165
train,18.0,19.263410252935515
train,56.0,55.57407952522718
train,34.0,31.19224883178868
train,38.0,44.941545336217416
train,63.0,53.586920107114196
train,18.0,29.736078198341062
train,59.0,41.35220461796229
train,30.0,35.67525788361834
train,24.0,24.449564445278995
train,34.0,37.79149771934465
train,52.0,56.289577955284294
train,63.0,54.450697827298505
train,34.0,35.45874231500485
train,54.0,59.93038082429418
train,42.0,41.6639556929081
train,30.0,42.320509524504445
train,42.0,35.211813179764206
train,38.0,32.035931666183856
train,30.0,38.99341474612176
train,46.0,47.110366452633336
train,68.0,61.565397358607626
train,30.0,40.319862223252194
train,44.0,40.96658542996684
train,68.0,60.95801431177545
train,24.0,20.554555866770237
train,61.0,56.73283501973527
train,38.0,35.16323473346092
train,48.0,53.05449964922505
train,50.0,52.14381192535444
train,34.0,37.896939674936235
train,24.0,28.59536868663549
train,61.0,59.80707524944056
train,50.0,51.60572794065633
train,56.0,40.76565281267065
train,63.0,49.45474960666574
train,50.0,48.04919623196854
train,42.0,15.34375613708048
train,50.0,50.125983946492426
train,52.0,53.09546552276086
train,59.0,58.2066074364612
train,50.0,50.8117479778613
train,38.0,49.17186807369152
train,50.0,35.215802969619574
train,24.0,21.591711273025837
train,48.0,53.65224606830018
train,34.0,36.572858699916424
train,56.0,55.6061593961685
train,38.0,37.30960144558768
train,68.0,60.35406000204326
train,54.0,64.8274812430061
train,48.0,53.428118967518415
train,56.0,50.37639732265254
train,15.0,25.99540229283596
train,40.0,46.68737042389624
train,48.0,53.4597240543576
train,36.0,26.438183491049546
train,15.0,24.555319928933418
train,15.0,28.67589964975629
train,18.0,13.93124640290571
train,38.0,31.128463279386956
train,40.0,44.736260900409555
train,44.0,48.46280139486549
train,44.0,52.52525523181654
train,38.0,32.02601752058192
train,30.0,38.40131223807149
train,24.0,22.930081227783944
train,24.0,25.129576291449546
train,59.0,59.43888673864009
train,15.0,45.340027703168595
train,59.0,62.81912506242495
train,48.0,48.072004066636694
train,59.0,59.60383525534874
train,18.0,24.637344433102093
train,40.0,43.033119706053775
train,18.0,28.949255285715893
train,52.0,48.476487570155534
train,68.0,59.184248900604885
train,48.0,50.70731860250753
train,50.0,49.56576936390754
train,52.0,53.53329737654142
train,34.0,34.48142922526627
train,36.0,41.10296494911723
train,44.0,41.37107897431834
train,61.0,54.71885081229365
train,24.0,22.86518867838926
train,50.0,55.81672418892787
train,68.0,60.548019327327005
train,52.0,36.742670677057774
train,63.0,47.3548335521089
train,24.0,16.179089324321048
train,24.0,20.71339793501196
train,52.0,56.401408514364505
train,15.0,27.3816566510246
train,56.0,53.67457446333435
train,38.0,38.89836522881191
train,56.0,42.40337196754516
train,36.0,32.81394870480746
train,36.0,44.559788822893644
train,24.0,26.36233474698326
train,36.0,47.998410232742145
train,59.0,58.290104448779736
train,18.0,19.588696218686938
train,24.0,23.73556972340381
train,40.0,43.55971321177062
train,15.0,30.371454236527207
train,18.0,45.46122536116805
train,56.0,53.5806792082945
train,56.0,53.89489500976106
train,18.0,17.182794417142198
train,63.0,51.654468046828164
train,63.0,44.66006294209015
train,48.0,56.7200441560618
train,30.0,31.412288444969736
train,50.0,23.537127002911504
train,50.0,53.223537200227454
train,68.0,59.08058581745237
train,50.0,50.0489582143841
train,50.0,54.733862949297
train,48.0,51.578531831500825
train,24.0,25.239375088242006
train,38.0,35.43860507964985
train,24.0,21.90433734539351
train,34.0,34.914270388749785
train,56.0,56.08674879236239
train,54.0,60.50211811409754
train,42.0,34.89611550905361
train,18.0,18.00909496556315
train,63.0,50.47289032079294
train,38.0,34.29771922454136
train,38.0,35.767449486880466
train,30.0,40.158710277518736
train,18.0,29.745764511950217
train,15.0,21.381558172899354
train,56.0,53.49681578239285
train,56.0,58.14346175974164
train,48.0,51.96265609318121
train,42.0,44.02937384657135
train,61.0,56.97590949781073
train,24.0,24.75744949807583
train,34.0,29.97812250833637
train,54.0,50.588622018125065
train,50.0,40.4999748461815
train,50.0,48.344760374210026
train,63.0,44.47212535133025
train,18.0,13.014954858171183
train,15.0,56.98171914067652
train,46.0,50.91124504557207
train,56.0,44.44435006932441
train,18.0,45.55536032891064
train,63.0,62.98648735329324
train,46.0,44.96433072183867
train,46.0,48.483650241234244
train,54.0,46.61402569719079
train,63.0,50.358222616517885
train,61.0,57.28858390828654
train,18.0,26.016055450561616
train,36.0,30.130967242573913
train,61.0,60.45460706364494
train,50.0,53.505939694007594
train,61.0,56.5878270328876
train,52.0,52.18372410602618
train,24.0,24.239047366369107
train,42.0,34.592528560317746
train,56.0,52.40603774240135
train,42.0,23.435558758567186
train,40.0,42.922617894794456
train,24.0,22.4681432878511
train,68.0,51.34257877677362
train,63.0,55.480805915435795
train,46.0,48.88972157525712
train,46.0,51.26085679924401
train,50.0,51.33821254682951
train,46.0,64.69900764481338
train,24.0,22.637689413848125
train,50.0,49.960138675754806
train,42.0,42.95264739568441
train,18.0,17.75334716610524
train,61.0,58.90558388375022
train,54.0,43.185045048418374
train,18.0,21.074969713762794
train,61.0,57.82656090430752
train,24.0,23.183577529152554
train,54.0,43.94034277920025
train,38.0,36.31336214533367
train,24.0,21.221292839609582
train,24.0,27.484191932916033
train,34.0,34.569453148588906
train,63.0,50.73417680517066
train,68.0,57.707688653323366
train,42.0,41.77536690802338
train,30.0,37.690173573890384
train,54.0,57.74107430348025
train,50.0,49.09650267063409
train,44.0,40.71706818868586
train,38.0,37.739555412413765
train,46.0,48.37303802376646
train,18.0,19.089383918251457
train,59.0,61.92347520895784
train,30.0,42.378018129630995
train,48.0,52.724188571174786
train,38.0,33.24867039447854
train,54.0,51.11465854486323
train,15.0,27.442917106819504
train,68.0,59.91107047265024
train,54.0,59.986582621395186
train,54.0,50.996639878373244
train,59.0,58.454725502015876
train,52.0,51.63875047554777
train,50.0,55.609351957442925
train,44.0,42.59394520970129
train,54.0,63.51407455280058
train,54.0,58.57014297254149
train,56.0,52.434730329175366
train,54.0,61.62344727990237
train,24.0,21.594327349339554
train,56.0,55.97149033705204
train,63.0,51.41725901292712
train,68.0,57.604503701946825
train,54.0,51.32718860750972
train,36.0,29.86759746325677
train,40.0,45.72573457417405
train,46.0,46.840551122426874
train,50.0,53.76323961805164
train,24.0,22.17021098078319
train,61.0,61.014721851664056
train,42.0,39.46921408373037
train,30.0,37.12037631062354
train,56.0,36.414845952332264
train,30.0,32.71925252376809
train,61.0,58.50565312469443
train,40.0,44.02203833552986
train,59.0,60.30034887077239
train,63.0,45.71154311139786
train,54.0,41.452112132869985
train,52.0,52.49913723859092
train,46.0,47.93548318495729
train,50.0,41.671577161552904
train,50.0,45.803875968424876
train,46.0,49.32752905797079
train,68.0,50.1155963580038
train,15.0,26.186609792964138
train,30.0,36.24784921427154
train,56.0,53.324528305840154
train,30.0,37.00749010005278
train,24.0,21.713023822493003
train,38.0,31.32174653174873
train,56.0,55.75692425848184
train,50.0,49.11135711938121
train,50.0,53.749482772096336
train,18.0,29.78926791979714
train,46.0,49.72632246920037
train,59.0,47.96803622807172
train,46.0,51.52584420956276
train,50.0,48.03228387334876
train,52.0,54.96816917018323
train,15.0,27.954116895716076
train,34.0,38.16565851524288
train,63.0,50.59006552405004
train,46.0,48.42160453280771
train,24.0,24.717541499755416
train,52.0,53.910357888346994
train,61.0,60.86724079244257
train,38.0,31.619197150751056
train,52.0,48.30062373833219
train,38.0,40.53949411871675
train,56.0,53.5910941010799
train,63.0,49.610142010573114
train,34.0,36.29294129795214
train,46.0,41.640643101598414
train,50.0,48.23859983289039
train,38.0,28.78167513212145
train,50.0,47.83857243674525
train,52.0,51.0410255027721
train,48.0,53.145774210055755
train,50.0,56.16218542704942
train,59.0,59.37427708584511
train,48.0,53.41223018965424
train,56.0,58.56497385440762
train,24.0,18.655724548382302
train,56.0,54.074518448892405
train,63.0,47.54136619502118
train,24.0,27.913159487437763
train,50.0,44.037479402789366
train,18.0,16.82542132374195
train,59.0,54.80359887025313
train,44.0,45.34451044109479
train,63.0,51.79672882925479
train,18.0,17.583209895995815
train,46.0,45.5570322583285
train,42.0,57.83776926926061
train,15.0,26.040030802571582
train,15.0,26.02501611023805
train,38.0,34.81521738253696
train,30.0,39.58072713512359
train,48.0,37.55973704683915
train,50.0,54.5246789406614
train,38.0,35.173649432074065
train,68.0,62.424472597210574
train,34.0,34.70925837587957
train,48.0,50.8425552241453
train,54.0,65.47123712630312
train,24.0,25.739204825664853
train,50.0,45.544627395153164
train,50.0,53.632171676313106
train,54.0,63.027514693688104
train,44.0,41.011676402799246
train,68.0,55.6989451750685
train,24.0,25.354917425637392
train,24.0,24.980926885680656
train,48.0,52.93357836359252
train,68.0,58.609403851068905
train,38.0,41.14553994991479
train,24.0,23.22554061563101
train,50.0,53.35741299562774
train,68.0,60.15435642260162
train,18.0,20.57646803156852
train,56.0,52.57220694510428
train,24.0,23.079850570767483
train,34.0,26.754620134680955
train,24.0,21.10233525689169
train,30.0,38.20610932660828
train,15.0,33.96782617643814
train,48.0,37.580167954632124
train,50.0,37.39403215790681
train,63.0,49.202816029845906
train,36.0,28.06222543885647
train,30.0,38.234120107909035
train,63.0,53.05476286388679
train,50.0,45.18393273124201
train,24.0,25.78298706649415
train,18.0,15.931562381185064
train,61.0,58.467596570923476
train,15.0,30.685066245104355
train,50.0,55.14763940567234
train,59.0,58.910821913793654
train,34.0,30.719489193259385
train,56.0,53.77569986067532
train,24.0,24.923335449530242
train,18.0,19.000050003417297
train,18.0,23.769996420546775
train,36.0,35.177600582960835
train,15.0,45.233412578290675
train,24.0,22.06777111764536
train,52.0,52.93806541494273
train,50.0,49.96148386716426
train,50.0,51.565138392407746
train,15.0,25.946206068272666
train,42.0,37.44183392786523
train,61.0,44.365752247419735
train,24.0,26.522669610881383
train,50.0,53.36616219326513
train,15.0,26.392599091305957
train,15.0,34.593606209628035
train,42.0,43.17903725244701
train,63.0,53.22836484209731
train,59.0,60.14037722331913
train,68.0,57.2364680049515
train,56.0,49.97092463519142
train,18.0,28.54493185721246
train,30.0,36.82156433297318
train,68.0,57.50955309179962
train,68.0,60.25323245460309
train,56.0,52.490815632076334
train,38.0,32.78478595502911
train,15.0,30.36370440400776
train,40.0,44.48742572060996
train,18.0,32.33624345552607
train,36.0,25.048604264043682
train,24.0,32.098079589934116
train,61.0,58.88674294994748
train,38.0,39.670797932718784
train,38.0,41.056797578696845
train,54.0,59.92609615175566
train,15.0,26.650477307555647
train,42.0,45.49840812604595
train,61.0,61.15374176585409
train,54.0,58.55858621860202
train,18.0,19.21761689204005
train,68.0,50.69484790702627
train,61.0,59.424071875382296
train,24.0,24.324336673279113
train,50.0,49.49779570311507
train,61.0,59.88600963398412
train,63.0,48.49788598237856
train,40.0,44.27090652878066
train,24.0,24.980544411942848
train,44.0,42.07699255675882
train,63.0,47.18495180633372
train,36.0,28.8821737789607
train,40.0,43.003905035274094
train,61.0,59.41714038083706
train,56.0,45.053793216657226
train,44.0,44.22686713228086
train,50.0,48.28015717517913
train,63.0,49.979297450506316
train,56.0,46.124606721960774
train,24.0,24.537852816525604
train,38.0,39.21798015793921
train,50.0,53.49659370803295
train,63.0,50.504013919825496
train,24.0,21.37862396181171
train,52.0,51.5462954263759
train,56.0,54.99990783310571
train,48.0,53.131810046747574
train,59.0,60.296025786848475
train,54.0,61.94295583662762
train,42.0,42.73556812370304
train,18.0,18.92641602569616
train,56.0,49.256937618006695
train,50.0,49.87596883776849
train,68.0,60.541581093836875
train,59.0,59.77135591414722
train,50.0,43.974209703912855
train,40.0,43.952217519716704
train,50.0,38.390816404596606
train,50.0,50.14292438281548
train,42.0,39.02983243163949
train,40.0,42.96135468175292
train,36.0,35.59248430314429
train,54.0,59.260242029423246
train,63.0,46.629673118959325
train,24.0,19.27787500712253
train,56.0,57.94048008892014
train,24.0,27.484265078848672
train,52.0,55.47175277312914
train,38.0,35.18319852969009
train,50.0,53.87217369297257
train,44.0,40.90307470726928
train,54.0,64.32151527659806
train,68.0,63.84931596464875
train,15.0,45.538792653999884
train,63.0,49.537341930597
train,44.0,35.570638086451865
train,59.0,37.70995446048249
train,24.0,27.0323893354641
train,63.0,48.20532365829809
train,24.0,27.595076227586876
train,56.0,58.7571129594624
train,24.0,25.278504086623617
train,68.0,60.303952120792765
train,24.0,22.588262454408095
train,68.0,59.69934172713496
train,61.0,56.694970503222464
train,48.0,52.34274659273761
train,54.0,62.88350007980594
train,30.0,40.96874510983748
train,24.0,28.316125796549812
train,61.0,59.42438623494919
train,68.0,55.41270346881632
train,48.0,53.63234933593921
train,50.0,50.32718630794362
train,63.0,39.46418591737073
train,63.0,61.288861420271154
train,68.0,59.19081427552814
train,44.0,42.910192757454375
train,46.0,47.07336996166854
train,44.0,42.69873879654582
train,40.0,42.57340089991802
train,38.0,36.92322626954159
train,46.0,44.78311112036692
train,59.0,61.73407365595969
train,44.0,48.498821501063134
train,44.0,40.92096541648803
train,18.0,22.7543830816331
train,63.0,49.10349735077121
train,48.0,55.02830539040566
train,52.0,56.403977374299764
train,38.0,31.43288149304979
train,44.0,43.37641192426779
train,48.0,51.4286923654562
train,36.0,35.43226112829466
train,30.0,39.625414332188846
train,52.0,55.184433160621914
train,24.0,31.430397255364774
train,44.0,44.809264500995525
train,48.0,50.56007078993228
train,34.0,36.53284178202644
train,34.0,38.229541155629136
train,38.0,50.75017854458907
train,61.0,49.58489795002701
train,24.0,23.612499116856213
train,30.0,42.56112998532368
train,42.0,25.77913556227247
train,30.0,41.22460499588118
train,68.0,54.70321694245959
train,61.0,60.441833343354624
train,44.0,39.66540297550512
train,68.0,58.48209586759248
train,15.0,27.669213885748324
train,38.0,24.386659157377373
train,38.0,32.05625634172326
train,54.0,56.950965382163915
train,61.0,60.15484235652988
train,68.0,58.686840301604114
train,18.0,17.893678368962963
train,56.0,58.90065195011863
train,42.0,37.932901494122106
train,50.0,52.718988334478325
train,59.0,52.2118313213017
train,18.0,19.035524491853863
train,38.0,29.619569236746017
train,52.0,37.48548102169359
train,59.0,61.95892739308292
train,18.0,35.39451425751305
train,44.0,41.9682551525743
train,61.0,58.00278871943283
train,36.0,37.39667675431859
train,50.0,45.05143842826205
train,40.0,46.25390504193518
train,61.0,57.71482410504298
train,44.0,43.06742989896796
train,56.0,50.751015742284686
train,46.0,50.27459246997469
train,50.0,51.76439790850395
train,50.0,32.9068883321072
train,15.0,33.26639324264009
train,61.0,60.27232079861203
train,48.0,53.09536435550185
train,61.0,46.374616797278364
train,24.0,21.8880454247209
train,34.0,35.19557532032893
train,68.0,57.36747320972419
train,52.0,53.380756081096436
train,50.0,54.881071448187086
train,50.0,43.50216067054726
train,61.0,58.606263667751065
train,24.0,22.636244567108935
train,30.0,36.44604514281425
train,61.0,54.62446342804962
train,15.0,29.545085664759366
train,18.0,23.098713250437214
train,61.0,55.30637025333446
train,50.0,50.486597433331
train,63.0,57.45793586942618
train,68.0,45.31015423568538
train,50.0,49.48322036673873
train,18.0,18.85157929423139
train,54.0,62.03465856452514
train,59.0,27.892775810327674
train,50.0,52.18814170811517
train,63.0,53.05990389180306
train,59.0,60.01421528905315
train,56.0,54.304085711671036
train,18.0,18.742246750032407
train,40.0,45.555368599042794
train,15.0,41.86978516450522
train,50.0,37.83322603988161
train,50.0,49.08317719556886
train,30.0,36.83644807779088
train,24.0,28.78929761453077
train,38.0,48.07269250766994
train,46.0,45.96772234617204
train,24.0,19.935607035226763
train,61.0,57.533491732483654
train,38.0,35.59576328599333
train,63.0,50.902999891742624
train,50.0,50.03399608039819
train,24.0,29.620719813110135
train,50.0,52.662403690020405
train,56.0,52.12632207602363
train,36.0,46.063127618332345
train,50.0,53.86759668151449
train,24.0,22.742949051845017
train,46.0,46.08052654341993
train,24.0,24.730726705914417
train,68.0,57.65756975580283
train,48.0,38.98004960354931
train,50.0,47.10006641921451
train,54.0,37.91877655930545
train,50.0,53.94650598425575
train,40.0,44.52460410932579
train,34.0,33.79224857943926
train,54.0,47.923243958555794
train,54.0,59.9140856280302
train,24.0,23.823149701737535
train,40.0,43.754844054960756
train,52.0,53.490804425905075
train,56.0,57.48230958738386
train,54.0,62.41689266296565
train,42.0,33.87491230833092
train,36.0,50.39674349003296
train,24.0,24.47627043658683
train,38.0,30.61086578956413
train,34.0,38.0891589766897
train,50.0,54.62033594188278
train,50.0,52.73256133674939
train,63.0,53.258380072131565
train,24.0,26.59284792159322
train,48.0,52.454672015086125
train,54.0,63.94615874688589
train,18.0,21.130375001953684
train,56.0,54.97045493972073
train,44.0,44.103459014049946
train,15.0,47.10658077903741
train,24.0,19.729358042886815
train,61.0,57.58405363602954
train,61.0,60.934475865103735
train,63.0,49.41353403547889
train,59.0,60.24065551327183
train,59.0,59.72715795145414
train,59.0,44.11869441430146
train,59.0,45.08458705784138
train,68.0,58.85473476886578
train,68.0,60.35293447999978
train,34.0,35.64029630531318
train,52.0,52.42332871073856
train,24.0,21.98346203461181
train,54.0,41.66509955715688
train,38.0,32.77145404589729
train,46.0,48.346611882338244
train,30.0,45.651969081097384
train,50.0,51.78251555977319
train,68.0,43.83231600721077
train,59.0,51.78238264656101
train,42.0,37.855382622251824
train,44.0,42.31066928809648
train,36.0,37.38763556672488
train,38.0,34.42257179766213
train,44.0,43.32665203542252
train,52.0,53.98411521271031
train,36.0,27.868471781619917
train,44.0,43.879903885363554
train,61.0,57.98991500325927
train,30.0,36.815020558236064
train,56.0,57.390651016334836
train,34.0,34.16391379143477
train,15.0,31.28268013486489
train,38.0,35.13201530669394
train,63.0,46.77223604613688
train,15.0,34.57102679416411
train,24.0,28.657690452369486
train,24.0,23.365010642461925
train,18.0,37.79345675399065
train,38.0,34.58639572570934
train,61.0,55.5748052871849
train,68.0,58.23846854858565
train,30.0,36.7282714988433
train,54.0,60.440336230932246
train,68.0,59.62081055962589
train,68.0,44.61083294336917
train,56.0,57.08069813328008
train,61.0,57.65877648361098
train,68.0,45.79358616931892
train,52.0,52.45677239790778
train,24.0,16.151421560680397
train,50.0,51.17475017699626
train,44.0,45.4931383859228
train,40.0,47.47122854367501
train,61.0,57.2808812917293
train,61.0,59.038268901746925
train,38.0,44.91201095837751
train,18.0,17.47947487424982
train,54.0,60.11569317440144
train,18.0,15.964598060754767
train,44.0,34.15872577121602
train,44.0,47.71614905609535
train,24.0,17.91622190864334
train,56.0,55.552629273261175
train,59.0,47.33539626809269
train,63.0,50.82771537544127
train,36.0,37.68028634959406
train,38.0,46.42282408509185
train,24.0,26.17215820113635
train,52.0,49.61501662124641
train,44.0,39.65720000310974
train,56.0,51.12378827683969
train,61.0,59.77404882535844
train,36.0,30.20018645269068
train,36.0,47.19527855188708
train,56.0,54.952971111000195
train,15.0,33.174738335349666
train,54.0,61.686556541152456
train,15.0,26.724032727303968
train,34.0,37.286698019305206
train,68.0,59.401636602954035
train,50.0,48.88314877991737
train,30.0,34.686465155181615
train,52.0,51.88724080708921
train,42.0,44.006230404651575
train,54.0,62.77934853559427
train,50.0,47.46141362631136
train,34.0,35.80959484030573
train,54.0,41.58666593777224
train,63.0,47.48389312978432
train,42.0,39.08929143437651
train,46.0,49.64139304074607
train,15.0,23.612715521131634
train,68.0,59.241643664128
train,38.0,29.59290440024529
train,30.0,37.85574378082259
train,42.0,47.66327294815159
train,24.0,21.333205017207508
train,36.0,27.01934296541875
train,68.0,55.022150475943775
train,63.0,49.04948571487071
train,54.0,63.5963396080443
train,42.0,28.615018286657858
train,34.0,48.773560685491866
train,38.0,31.75795174904188
train,59.0,37.1877239657446
train,38.0,35.64080246253121
train,15.0,30.588238339575334
train,56.0,54.22884485926796
train,52.0,54.622734239180446
train,68.0,45.07495993609209
train,34.0,30.16276776339982
train,61.0,59.19375681507729
train,61.0,59.13221144313124
train,30.0,40.174518538730595
train,24.0,21.579572953066112
train,15.0,26.38513116500946
train,50.0,44.45004185013221
train,52.0,36.855276180189094
train,63.0,52.17235195581231
train,18.0,26.652261915508696
train,68.0,60.8003486872747
train,56.0,53.032034963986256
train,42.0,35.01400414885828
train,59.0,40.56758218393125
train,38.0,38.02358204084578
train,38.0,38.83505766709495
train,44.0,43.26112483074798
train,44.0,41.97522923784514
train,40.0,46.39109604954483
train,61.0,59.639957850094746
train,68.0,42.89777147435703
train,50.0,57.28369635566925
train,52.0,52.6084167342542
train,52.0,48.69725845305378
train,56.0,55.27081283129335
train,50.0,52.99466037387625
train,48.0,47.18150817661758
train,52.0,51.99518409471919
train,54.0,63.47092734310723
train,44.0,43.63725379664107
train,15.0,28.285998555399132
train,44.0,43.04623022638455
train,30.0,36.452128740309
train,50.0,48.4930517158945
train,50.0,42.479367784557816
train,50.0,54.79108950092701
train,24.0,21.43892380002247
train,54.0,46.266706086509835
train,34.0,31.275402815139234
train,48.0,50.57154809509181
train,50.0,41.46774569120716
train,46.0,49.53639426283701
train,59.0,57.02455917020497
train,50.0,53.40260925481845
train,46.0,50.29261256877416
train,50.0,49.0858033516334
train,24.0,19.459115291417852
train,40.0,44.664414701810784
train,24.0,24.652339149895596
train,61.0,57.008691527726725
train,18.0,22.922237181851575
train,38.0,36.15015982987059
train,36.0,32.98966797737033
train,63.0,51.61423922055158
train,40.0,44.854770633372134
train,63.0,52.17805111774034
train,50.0,36.4193431613938
train,24.0,22.185447789332976
train,50.0,48.94564571312793
train,40.0,41.61712723550217
train,61.0,58.176087938196275
train,46.0,48.6972580467591
train,50.0,51.24207818453563
train,18.0,21.578998674168126
train,59.0,52.76040441432322
train,42.0,50.23497068439459
train,56.0,53.98404670053709
train,52.0,51.63778584590756
train,24.0,27.84710276714995
train,63.0,49.399513577793016
train,50.0,54.75877786610094
train,18.0,15.84593061591903
train,34.0,32.80089084722132
train,56.0,55.18549636635122
train,48.0,54.686532724694366
train,61.0,60.02129218797095
train,30.0,33.3391082148763
train,61.0,58.770275204979164
train,36.0,31.83101388104984
train,24.0,26.73503344972597
train,50.0,52.81784911712612
train,50.0,53.196277824857745
train,50.0,47.249264215093504
train,38.0,38.944236999068735
train,18.0,20.436419917954815
train,63.0,51.83457539135909
train,54.0,62.234210744765406
train,18.0,39.718253596819686
train,36.0,41.28485145495096
train,24.0,21.339778159690574
train,59.0,41.890860331111476
train,30.0,41.44965754328866
train,48.0,50.9468137583717
train,44.0,39.99282877783897
train,61.0,48.413614557870595
train,38.0,36.511207626418724
train,34.0,37.02869942941132
train,52.0,51.81916656064572
train,48.0,44.9996086550728
train,44.0,49.505074005142504
train,48.0,55.37194363677719
train,50.0,48.7838561763917
train,59.0,57.29657419460831
train,46.0,40.69370882244707
train,54.0,48.09917621368695
train,54.0,50.70708114859855
train,44.0,41.90061545457854
train,56.0,51.85850135104057
train,68.0,60.882755488669645
train,50.0,56.81513871185564
train,50.0,23.861643857211433
train,56.0,50.05251584209455
train,50.0,47.73574704309836
train,36.0,40.0829304237482
train,36.0,31.884641779050447
train,38.0,38.8477177562284
train,50.0,52.20650337311223
train,18.0,32.856755272240314
train,50.0,49.24964536421451
train,50.0,53.24904080682512
train,52.0,47.784019733052126
train,46.0,45.17024836827077
train,46.0,48.71734710619115
train,59.0,37.37357172994817
train,42.0,35.35074303529057
train,56.0,51.09463567151545
train,61.0,56.457091639294916
train,18.0,19.787087333889364
train,61.0,56.38458631681307
train,50.0,39.095379923227775
train,24.0,24.192188035595706
train,34.0,47.997824454359574
train,68.0,56.57477689374048
train,24.0,25.60590128043935
train,56.0,56.919157423915024
train,24.0,46.22572395744928
train,30.0,39.30593557696769
train,68.0,57.620022905319814
train,18.0,18.98076444642664
train,68.0,59.97683406744467
train,15.0,45.03812025661111
train,54.0,58.79894182901249
train,59.0,62.06129663027197
train,50.0,52.179307770068746
train,46.0,47.73187334195125
train,52.0,42.7024656233492
train,54.0,58.395118939763314
train,61.0,53.472621244048874
train,42.0,42.670776976781895
train,68.0,59.17819092061037
train,24.0,23.545279286916486
train,30.0,32.959580346235
train,46.0,49.54335672558984
train,42.0,55.664095119420445
train,24.0,20.45228793568248
train,36.0,29.810378798549173
train,52.0,57.44094657500273
train,42.0,31.385323901545764
train,54.0,60.819869044274014
train,15.0,18.876924508454714
train,56.0,55.4994320550802
train,50.0,48.621871352278205
train,59.0,55.53821093832488
train,46.0,47.93838189043586
train,15.0,32.053866315215686
train,40.0,46.239642647232806
train,50.0,50.0244868891337
train,30.0,37.122624367510056
train,54.0,63.06125544515831
train,40.0,46.92178362523983
train,59.0,60.48505690613707
train,63.0,50.5253021750818
train,18.0,18.000946632852298
train,30.0,37.99157948273288
train,68.0,58.331515210837836
train,63.0,48.92803428541056
train,38.0,38.53405868931585
train,54.0,42.94401774152387
train,46.0,42.683347200240355
train,61.0,55.26200189494214
train,68.0,61.237415019757584
train,18.0,19.418891863839033
train,59.0,61.75995241955644
train,63.0,50.110668726239375
train,59.0,40.69223415027955
train,46.0,52.97335315921489
train,46.0,48.1184227441288
train,24.0,19.089678684507447
train,24.0,26.2945303310995
train,24.0,19.930533079374932
train,50.0,37.267690197432316
train,24.0,17.297580246664555
train,50.0,54.14790327367618
train,24.0,24.19000472585435
train,30.0,50.61922672194348
train,34.0,40.34004108975314
train,68.0,45.01100032487185
train,54.0,59.56800511740926
train,59.0,45.78183372721948
train,46.0,52.01329079219668
train,61.0,46.62598071611093
train,18.0,13.79546471236608
train,54.0,60.93319548851187
train,44.0,44.63460215500497
train,59.0,45.72930780427029
train,54.0,44.60835654623042
train,61.0,58.932926751232614
train,40.0,44.211999071297974
train,24.0,26.74425929274083
train,50.0,57.561511916268515
train,63.0,44.4542836219397
train,54.0,47.04315112925279
train,59.0,61.046960932484765
train,52.0,54.39570931067389
train,42.0,34.06936920979907
train,56.0,57.49808463949114
train,46.0,45.49674237923226
train,44.0,48.21642697769717
train,30.0,35.702266501540585
train,42.0,41.96496597354199
train,46.0,49.630135698889504
train,40.0,40.843068051615056
train,61.0,58.68406730800616
train,24.0,27.63574894486295
train,46.0,43.50593036537198
train,40.0,43.64445362262123
train,24.0,20.374397240818727
train,34.0,34.46819496408604
train,24.0,27.79595576696932
train,54.0,61.821788639742
train,24.0,22.598795357484057
train,56.0,56.555493224061635
train,15.0,26.471012806222515
train,50.0,50.537620370893535
train,54.0,61.60774313072099
train,42.0,38.39923282339694
train,42.0,47.08574546148962
train,44.0,40.473983262516185
train,34.0,33.83331952495939
train,61.0,58.30693842749986
train,46.0,48.369907657943074
train,30.0,38.331528011878426
train,46.0,45.924335631385546
train,40.0,46.643314695895505
train,15.0,31.744455530145643
train,59.0,52.37095634001625
train,59.0,57.23414860436753
train,18.0,33.43197624871169
train,68.0,50.11426389252868
train,56.0,52.46145307426587
train,46.0,48.05205858217216
train,68.0,57.24328075661072
train,24.0,18.777361845350285
train,54.0,60.93024976095566
train,30.0,26.553157723153348
train,61.0,59.023968684596056
train,38.0,41.690120427156835
train,44.0,40.726124502198445
train,59.0,62.726514174992154
train,56.0,54.43911973848196
train,42.0,41.776739913078465
train,68.0,59.03565338855796
train,18.0,28.280809773244876
train,18.0,15.539626985743663
train,15.0,19.198637986940184
train,54.0,61.19555100700485
train,46.0,46.06349070789276
train,68.0,59.76226808022625
train,48.0,36.44399581921928
train,56.0,53.94914523454305
train,18.0,17.534488327159035
train,24.0,21.854682907243873
train,59.0,57.1553340120676
train,24.0,19.026849333416745
train,50.0,52.60683427667347
train,24.0,23.768169980120852
train,59.0,61.322399848453834
train,48.0,53.424304138816204
train,18.0,46.13825684165759
train,61.0,56.04232083769879
train,63.0,45.6662812718926
train,18.0,24.59338234979649
train,36.0,14.584838280857067
train,61.0,56.49142712321114
train,48.0,47.152949952099306
train,42.0,27.72482633165861
train,30.0,38.56916722339356
train,30.0,48.87756916524643
train,46.0,49.74172358508053
train,30.0,39.08070165659667
train,56.0,56.71816094929983
train,56.0,56.22704021158715
train,40.0,42.75896969862435
train,61.0,58.58672458589939
train,63.0,38.10879543148377
train,46.0,48.780662157719895
train,24.0,26.12812776375396
train,54.0,60.465483229465605
train,34.0,28.214813657903917
train,24.0,24.59354713022546
train,50.0,54.35601158751699
train,18.0,16.841919286590013
train,52.0,32.46818808914742
train,36.0,49.007263991998606
train,40.0,47.079734636955884
train,15.0,23.322997807003077
train,61.0,56.68827424720221
train,56.0,51.972835875226934
train,50.0,48.61501573231284
train,50.0,47.47793811731087
train,61.0,58.85646942042631
train,15.0,44.26208265440958
train,61.0,60.5507257786433
train,34.0,32.45293689872222
train,56.0,56.29003567797617
train,46.0,49.221573213574594
train,52.0,50.87090181363419
train,52.0,55.97607041717222
train,38.0,32.43639344471461
train,50.0,52.62948482071715
train,44.0,44.50293614444557
train,63.0,47.23914416389276
train,63.0,47.549805494820696
train,34.0,35.14116338103088
train,38.0,35.90129696234605
train,68.0,54.37532077263466
train,30.0,44.27702813388144
train,50.0,55.10262708252446
train,34.0,31.358037216678646
train,42.0,38.85251822769408
train,36.0,42.3267521015077
train,50.0,44.50158632095801
train,61.0,58.12322275356236
train,68.0,60.905689184036966
train,61.0,57.804217761185704
train,36.0,35.27664482550085
train,15.0,25.352187774731565
train,24.0,29.29268430621176
train,15.0,23.694181869308462
train,42.0,34.39836644960672
train,38.0,32.32294597739046
train,56.0,38.285349490081984
train,38.0,33.45610259795552
train,68.0,61.37574556315033
train,50.0,54.34299823693566
train,36.0,44.23625416112791
train,56.0,51.36363511950369
train,40.0,46.33294150029244
train,56.0,55.534949480411356
train,68.0,57.53410512167683
train,50.0,46.72787390514315
train,59.0,60.5273424921897
train,48.0,51.11806266681736
train,46.0,47.484521215988785
train,68.0,58.72527126355783
train,40.0,44.5385138863066
train,30.0,39.92280244136981
train,48.0,53.635909805551336
train,50.0,56.59992983390707
train,15.0,27.25387451860753
train,40.0,40.860992117286976
train,63.0,50.369833839681434
train,54.0,57.61539945275369
train,50.0,51.44540009436349
train,50.0,55.8038840146886
train,24.0,23.561468263408702
train,52.0,50.8656849120041
train,24.0,20.019753848211224
train,68.0,59.53449322219746
train,50.0,41.14904463586196
train,68.0,58.75216857132901
train,15.0,29.993599313666742
train,50.0,54.32071653970357
train,56.0,50.10255462136937
train,61.0,58.08750178406321
train,50.0,50.075456958359844
train,56.0,55.26651710749918
train,59.0,58.789803489711844
train,42.0,42.0926723129458
train,54.0,61.268087654982
train,18.0,41.86123141064897
train,52.0,39.59690321607373
train,46.0,49.783630858768845
train,30.0,43.14401159337477
train,44.0,40.592129241311724
train,42.0,39.69160010737811
train,24.0,20.1461621546605
train,44.0,44.207553229445296
train,18.0,15.26609484537125
train,34.0,32.96363315309722
train,30.0,35.538464223022345
train,46.0,52.62594409964022
train,18.0,12.99510829653255
train,46.0,47.361552783016194
train,61.0,59.14434759003856
train,50.0,50.3030170228466
train,50.0,43.62049515603974
train,15.0,25.403187177152322
train,34.0,38.81477975326277
train,50.0,56.54087456854079
train,61.0,58.68973303736186
train,61.0,57.900701155216375
train,50.0,53.30383186733822
train,52.0,52.54771112851614
train,24.0,19.78314147047037
train,46.0,51.03361794845223
train,54.0,60.21791251213103
train,24.0,24.784523166451972
train,24.0,26.685224450648388
train,30.0,35.39090655673107
train,63.0,48.67202401652125
train,42.0,40.06476395744451
train,50.0,59.0341370508081
train,52.0,50.494296716248364
train,63.0,49.98587741544336
train,42.0,41.69102050024309
train,56.0,57.077664880502056
train,59.0,58.002413640147864
train,30.0,44.80640160439346
train,61.0,58.71751350845197
train,30.0,38.268293666992136
train,42.0,33.65341685643894
train,30.0,49.51359316116418
train,42.0,40.83502671671707
train,54.0,62.457944645686865
train,24.0,23.1597976482347
train,61.0,56.946363342335914
train,24.0,21.90399316118606
train,59.0,53.966737376879564
train,15.0,27.43127011190653
train,44.0,41.59660244954997
train,63.0,48.58133074650648
train,15.0,30.634176573088126
train,18.0,32.041556655111236
train,42.0,43.55926790457975
train,15.0,49.42019689790538
train,59.0,60.468762705545366
train,30.0,37.85092524373029
train,48.0,53.08540305790835
train,59.0,62.56283490278781
train,54.0,64.59572519332653
train,40.0,47.67387623779537
train,36.0,42.210436271388716
train,50.0,42.13430670932245
train,24.0,29.820557762390628
train,18.0,30.531340268298994
train,63.0,55.921370518863334
train,56.0,53.48417923393499
train,15.0,32.86349961236083
train,50.0,56.71450600517289
train,30.0,37.35250495613396
train,63.0,47.78148902847867
train,50.0,52.61705196085208
train,59.0,51.51984393609747
train,61.0,57.196879275260294
train,18.0,23.276577594580736
train,59.0,51.888575048205624
train,44.0,44.85958312831189
train,15.0,46.55268444060366
train,50.0,50.20352665668948
train,46.0,49.30425724000301
train,59.0,60.24758858530336
train,40.0,42.57460667614807
train,50.0,56.28956275085465
train,30.0,40.01536680282604
train,38.0,34.92037408885776
train,44.0,44.120532901751254
train,36.0,48.94901314613073
train,18.0,18.885933228872663
train,56.0,51.87820297798564
train,50.0,47.125584908152305
train,68.0,59.673451776745566
train,54.0,38.73075818723025
train,63.0,49.59067810280785
train,42.0,37.89323430473117
train,59.0,44.526021855999424
train,59.0,61.39869555283448
train,24.0,28.165067428903633
train,54.0,61.96085284304128
train,46.0,42.65009065206389
train,59.0,61.4340420293609
train,18.0,35.06524869249159
train,50.0,49.43480006977195
train,36.0,33.586359576260975
train,52.0,52.83998579379357
train,15.0,22.341465640063177
train,15.0,28.665072400417408
train,34.0,37.26329507462624
train,59.0,61.88485342275828
train,48.0,53.82556025185987
train,38.0,35.77211389486241
train,15.0,28.0477155382316
train,24.0,23.972538474312966
train,68.0,56.57107543753681
train,61.0,59.02581265120264
train,48.0,52.54406150871295
train,36.0,42.86239569183213
train,44.0,44.46419518761112
train,48.0,52.24463970719065
train,38.0,36.87290143472263
train,24.0,27.755597282676376
train,52.0,52.07152427021428
train,34.0,33.89739988416168
train,38.0,47.636092256767725
train,18.0,15.009349179679816
train,18.0,14.986355446572038
train,46.0,43.24060989964864
train,24.0,24.355508761621508
train,68.0,61.265613255842
train,40.0,40.73597794483744
train,36.0,34.82045536030509
train,63.0,49.46432628538819
train,24.0,19.971761409193785
train,68.0,58.88217299439275
train,18.0,15.309475617125326
train,24.0,21.56985106955926
train,44.0,40.40583871502872
train,50.0,45.29355163515727
train,59.0,43.52760370782255
train,50.0,52.87009788961575
train,61.0,58.16273966628498
train,30.0,36.746556760678736
train,15.0,31.971887679780806
train,54.0,62.52884126436581
train,61.0,58.01047295897184
train,34.0,33.44394580009938
train,34.0,30.02637595620523
train,68.0,60.78706792221427
train,54.0,57.22273252205785
train,50.0,51.38326983185755
train,18.0,33.008433106701446
train,54.0,61.880906403879656
train,50.0,51.254503377467195
train,52.0,54.58582808932399
train,48.0,49.65824631581914
train,54.0,51.49477623101641
train,44.0,43.77754526536496
train,50.0,51.94114522909774
train,59.0,56.74515706115122
train,38.0,41.84859344550981
train,59.0,56.647119787960115
train,46.0,46.511215461878756
train,30.0,39.22436942988171
train,24.0,22.188227309384512
train,44.0,43.24283808192031
train,30.0,32.56724630897049
train,36.0,31.21515394215851
train,63.0,50.17754372959142
train,68.0,58.74332420404788
train,24.0,29.271187421002615
train,54.0,52.98220378424621
train,15.0,26.310015415548925
train,50.0,53.76546682830747
train,36.0,47.45127803781378
train,63.0,50.1406617599096
train,61.0,57.09325003071057
train,36.0,25.514935868890166
train,61.0,51.85894683524947
train,24.0,22.577222468353156
train,46.0,48.76284940941533
train,48.0,51.54024643047357
train,46.0,52.356215055650694
train,63.0,49.09775864649132
train,50.0,50.24661894028431
train,40.0,46.32906638201232
train,15.0,19.742753537317228
train,68.0,58.071433448727014
train,54.0,42.89165382605755
train,34.0,34.40433555699358
train,50.0,49.899003918334856
train,38.0,47.97281554910897
train,44.0,46.15565575373178
train,38.0,37.33024890526604
train,44.0,47.602924310155544
train,68.0,60.25896118733504
train,52.0,42.27640816354299
train,63.0,48.72904546855869
train,18.0,20.959518464442347
train,48.0,54.118705768588995
train,30.0,37.84456603276233
train,50.0,44.75817701179816
train,46.0,52.57895874691873
train,61.0,57.65937942172346
train,68.0,59.96276623846318
train,50.0,50.349603788224464
train,61.0,59.04491241717659
train,52.0,55.05504007278643
train,59.0,58.89310495334408
train,30.0,33.67949379687621
train,63.0,47.505209100505915
train,46.0,47.49437084199596
train,38.0,56.21591365274165
train,30.0,33.17574264169012
train,54.0,61.01560406810826
train,24.0,23.543683931324175
train,42.0,34.67742188150662
train,36.0,39.34574367529427
train,68.0,57.826982798768256
train,48.0,55.395553114819634
train,15.0,28.923443744758718
train,63.0,51.76791981222516
train,63.0,50.099328053737466
train,44.0,35.8398431920534
train,46.0,44.56319375397404
train,48.0,53.47464950842463
train,50.0,55.0929154545499
train,24.0,26.450786699047676
train,52.0,53.1518683948274
train,30.0,40.02658566232723
train,50.0,36.70719361435241
train,63.0,54.503924650620625
train,50.0,52.96490341252289
train,48.0,50.22137123852565
train,18.0,23.780885201247507
train,36.0,49.80213635740209
train,24.0,25.796807191810522
train,36.0,48.27163449147572
train,24.0,25.224060900123938
train,68.0,60.454434888935154
train,56.0,38.66597903985184
train,24.0,28.129088343682223
train,18.0,43.85864398080105
train,54.0,63.018335453003075
train,48.0,49.8491243237439
train,42.0,40.03972955977689
train,38.0,29.152189502276595
train,18.0,26.474401740003994
train,30.0,48.66301420780531
train,24.0,24.122105449887123
train,48.0,51.256894522434656
train,63.0,52.08540175328012
train,30.0,40.43401140649898
train,52.0,57.213991298231335
train,36.0,38.332032038127025
train,40.0,44.401385706517836
train,24.0,22.64584053897122
train,36.0,53.72582787002763
train,24.0,27.35818110242775
train,68.0,38.71484126471364
train,63.0,48.63877214606728
train,46.0,44.42190855039546
train,18.0,17.780419343186715
train,18.0,17.901833698915283
train,63.0,48.50860437826515
train,50.0,50.39473537188413
train,42.0,43.28102300486382
train,54.0,47.77773674169434
train,30.0,35.204280653289054
train,24.0,22.744513955069905
train,15.0,35.472707691849145
train,18.0,24.802366668310142
train,38.0,35.16871169159009
train,61.0,59.31346026991114
train,61.0,56.41755218821174
train,63.0,51.30643686185967
train,68.0,60.19751608312897
train,44.0,42.76879458054957
train,30.0,43.405281875446676
train,30.0,34.99848383690772
train,38.0,35.703718646376586
train,24.0,28.163474163788514
train,40.0,44.83529225909537
train,34.0,42.4462505157701
train,63.0,51.82278383210971
train,36.0,33.53333378634957
train,18.0,38.32505519690236
train,50.0,54.80787706983736
train,48.0,56.52733911917983
train,63.0,49.53720276649918
train,24.0,22.215700215364155
train,24.0,25.91030349607373
train,24.0,17.15086036855532
train,44.0,41.898185764406726
train,50.0,51.47978110449636
train,56.0,55.831609534788036
train,63.0,42.90765371019
train,48.0,52.02628247145293
train,24.0,19.696589311583654
train,63.0,47.868758168568014
train,15.0,27.340368485426723
train,38.0,32.76663457785412
train,18.0,17.802680020915073
train,61.0,48.89726589498051
train,56.0,47.67923374071254
train,61.0,55.57450127372296
train,24.0,25.069317200021327
train,48.0,48.94016486878844
train,24.0,18.92092794378036
train,63.0,50.96218248574623
train,44.0,41.18052565278096
train,54.0,62.948416049863624
train,18.0,29.536185213639538
train,54.0,59.51331926743887
train,24.0,19.71133684736897
train,63.0,49.75280041138991
train,54.0,60.91094995581683
train,18.0,43.9239103696873
train,50.0,49.84164994280884
train,42.0,34.62451052742297
train,56.0,57.051358997325586
train,42.0,44.86313917791218
train,63.0,48.181420542968525
train,24.0,25.79963736386614
train,46.0,47.146462493569445
train,24.0,24.116049474117794
train,63.0,56.08369049974692
train,54.0,52.97083293346264
train,61.0,59.26467280532957
train,54.0,59.913136565338846
train,24.0,22.41916235997154
train,61.0,57.503359169277275
train,61.0,60.3069126692167
train,61.0,50.13380406469964
train,68.0,57.52914692587757
train,61.0,57.49167654001664
train,42.0,23.08799812569284
train,42.0,45.225329580399794
train,38.0,34.00120419990714
train,34.0,38.94638784476003
train,38.0,30.03206168621586
train,50.0,45.60777105681131
train,50.0,42.113524229095106
train,59.0,45.64450965273464
train,48.0,52.35149610158439
train,52.0,52.46748977766451
train,46.0,48.86943499219708
train,18.0,25.082315771362563
train,63.0,45.357784219119914
train,54.0,56.97518588643739
train,24.0,28.564413452472216
train,54.0,58.43348207307906
train,18.0,26.442566790485944
train,46.0,50.098071965327684
train,46.0,44.62778607060143
train,38.0,37.175990718290016
train,18.0,29.89326824947839
train,59.0,58.903291791140035
train,15.0,24.71241294861463
train,63.0,55.828250743384594
train,24.0,23.22286181305222
train,44.0,42.69204971870561
train,24.0,25.337774520666635
train,50.0,47.00533571700199
train,54.0,44.49827168374991
train,61.0,61.24540997021806
train,24.0,23.210088692928544
train,40.0,40.753562890165725
train,63.0,48.603140242016934
train,50.0,52.01129990393068
train,24.0,26.71458294960187
train,63.0,49.70453223977723
train,24.0,24.666114944234625
train,46.0,50.985293220060036
train,24.0,27.525765964227773
train,24.0,29.270453573534848
train,48.0,52.44468425580209
train,59.0,61.41339192177083
train,61.0,56.970326624371836
train,48.0,51.33676143310135
train,36.0,45.8180779156218
train,52.0,52.87261345888612
train,52.0,53.40174079824772
train,30.0,37.08721151324155
train,24.0,22.090803567389376
train,68.0,49.59048387813223
train,48.0,49.010567675291995
train,24.0,19.995323342760248
train,34.0,30.10489514811603
train,18.0,16.563562294877492
train,36.0,46.081489470628725
train,36.0,46.63913420963039
train,42.0,30.806675918881893
train,56.0,52.44396719646259
train,63.0,50.9482590177774
train,44.0,46.2331308632192
train,30.0,34.110145591896284
train,24.0,23.608951657747948
train,34.0,42.736206564325606
train,52.0,54.88188543800872
train,30.0,36.726741151698135
train,59.0,41.95431429936638
train,50.0,56.66774393156911
train,18.0,18.7529262566084
train,30.0,44.7520756839842
train,50.0,44.91670334810736
train,36.0,43.57397792679307
train,63.0,44.51586179001755
train,38.0,46.471119456692975
train,50.0,52.76580038386007
train,48.0,52.189435996888605
train,18.0,22.70664709681391
train,15.0,27.156013833988798
train,44.0,40.62102936118108
train,63.0,34.54280992172159
train,34.0,37.48439019022755
train,46.0,46.79810915768867
train,52.0,50.77471204620147
train,15.0,25.343124765035544
train,38.0,36.935743004784776
train,48.0,46.812629713919904
train,50.0,53.71371916744363
train,40.0,44.34547457761211
train,50.0,50.92316951106223
train,63.0,51.49528671025115
train,56.0,53.64076216116275
train,44.0,38.52874912346295
train,44.0,39.674593296181634
train,48.0,51.248547424671585
train,68.0,60.0204941099957
train,59.0,46.35223264228433
train,68.0,61.79298312542049
train,36.0,48.059535774850715
train,48.0,53.84165290578161
train,30.0,34.23790469494834
train,38.0,38.85402809060383
train,30.0,40.8081305195003
train,61.0,57.40533939715052
train,18.0,17.671873299125323
train,15.0,30.342088583712485
train,56.0,55.88496941737366
train,42.0,51.78120142650968
train,38.0,38.65409676962595
train,61.0,58.4452471387018
train,48.0,53.09309618438779
train,52.0,51.75700813925104
train,34.0,40.3459110600018
train,59.0,57.1452085916777
train,63.0,29.928762450132982
train,50.0,50.87666300102623
train,30.0,48.569313626943114
train,18.0,32.885686136070404
train,30.0,38.7284341753438
train,46.0,52.282840613799614
train,30.0,37.28999689327101
train,36.0,37.71062876874125
train,40.0,45.15616178089692
train,59.0,64.00171607100056
train,42.0,39.5965297677116
train,48.0,55.049268204061704
train,48.0,50.21704019068382
train,18.0,22.887615985145167
train,63.0,50.752694317871
train,15.0,19.077797819705587
train,52.0,51.66583085993881
train,61.0,59.409473544043536
train,36.0,44.73768731345572
train,50.0,50.120180877388734
train,36.0,35.025196444633906
train,18.0,29.496081973238393
train,54.0,36.63101557259573
train,52.0,53.46093343154462
train,24.0,24.909864680385805
train,50.0,49.56083749461832
train,54.0,61.161882303360855
train,61.0,57.4296575500138
train,68.0,57.52104127053384
train,46.0,48.43915282659621
train,44.0,45.90599514849417
train,48.0,47.77029573542222
train,34.0,34.025395438330264
train,68.0,59.72968462655629
train,15.0,28.445290392982102
train,59.0,63.083061124717986
train,63.0,47.894811851069704
train,38.0,41.542149855500085
train,50.0,51.259075207354506
train,63.0,52.68074621196283
train,44.0,41.35017475051093
train,38.0,34.65895068249587
train,30.0,37.16323049686902
train,61.0,59.93791656682027
train,68.0,59.69701234474174
train,63.0,50.27540866116662
train,38.0,34.49999346846592
train,50.0,58.09011770040564
train,44.0,41.93460674081986
train,18.0,22.467889433600845
train,63.0,50.234443191524946
train,59.0,61.95543612683039
train,24.0,28.63807151713786
train,54.0,47.019884513667584
train,61.0,57.25508722618002
train,42.0,38.389530314417634
train,48.0,49.27874652057492
train,42.0,41.56816083182666
train,44.0,43.586405760713276
train,38.0,42.03901885835918
train,46.0,47.00619901722524
train,30.0,44.72820812373485
train,46.0,46.854805650980666
train,36.0,47.1837162311937
train,24.0,23.228338791494927
train,61.0,58.239915143582905
train,56.0,57.670673213898624
train,52.0,48.27904338273574
train,36.0,46.662926447864336
train,63.0,43.82869250899961
train,63.0,48.43223533077891
train,56.0,56.78956299183555
train,68.0,60.70567278337929
train,24.0,22.817704222996078
train,50.0,50.81896937802787
train,52.0,54.713383664330976
train,63.0,50.997833583858196
train,44.0,47.16976667958189
train,24.0,23.477439935547753
train,54.0,63.3862745523478
train,48.0,55.37296377380422
train,68.0,59.11496589021027
train,36.0,36.39355874381734
train,68.0,58.08220103439658
train,54.0,60.05033768278799
train,40.0,45.94696172415409
train,30.0,36.28058108708803
train,24.0,17.8470200793577
train,44.0,41.8911391692527
train,44.0,47.29562480030733
train,34.0,42.67384856419833
train,52.0,52.77752484300735
train,18.0,20.805734049631724
train,15.0,28.73649794324768
train,18.0,16.54651997183146
train,30.0,37.17183232317051
train,46.0,47.77415303411579
train,48.0,52.19739065137951
train,50.0,50.53883097560242
train,59.0,61.942964562374456
train,68.0,45.17638002844367
train,54.0,46.55478279275162
train,30.0,44.81200632556823
train,52.0,50.9206701335584
train,48.0,48.12271479952305
train,36.0,42.49830240253779
train,56.0,51.87636422518623
train,50.0,60.60441883035828
train,40.0,43.074109966683665
train,63.0,51.09882848327475
train,52.0,55.147452983195045
train,56.0,53.24045252142111
train,48.0,52.745158373219994
train,54.0,46.226259867327286
train,46.0,44.19391039835274
train,34.0,33.158039573162625
train,38.0,36.16121008750765
train,48.0,53.07254794260811
train,36.0,35.85660878492375
train,30.0,39.73954279683327
train,24.0,23.219010605970922
train,56.0,51.803809238556546
train,44.0,44.25879612254894
train,54.0,56.79981501952005
train,54.0,60.98953940569427
train,15.0,25.359678305327147
train,54.0,60.97096860927435
train,36.0,37.07540335457727
train,59.0,61.58606424046852
train,59.0,43.99010929325021
train,34.0,39.451636976336744
train,24.0,26.418836882840104
train,68.0,60.40649880761211
train,54.0,58.03304393710964
train,68.0,59.230961319490504
train,30.0,37.733715829203305
train,63.0,53.14967460956508
train,18.0,31.502256825832287
train,59.0,59.36544786115476
train,15.0,31.091442311278627
train,36.0,54.751598348313195
train,63.0,48.65450414036077
train,24.0,23.184540802467033
train,15.0,18.255583146291006
train,54.0,59.96450042264172
train,61.0,56.517088515915894
train,68.0,62.55231140640561
train,40.0,37.84691629083932
train,34.0,43.63983516711712
train,30.0,42.890677224503
train,38.0,37.91672092487745
train,50.0,53.04241546063883
train,54.0,62.7108887586524
train,63.0,48.70292566140768
train,30.0,39.811807480033494
train,46.0,45.935087232950785
train,34.0,37.51771669136644
train,38.0,31.938426680468297
train,50.0,54.15954458912065
train,30.0,36.365948950751985
train,15.0,27.75078792836534
train,24.0,25.69707847590328
train,42.0,46.32007461596117
train,30.0,39.36637796631016
train,40.0,42.46116989362941
train,38.0,35.761540234271216
train,50.0,54.640764961079654
train,59.0,57.552672914813236
train,59.0,61.814295752958216
train,56.0,52.36742165221652
train,59.0,60.2295858698134
train,50.0,48.22912912288916
train,54.0,44.024492927941466
train,24.0,32.7398775187402
train,24.0,24.705876940460566
train,34.0,42.66368166532437
train,59.0,57.64857161845528
train,68.0,55.39316414329328
train,15.0,25.70446742267389
train,36.0,40.85912551500335
train,42.0,41.518553419156696
train,42.0,36.494841930103874
train,61.0,54.480867768857635
train,38.0,39.05138795232942
train,68.0,58.33770023416146
train,59.0,48.028027151784976
train,42.0,40.18065719792138
train,50.0,48.37262893969631
train,54.0,64.02358004691592
train,61.0,48.54881544591306
train,46.0,45.38633549241005
train,15.0,27.637316185208785
train,38.0,34.26508287160166
train,36.0,38.79868372794722
train,48.0,58.79837635779597
train,38.0,36.28930870491278
train,44.0,43.64864259812443
train,15.0,32.00170394710493
train,54.0,62.10428547542644
train,61.0,57.49038242049153
train,63.0,49.30151890876281
train,59.0,46.538156435961795
train,24.0,22.912634178212656
train,59.0,34.52919412634086
train,38.0,32.462064234392024
train,54.0,55.79877049491669
train,63.0,48.19091514219081
train,68.0,61.57033411627043
train,46.0,43.224790515292206
train,50.0,45.730663063883114
train,34.0,35.29698958576012
train,59.0,62.63979408501103
train,18.0,15.697380149440278
train,63.0,54.73285783096609
train,15.0,20.199316994688196
train,61.0,48.30932240490409
train,56.0,52.45799873218359
train,52.0,52.66470696915637
train,48.0,54.0493003499192
train,50.0,51.65044417497657
train,52.0,51.69108569688095
train,36.0,27.22398984638816
train,63.0,48.289578303206206
train,52.0,51.765941782417414
train,30.0,25.318107559112445
train,40.0,44.21306518042258
train,63.0,37.48591914509957
train,61.0,59.1047201312585
train,18.0,21.33244305802274
train,24.0,20.238198203041023
train,59.0,59.63148681894582
train,54.0,65.62511424431858
train,38.0,41.906449103529546
train,30.0,31.576965711916323
train,18.0,21.273038665483856
train,59.0,53.18644119798713
train,50.0,49.38292318233272
train,48.0,48.54104837160322
train,44.0,42.60163207015159
train,15.0,32.962129826916595
train,54.0,35.0116683134619
train,52.0,54.43227168138092
train,50.0,35.59318270342438
train,59.0,62.777757523175346
train,38.0,43.878457963727946
train,30.0,39.38877024820333
train,24.0,16.725277821107372
train,18.0,16.798360003196038
train,44.0,42.03187328554458
train,15.0,29.867873093586
train,15.0,23.695611056249746
train,38.0,41.49804810179574
train,68.0,58.5055454458804
train,24.0,23.3857474061621
train,50.0,53.79434914659048
train,44.0,43.22963928939288
train,38.0,36.10392462407519
train,50.0,49.42914820930471
train,30.0,34.21766406579291
train,44.0,38.50972999060147
train,42.0,43.40943601550175
train,24.0,26.12056807028129
train,18.0,27.252794337711148
train,54.0,62.248405230503735
train,34.0,36.28763409948852
train,52.0,52.16833319516044
train,52.0,53.372114028841835
train,30.0,38.84270759018637
train,68.0,59.533977905054236
train,56.0,47.895308258638934
train,36.0,49.10153932808658
train,52.0,45.85666851186011
train,15.0,26.81353416628821
train,50.0,48.529841143130746
train,56.0,56.12608541050372
train,46.0,49.98578820961012
train,61.0,59.309021544160615
train,30.0,40.02913299258284
train,18.0,22.19452973946976
train,30.0,38.091374861946974
train,24.0,22.36938636842911
train,42.0,38.031122827823665
train,50.0,56.657802242497
train,54.0,61.47299079157952
train,59.0,57.84597892598808
train,63.0,52.08929551446701
train,68.0,58.314466370752015
train,50.0,53.24693040957799
train,34.0,44.30436825306767
train,48.0,41.34692479643157
train,56.0,55.14711618367369
train,59.0,60.30909302556546
train,36.0,28.403368654432843
train,50.0,40.409185017774156
train,42.0,44.87914215855519
train,54.0,56.04930363008938
train,46.0,46.97962147204851
train,63.0,42.33294895221337
train,52.0,50.73694382076944
train,30.0,38.49618274327974
train,50.0,44.99508444664066
train,50.0,59.66544607212123
train,30.0,36.55880391532628
train,61.0,59.22287764344866
train,56.0,56.583138598977996
train,68.0,57.69742616482144
train,15.0,31.48490186760082
train,44.0,51.89175487410004
train,68.0,54.92521926866984
train,50.0,52.265372199397135
train,38.0,37.57241231451326
train,30.0,34.38446839422144
train,24.0,14.894380674274359
train,42.0,40.3162167704077
train,36.0,28.962662057141735
train,36.0,32.43716153037566
train,68.0,59.69114981247826
train,50.0,51.30021921545817
train,36.0,19.669763808960937
train,24.0,23.45841889672479
train,38.0,28.183531215945404
train,63.0,47.02101119428944
train,61.0,56.74051670038727
train,18.0,16.12880798848313
train,48.0,51.548435020570494
train,46.0,47.82191579690053
train,24.0,25.76674166335527
train,52.0,32.51613827517044
train,56.0,50.131969981283014
train,56.0,52.21054040857908
train,34.0,32.6959289384129
train,61.0,58.56573954419085
train,24.0,26.345503543843773
train,42.0,32.39902533054586
train,42.0,26.972665974184473
train,38.0,34.499474848880645
train,15.0,25.704875359542534
train,54.0,60.15437034069697
train,24.0,28.569631752189565
train,42.0,38.96301126345829
train,44.0,42.99858268391176
train,48.0,40.23840201303416
train,61.0,59.18444665606073
train,42.0,42.886052038204426
train,44.0,40.56269601498148
train,24.0,22.674210494058894
train,38.0,33.18661761249456
train,61.0,38.00268976678524
train,48.0,53.02568454708714
train,18.0,18.34059891737637
train,52.0,54.01334469166204
train,40.0,44.392768826963824
train,38.0,38.869972486879234
train,54.0,62.50235540655333
train,68.0,57.76692198159464
train,50.0,56.721837214848584
train,54.0,63.469819282853244
train,30.0,37.44324486021173
train,30.0,43.78744460397785
train,15.0,26.40075062771043
train,36.0,39.42675134388708
train,68.0,58.72073648214324
train,50.0,53.7531481906293
train,15.0,21.102822577947823
train,46.0,43.24482640852116
train,54.0,61.874395690472554
train,68.0,57.796218633936036
train,56.0,56.46688858738261
train,30.0,38.501368015874185
train,30.0,36.29174655110724
train,63.0,52.71621744323167
train,68.0,59.220805801480694
train,46.0,51.70716140817442
train,63.0,48.33396450479538
train,54.0,58.777921462891996
train,56.0,57.30257502474893
train,50.0,49.57793657681253
train,63.0,47.181732851902574
train,56.0,53.65392001285234
train,18.0,31.9270050597241
train,50.0,52.78506827739191
train,61.0,58.39408882390846
train,63.0,48.87830908133218
train,50.0,50.93193765472867
train,50.0,42.90307074035902
train,24.0,28.314295234424293
train,54.0,54.91769548165786
train,42.0,42.07262317219872
train,61.0,52.287590897941506
train,68.0,57.0451046232258
train,38.0,36.749534557879095
train,61.0,41.68173976659826
train,63.0,56.44071145711354
train,34.0,39.34854600555481
train,63.0,49.79830430068826
train,54.0,61.362925049085746
train,15.0,27.057765371458974
train,46.0,46.55471265879839
train,30.0,40.558056084632426
train,68.0,58.84437509853582
train,63.0,50.55596317942059
train,59.0,60.16956186741014
train,61.0,57.96412191253194
train,68.0,58.67062968396695
train,63.0,45.936017779952
train,44.0,40.091833437014635
train,46.0,46.949158743726414
train,68.0,57.81347219402046
train,48.0,53.753483801841256
train,50.0,56.703791881570986
train,68.0,59.00648122835897
train,18.0,22.37721586807294
train,59.0,59.142192775787834
train,24.0,27.651935101222804
train,34.0,43.72964739342041
train,54.0,59.46691190318953
train,48.0,53.38930307808812
train,15.0,29.849238300250263
train,30.0,39.70794572499475
train,36.0,36.86722754663576
train,18.0,20.366291186495296
train,61.0,57.071310392851785
train,61.0,59.066124264192
train,48.0,51.28252681512779
train,48.0,53.99885685517557
train,34.0,33.03365955684148
train,50.0,49.995569654113694
train,18.0,19.083319012722967
train,15.0,32.10974670920981
train,24.0,24.10727946858147
train,63.0,54.294255518025345
train,36.0,54.21312503546171
train,63.0,50.30457802278906
train,24.0,21.728564467027017
train,34.0,51.073166106593135
train,18.0,29.20247983685669
train,46.0,49.7719301061556
train,54.0,62.93485833948739
train,42.0,36.57549825845112
train,44.0,44.34619272868591
train,68.0,60.761061207766204
train,30.0,41.67488921441065
train,30.0,44.81355227493501
train,24.0,25.729598426044564
train,30.0,41.23152269106373
train,44.0,43.37058860027281
train,48.0,52.34268105744982
train,42.0,40.67198754404981
train,61.0,60.242775252165785
train,36.0,49.88717747400397
train,38.0,33.33263728994578
train,24.0,27.580362932108823
train,18.0,20.048998931807965
train,63.0,51.18506872346151
train,63.0,48.48609123321415
train,56.0,56.95485534098011
train,44.0,44.153563321961194
train,50.0,51.19933466417738
train,59.0,61.0365959590556
train,46.0,50.31240495917826
train,38.0,27.0815519834383
train,54.0,41.108091547398296
train,59.0,36.74198552477609
train,46.0,46.54791851696059
train,18.0,15.348182200103615
train,36.0,20.12341121358812
train,63.0,50.004547955055926
train,34.0,40.389598292745255
train,63.0,46.56003729002093
train,24.0,20.82050420870265
train,56.0,41.10437460921387
train,48.0,56.42826545350374
train,61.0,54.80891021683256
train,54.0,61.758140713752454
train,50.0,49.59823755367039
train,50.0,51.40158670000336
train,56.0,50.02914119941409
train,50.0,46.77916663922051
train,18.0,19.300654099399694
train,30.0,33.49583590612601
train,36.0,47.22543463117919
train,61.0,60.251531238938234
train,44.0,43.52711248469268
train,63.0,47.00682941634071
train,44.0,41.17293146367151
train,18.0,22.540172211704338
train,34.0,31.18338259727176
train,56.0,49.878305003315674
train,54.0,57.4904584610705
train,34.0,40.887966711062305
train,24.0,26.360176918513226
train,42.0,42.76063735167161
train,44.0,41.93863747128724
train,46.0,50.20898471227153
train,56.0,51.0013979040178
train,50.0,55.52696864949984
train,50.0,52.88449926388955
train,18.0,14.950282782717064
train,56.0,92.43815301155378
train,50.0,55.416191790149725
train,68.0,59.23924366106989
train,15.0,44.201615374234805
train,40.0,41.0630408954068
train,61.0,56.31409455117204
train,40.0,42.458897530970525
train,36.0,21.993117137414842
train,52.0,50.218632600613816
train,15.0,23.640180852491625
train,46.0,47.53282102098131
train,63.0,47.80598276433306
train,36.0,47.07598204169221
train,61.0,55.44190900649287
train,56.0,44.87435077265655
train,50.0,54.597811291076084
train,48.0,49.05915395827931
train,18.0,24.39067901970183
train,15.0,29.56747659215022
train,15.0,19.919874824331327
train,38.0,27.126474138471604
train,59.0,59.35822930777299
train,30.0,38.703914851365795
train,24.0,25.769462431721497
train,46.0,52.37938478669582
train,63.0,49.187941176532746
train,36.0,40.019768074166784
train,46.0,47.847021941906256
train,48.0,49.85160490196604
train,38.0,41.33770028288077
train,68.0,58.695359779822724
train,24.0,23.700988677214784
train,52.0,37.65047708753858
train,15.0,33.80504198498041
train,36.0,30.036612758358714
train,48.0,50.883558272790424
train,40.0,42.268705864134716
train,54.0,44.158243630899946
train,68.0,59.13970798545428
train,24.0,25.31123239819886
train,40.0,44.698131182658685
train,38.0,47.100618442717256
train,61.0,57.95628689728777
train,44.0,42.97984086222886
train,48.0,58.2853880184288
train,46.0,39.65465063180713
train,68.0,39.105853378812185
train,38.0,31.446690034388546
train,38.0,35.765867761441484
train,24.0,23.57594281555125
train,68.0,60.368367318534084
train,30.0,36.346533058084155
train,54.0,62.46244520223054
train,52.0,48.91826805734875
train,46.0,44.62603257381247
train,46.0,45.59733417634405
train,24.0,25.32243085104738
train,63.0,52.872922304792134
train,18.0,24.239720498023235
train,38.0,35.872547949360836
train,61.0,56.05356485874344
train,63.0,46.989821207692785
train,63.0,47.24874696470983
train,24.0,22.61887451160883
train,15.0,20.54313988442426
train,24.0,22.48282095376888
train,59.0,42.44204111377486
train,44.0,37.77272916031653
train,61.0,57.62940780141934
train,52.0,53.08750031766989
train,18.0,16.981286089915816
train,42.0,45.015256079093334
train,63.0,51.65710784025312
train,30.0,37.653578412434925
train,63.0,49.43632698874596
train,56.0,51.34643611999212
train,48.0,54.61113698231878
train,15.0,23.751159964602635
train,44.0,46.57003339257652
train,50.0,52.86806164208395
train,36.0,49.49262637968393
train,24.0,26.941901134939403
train,36.0,49.96185211700689
train,18.0,19.348959238945252
train,48.0,51.95626274006973
train,48.0,54.61130837088005
train,56.0,55.13071680717877
train,40.0,42.81107252469255
train,52.0,51.893563299113104
train,24.0,24.029696251122395
train,56.0,52.70353572268026
train,18.0,11.346570617852322
train,63.0,53.505977984928734
train,50.0,53.201051917111336
train,46.0,50.18093235769944
train,56.0,56.26593645311143
train,30.0,38.54301400116151
train,50.0,51.067037178316575
train,44.0,43.56006182792471
train,48.0,56.437726168895026
train,59.0,41.00640748216804
train,63.0,51.3338141634235
train,68.0,52.482871980735034
train,56.0,47.51688491585144
train,50.0,53.27031710814575
train,36.0,31.4313797519915
train,44.0,45.829327408177605
train,50.0,49.52846183000381
train,50.0,53.083372660509966
train,24.0,26.96654749615153
train,18.0,22.711775299018115
train,38.0,37.459368879091286
train,59.0,52.17609214759764
train,44.0,44.573698938390606
train,44.0,41.47559552405218
train,30.0,37.6048315572239
train,24.0,18.372499730972482
train,18.0,28.01235574869986
train,18.0,12.162779338011273
train,18.0,15.195702091708743
train,38.0,35.870548752757
train,56.0,55.92680622872743
train,36.0,56.56585250011027
train,63.0,46.74168998850805
train,63.0,52.637575353793935
train,24.0,19.322595716017172
train,48.0,49.52953002887538
train,48.0,53.62771769568215
train,59.0,59.67022330907019
train,54.0,60.208392603497146
train,54.0,41.708641114882134
train,24.0,23.1084525785136
train,56.0,54.44420607866808
train,34.0,33.57817207768524
train,54.0,59.243911598635414
train,63.0,43.882377406650534
train,56.0,54.93712337556116
train,36.0,31.6955718895138
train,30.0,41.819105608770954
train,24.0,19.621515105054318
train,50.0,46.60003217909037
train,46.0,47.46417900393422
train,50.0,37.66023212696278
train,48.0,51.0962046406731
train,34.0,37.40097314131245
train,34.0,31.5439005294637
train,61.0,60.10036421693718
train,15.0,47.51502551533149
train,18.0,18.635920477146765
train,61.0,58.449138368451344
train,24.0,23.583839442323438
train,38.0,31.937496689452793
train,56.0,53.51515262976096
train,50.0,36.309922708911984
train,63.0,44.319025207965765
train,24.0,24.460285257048834
train,59.0,62.19085915393315
train,38.0,35.94691358900123
train,63.0,49.89949467783448
train,56.0,43.875314916575036
train,54.0,59.51060071443424
train,52.0,50.846995328029166
train,40.0,46.43290711636989
train,42.0,42.62277390735484
train,50.0,50.492646384927575
train,46.0,40.13759890429618
train,63.0,50.62884923324881
train,54.0,64.5250633926202
train,38.0,33.984271678854455
train,59.0,58.249715204662564
train,52.0,53.96762856646787
train,59.0,52.49904567619547
train,59.0,31.397607191384143
train,36.0,36.51552847506054
train,44.0,39.78121029618528
train,48.0,50.04153450245784
train,54.0,45.574724737463484
train,56.0,49.338169614094106
train,68.0,57.82352312272956
train,44.0,43.592940987822814
train,46.0,39.01617637716935
train,61.0,58.15481409869145
train,30.0,36.905291759593645
train,61.0,58.14545795305831
train,63.0,52.35672583155353
train,56.0,51.33619019798934
train,38.0,43.35485254426136
train,68.0,59.20670796403178
train,24.0,23.312708770049966
train,38.0,33.34742455947277
train,63.0,46.9919913617643
train,46.0,49.98578545902269
train,52.0,48.85056636244823
train,63.0,54.80235500609263
train,40.0,44.75544659435879
train,61.0,49.871801265530465
train,54.0,62.80261099516526
train,50.0,50.82841982962485
train,15.0,26.710117634846796
train,63.0,49.70862087866013
train,38.0,32.20290566973827
train,63.0,48.20385934042342
train,44.0,41.19989792015766
train,18.0,18.02857755326069
train,40.0,44.192620999573336
train,61.0,58.07955623768652
train,38.0,35.89419723899374
train,30.0,30.634412252313318
train,46.0,51.78527563672787
train,54.0,39.11388634915175
train,52.0,50.541636462237506
train,24.0,19.25164065455322
train,24.0,21.925700170713892
train,54.0,59.822892743229986
train,40.0,42.08452141155432
train,59.0,47.593264883255316
train,56.0,51.22152344157476
train,59.0,56.8784248126779
train,61.0,56.47690879745497
train,42.0,38.745031196734686
train,48.0,50.53631859543469
train,56.0,42.48287491870343
train,63.0,48.60232964355379
train,63.0,50.70255274103973
train,24.0,24.813024115987393
train,44.0,44.79140419517653
train,30.0,35.34490712015405
train,36.0,32.77818022753593
train,15.0,31.024091024140706
train,61.0,59.43612248071787
train,48.0,52.70080652442856
train,54.0,58.04541579048065
train,24.0,19.16376994867097
train,59.0,49.17747745378662
train,50.0,47.90305734782502
train,18.0,29.534211030473962
train,44.0,43.690937305469866
train,56.0,48.89621722424506
train,68.0,55.91954772430306
train,52.0,49.992863942047215
train,63.0,47.447383750921254
train,56.0,44.74566330183207
train,63.0,53.81285714369511
train,59.0,42.255252698530064
train,36.0,35.54858738301138
train,59.0,57.37083028240257
train,30.0,36.13997973984893
train,50.0,46.90850702221857
train,38.0,38.98928727782124
train,59.0,57.93996295515118
train,68.0,60.09631079929226
train,50.0,51.051480258012546
train,18.0,21.625283205672062
train,56.0,51.96956065243273
train,50.0,44.427891527351605
train,68.0,57.810940601513785
train,48.0,57.59235050476941
train,56.0,57.827104099840824
train,38.0,37.05876640990602
train,30.0,36.895410239804995
train,42.0,42.18139628468594
train,61.0,58.728868325103555
train,68.0,59.11946935883636
train,44.0,40.82662223055225
train,24.0,23.27196009424919
train,38.0,27.328336811974864
train,61.0,58.10751838966154
train,59.0,49.68757525317176
train,30.0,35.20028827622449
train,34.0,42.11957612466486
train,61.0,57.77383235979137
train,61.0,58.429142170586076
train,56.0,46.215557103639235
train,68.0,58.85010279642328
train,24.0,24.904817456445507
train,24.0,23.00061767103234
train,63.0,50.442248523062844
train,24.0,31.024988474207326
train,36.0,29.08366678188139
train,46.0,46.77847198226053
train,48.0,52.62864289011222
train,36.0,23.270283591551433
train,40.0,44.05064486985773
train,54.0,49.99095840910969
train,46.0,47.64608464067
train,50.0,52.270611311353335
train,38.0,44.660156330062826
train,63.0,55.351449736266424
train,56.0,52.88182633614319
train,56.0,57.555795897396735
train,61.0,57.946072379426965
train,30.0,36.41441101128748
train,24.0,26.207823020174928
train,61.0,60.47996107311948
train,61.0,58.07487605684891
train,50.0,43.690819636541136
train,24.0,28.049764055702013
train,34.0,45.086829476638215
train,59.0,46.600355662930724
train,54.0,48.35164841853781
train,63.0,54.478853922789895
train,44.0,42.34495340687858
train,56.0,56.601418886642236
train,59.0,45.99460965519656
train,50.0,46.40925340978814
train,30.0,39.535142078550436
train,34.0,39.109481205256664
train,46.0,48.101407063083336
train,54.0,64.41139303063989
train,50.0,47.90439964876064
train,63.0,55.87051226996971
train,63.0,50.77850807162995
train,68.0,47.11862405019818
train,68.0,59.41331326021563
train,63.0,48.49860465370767
train,56.0,53.059926627938644
train,59.0,29.31373621019648
train,50.0,49.33468553863497
train,56.0,56.8298079466369
train,61.0,46.48004268103858
train,50.0,51.9292121093452
train,63.0,51.75818563701215
train,54.0,46.0289383103765
train,36.0,34.52365959849414
train,30.0,37.6169776090742
train,24.0,23.598309730325642
train,48.0,51.61331546461189
train,30.0,35.98728714805088
train,56.0,50.73517814791769
train,15.0,28.3669675109262
train,24.0,25.827075818134418
train,15.0,28.13521388561825
train,50.0,38.252619160213875
train,50.0,53.333905957886245
train,68.0,59.37002154009693
train,54.0,43.078385174230895
train,61.0,57.96710463194508
train,50.0,42.73680172140392
train,59.0,61.784628470469336
train,63.0,49.068195172061415
train,63.0,53.21282066449116
train,30.0,43.481055735151834
train,52.0,53.45186003897968
train,15.0,19.62149270558443
train,61.0,56.46561048403875
train,24.0,26.320423321209923
train,56.0,48.036156410872046
train,24.0,19.03986800311572
train,38.0,34.513601621713754
train,56.0,56.90473580621442
train,63.0,45.31090719309597
train,54.0,57.53056765605838
train,50.0,52.90046965024237
train,54.0,58.60059700445289
train,24.0,24.983367752207613
train,38.0,30.184039785053056
train,24.0,23.86470183049433
train,52.0,53.010556046489796
train,38.0,35.92197514629726
train,34.0,31.895118328512577
train,15.0,32.74518751586285
train,15.0,29.46579460189158
train,68.0,60.8470574771157
train,44.0,41.86361847452656
train,68.0,58.410966558499595
train,46.0,51.09607068566102
train,56.0,54.944663454486175
train,44.0,37.91579097043687
train,56.0,51.97213615392789
train,59.0,60.831862276398056
train,54.0,53.10108596296698
train,61.0,57.84104323003778
train,59.0,47.889864015565855
train,24.0,25.647068865187233
train,54.0,62.482403501404384
train,34.0,36.929349598682826
train,56.0,56.578687189798934
train,54.0,62.91077864392466
train,38.0,35.67622193596318
train,30.0,40.073376869193396
train,24.0,23.802117739287063
train,50.0,52.7438876291087
train,30.0,37.99985267675222
train,56.0,51.690580979203176
train,24.0,28.093991343989963
train,24.0,20.44698857206145
train,38.0,32.89208766435951
train,30.0,38.44645518850543
train,36.0,38.39456967073171
train,18.0,20.614199662462216
train,61.0,54.05858199109098
train,59.0,43.16062231738868
train,44.0,44.11281729595199
train,50.0,54.26181800068863
train,15.0,24.805383354712443
train,24.0,16.660660148587098
train,56.0,53.59967900619028
train,36.0,25.42133568743361
train,68.0,43.4709617357745
train,56.0,49.93384952855806
train,50.0,46.80619247767121
train,24.0,26.665322759095258
train,40.0,40.46435146590437
train,68.0,58.8741636222221
train,63.0,52.650444585611
train,24.0,25.920860503579846
train,34.0,36.09164562830547
train,18.0,20.53368155755009
train,15.0,45.16636547641613
train,36.0,41.03946377569362
train,54.0,61.17458383769115
train,54.0,57.319763892854404
train,18.0,19.86180022833931
train,44.0,43.664265336898715
train,34.0,37.167112544555096
train,54.0,59.7621358187744
train,56.0,57.84512575154194
train,30.0,38.48707298490222
train,34.0,39.28235724582013
train,61.0,58.899748918252655
train,68.0,56.215726212617284
train,48.0,50.87739287140079
train,24.0,18.95412334757414
train,63.0,52.57421431602005
train,40.0,45.32142862220093
train,59.0,63.70349437032065
train,24.0,23.86549747348252
train,56.0,52.9404847910046
train,52.0,54.007545239309906
train,59.0,53.04761822104245
train,42.0,44.69406144321126
train,48.0,52.61467550837031
train,24.0,22.783316793021058
train,54.0,63.151632538835614
train,52.0,55.468781112165665
train,30.0,36.11128167024382
train,36.0,30.581092272094537
train,44.0,42.572272615598344
train,30.0,30.551967434648304
train,63.0,48.66565105475131
train,30.0,35.68300278175245
train,61.0,58.53785104050405
train,24.0,24.171437476786146
train,63.0,45.53784669054748
train,52.0,55.644309967445125
train,40.0,42.73061824536667
train,50.0,53.65701375724423
train,50.0,54.12624572654677
train,68.0,58.6515005976964
train,18.0,37.79887285488961
train,54.0,59.51275709803446
train,50.0,52.54547483267683
train,54.0,61.4856786707378
train,61.0,58.50648161724348
train,15.0,26.843619842687175
train,34.0,29.197710462556138
train,38.0,33.963556148032026
train,61.0,57.050992437981314
train,38.0,37.372318778770335
train,40.0,46.044212416200395
train,34.0,37.27912492016878
train,54.0,49.09845447896046
train,30.0,40.26498206955275
train,44.0,44.571816383378476
train,63.0,49.15028104127447
train,63.0,49.26694299265323
train,30.0,46.1369656938825
train,18.0,40.585570657802734
train,46.0,45.470852007075806
train,50.0,48.78857289127787
train,46.0,46.286042521597686
train,24.0,17.141737758301936
train,48.0,51.418158717711705
train,54.0,63.08506584757237
train,50.0,54.137461902129004
train,18.0,35.657019346780174
train,38.0,50.97150128546792
train,68.0,41.86715576582014
train,44.0,47.23785139000093
train,34.0,31.022707783792605
train,24.0,21.81928398706505
train,59.0,60.289182095421346
train,24.0,18.45987628308074
train,34.0,33.025423332643534
train,50.0,43.43506515741763
train,63.0,49.89047253092055
train,59.0,45.733671400224445
train,24.0,22.383032680643844
train,63.0,47.25413441008877
train,46.0,45.33846974787383
train,54.0,56.024810138710684
train,24.0,19.168975482083003
train,30.0,37.85038541051924
train,50.0,54.19985543145607
train,63.0,49.01988648348333
train,68.0,58.35626293217571
train,30.0,33.980760612571856
train,56.0,53.42101627617004
train,68.0,59.2855385587863
train,40.0,47.479943667523436
train,34.0,27.59250662959334
train,30.0,39.09582791488679
train,61.0,57.363254289073396
train,50.0,58.46732532638549
train,34.0,35.47388107305213
train,68.0,48.64384720399171
train,40.0,47.302092700315775
train,61.0,61.43185131382556
train,38.0,32.99625140495877
train,18.0,25.703650216020336
train,52.0,51.650996740333646
train,59.0,33.37835535948327
train,61.0,56.683863462150235
train,40.0,42.55142436249887
train,15.0,27.082752924624316
train,24.0,21.58246909293599
train,56.0,55.43197504479765
train,24.0,24.51658005569041
train,24.0,24.69881447708332
train,36.0,37.827285189108515
train,56.0,59.473141925236405
train,48.0,52.037485188562485
train,56.0,42.78529866605471
train,24.0,24.45689423584895
train,68.0,58.07702347977634
train,50.0,52.89323875745113
train,56.0,53.99584431347959
train,36.0,49.01588348802649
train,63.0,47.64115617267703
train,54.0,59.599454894233325
train,50.0,52.54573570948281
train,44.0,42.80029607934662
train,18.0,15.162370873034735
train,48.0,53.12872917684995
train,50.0,54.90211188727963
train,59.0,61.23580121318918
train,63.0,53.33567882376192
train,24.0,20.716391708294186
train,52.0,52.32027740577573
train,46.0,35.30062561274427
train,50.0,38.67697284137561
train,68.0,48.18664949491046
train,50.0,53.901543665064686
train,36.0,33.53550950476991
train,38.0,36.46484099025216
train,68.0,57.0700801809703
train,48.0,49.614464156413646
train,52.0,54.815865352405055
train,24.0,25.154236846777493
train,59.0,58.91867926397413
train,68.0,49.168876114603115
train,54.0,42.07211714647782
train,54.0,59.41630330781351
train,50.0,38.44640750380426
train,63.0,48.938960434580466
train,15.0,30.338550839722107
train,48.0,53.20159700719654
train,50.0,54.11318812976782
train,34.0,34.19037450467605
train,61.0,61.15429673219781
train,54.0,50.10032378281654
train,59.0,60.71189779098673
train,46.0,47.440533167420085
train,54.0,63.79172146438361
train,24.0,25.51454714290562
train,30.0,39.614917585370414
train,15.0,27.9046323304757
train,46.0,40.804562200276166
train,68.0,57.5254154883029
train,38.0,32.830482918278705
train,30.0,34.6577599090339
train,68.0,58.088621506154574
train,36.0,38.342960078985335
train,42.0,38.803235276640706
train,18.0,16.08548838930004
train,61.0,59.042922449900914
train,59.0,36.71155248210016
train,15.0,29.173164570260916
train,54.0,62.085147256127065
train,50.0,51.15996641418454
train,18.0,20.24696066078337
train,63.0,51.57069276253961
train,63.0,50.357285191440795
train,59.0,58.73085440844882
train,63.0,48.45790712193025
train,38.0,34.23751299703819
train,46.0,50.96673630681959
train,36.0,38.715528108743996
train,44.0,46.917942283969126
train,61.0,60.061842714473826
train,40.0,44.89118158747053
train,63.0,49.071213605714824
train,50.0,44.16505588160423
train,44.0,44.28757125008542
train,36.0,35.67400440346707
train,61.0,56.43784356410034
train,50.0,51.27209922046275
train,59.0,61.67943475643662
train,61.0,58.91344387122937
train,50.0,51.24284760910879
train,63.0,52.5248227903904
train,68.0,57.41671643048728
train,24.0,22.191933549166468
train,34.0,31.32785502362137
train,30.0,40.820105156028326
train,40.0,45.25274377396189
train,63.0,43.3632107870758
train,34.0,32.679125832715656
train,61.0,59.305180206873644
train,68.0,59.28810882746543
train,59.0,55.84819762725209
train,18.0,14.37112993976174
train,56.0,54.15812845764877
train,61.0,58.881121953178756
train,44.0,43.47016205433663
train,24.0,24.756544622366913
train,63.0,50.848771525730285
train,18.0,23.4254741520187
train,38.0,30.932106573604045
train,68.0,47.2984350870251
train,24.0,25.82686036511034
train,30.0,40.50101468789194
train,50.0,54.56751917992619
train,48.0,49.624489569717475
train,61.0,57.84613841689004
train,68.0,57.75961711667793
train,24.0,25.955996830116625
train,63.0,51.96003852185776
train,52.0,38.054389799953235
train,46.0,48.7261701636907
train,44.0,42.454158779586784
train,30.0,29.257911660860064
train,40.0,35.31802530787397
train,44.0,45.856311770000595
train,42.0,37.62491238702972
train,68.0,59.00429699144794
train,52.0,51.82296689915875
train,30.0,35.59093457469341
train,59.0,60.812116854238276
train,38.0,32.976359969348195
train,15.0,33.31477430762874
train,48.0,57.09146829827018
train,68.0,55.973850198473365
train,68.0,61.361440695905685
train,50.0,51.049975095252435
train,38.0,34.415687702107384
train,54.0,65.07551976888254
train,61.0,52.75756446731322
train,54.0,61.85486930656565
train,59.0,59.67362416736192
train,61.0,60.406087224040476
train,61.0,59.17926166639978
train,24.0,23.942071087395803
train,44.0,46.12680877408931
train,48.0,52.01155622813707
train,68.0,46.16343203224546
train,52.0,52.30186509243635
train,30.0,21.637903757557485
train,56.0,43.92188194057295
train,30.0,39.0395128074871
train,48.0,50.72092039863379
train,61.0,61.33764681363424
train,34.0,36.545756297858084
train,59.0,40.569241905349124
train,59.0,58.871214373599194
train,56.0,51.430376125498334
train,30.0,37.5680769029538
train,15.0,29.100938039879146
train,61.0,59.94178227832561
train,46.0,55.091952350927286
train,18.0,24.465085461762055
train,38.0,37.28019348946993
train,34.0,39.349531447750095
train,46.0,47.88700436089513
train,44.0,37.08811981133777
train,48.0,53.39223812620098
train,48.0,56.044670646140986
train,50.0,55.59890548841063
train,48.0,51.890829403034516
train,59.0,57.709182185587935
train,63.0,50.38884766541647
train,36.0,28.018901082683918
train,18.0,48.578413376399666
train,46.0,44.71073957323847
train,24.0,23.42388360509486
train,63.0,46.54057886548247
train,54.0,65.01109079609016
train,24.0,22.258404400216218
train,30.0,35.29119092203318
train,24.0,25.255236511827505
train,54.0,63.969907176056026
train,30.0,35.35382933674677
train,40.0,45.08862947533034
train,54.0,60.387979273082166
train,15.0,46.06672410241016
train,24.0,26.067744939442754
train,48.0,52.26934192986029
train,52.0,51.996805118576496
train,63.0,41.40145987542259
train,61.0,60.19349920401718
train,36.0,30.98439448489124
train,24.0,20.491826055844662
train,38.0,34.504423012152294
train,46.0,49.29210893817266
train,24.0,25.907751273815705
train,50.0,45.1583822449371
train,61.0,43.13009181652134
train,68.0,58.42074288593772
train,54.0,61.65710319841448
train,15.0,42.900204487075996
train,56.0,51.03803357803175
train,46.0,49.77050636609095
train,54.0,56.206843565466244
train,68.0,57.449594581321406
train,42.0,41.29916210521125
train,36.0,32.80174074025267
train,24.0,27.31072759795413
train,52.0,56.649858909994364
train,36.0,48.55259933845007
train,59.0,56.59248212692005
train,18.0,30.659119204700392
train,40.0,44.780344355498784
train,36.0,26.879781766934492
train,52.0,56.75032567312725
train,56.0,52.22358887567591
train,52.0,52.8605840500364
train,30.0,38.01240550755847
train,34.0,31.30680343135883
train,56.0,51.801874625540556
train,46.0,47.80784520571906
train,50.0,52.567697690764454
train,68.0,58.367104273188986
train,24.0,23.431653129485706
train,30.0,33.88435447365005
train,46.0,51.02957808563884
train,38.0,37.878449100421825
train,46.0,50.00050541757481
train,15.0,43.07621181365166
train,50.0,47.48533139393774
train,52.0,48.25714759432263
train,61.0,58.649510611746734
train,18.0,16.796388241972423
train,54.0,61.70990959447094
train,38.0,33.670890739823676
train,40.0,45.410836360445636
train,40.0,42.76211366663924
train,36.0,40.32685971332418
train,52.0,42.933020155138
train,46.0,51.92778877388041
train,56.0,56.17794776103357
train,42.0,39.98155490517195
train,30.0,37.862103169931395
train,36.0,51.24162522422053
train,24.0,22.033604360761004
train,61.0,55.19125724385856
train,61.0,58.68372142161253
train,56.0,47.7549958339212
train,30.0,51.377129027563335
train,48.0,53.37181307148343
train,24.0,18.441608184606945
train,42.0,38.035347041123664
train,44.0,45.241811402057834
train,24.0,23.616989286187117
train,63.0,51.88500435953138
train,46.0,47.41039558032882
train,42.0,38.990342563915846
train,40.0,46.55208145453227
train,40.0,44.59064625557653
train,24.0,25.901269158137154
train,34.0,43.51434702330539
train,54.0,62.91896596839178
train,30.0,41.65370650061655
train,52.0,52.46946336106292
train,61.0,59.73892139436386
train,59.0,56.33089840844027
train,24.0,21.83907704990784
train,63.0,50.43480073573344
train,15.0,32.47027554714398
train,56.0,56.4972625957383
train,59.0,59.74878834177309
train,63.0,50.72557313439967
train,42.0,42.26224751007309
train,61.0,58.87483377588792
train,61.0,58.82284414227137
train,46.0,43.181865140036415
train,52.0,37.36843712590246
train,61.0,59.474839697207656
train,59.0,57.98796860810374
train,34.0,34.447882602226464
train,38.0,44.16724886235707
train,44.0,43.3902124078632
train,38.0,37.284751090813714
train,61.0,60.46153719108278
train,38.0,38.4038056571693
train,52.0,51.374150122523716
train,46.0,47.64864877434489
train,52.0,51.46122961334359
train,15.0,30.80906603254968
train,24.0,23.147230998162836
train,15.0,25.951162082160803
train,59.0,55.35271973079134
train,38.0,32.93569564759537
train,18.0,30.664795853319326
train,30.0,36.90825206990821
train,61.0,58.50887672047689
train,54.0,51.23866567753665
train,34.0,43.078724317468456
train,40.0,45.15594714300288
train,18.0,44.05050401637342
train,59.0,58.033899848729774
train,61.0,56.30536918743622
train,54.0,61.68015791744869
train,38.0,40.07560033769144
train,30.0,35.70973103238415
train,38.0,37.55038089676409
train,44.0,44.498753733354214
train,54.0,62.916197327758965
train,61.0,59.95313321834577
train,34.0,36.18491859639897
train,40.0,45.92851341567372
train,48.0,51.986459282101876
train,68.0,58.75010331448799
train,18.0,18.006981833178394
train,40.0,43.71098070380173
train,34.0,38.06237752055515
train,18.0,12.728096573345912
train,63.0,47.858678899633915
train,61.0,44.71228846363107
train,61.0,59.58813990407863
train,56.0,55.56675830638537
train,24.0,22.2892220048987
train,50.0,50.64034845827466
train,59.0,59.84216880450827
train,48.0,53.450550701935875
train,34.0,55.29802769661164
train,34.0,34.99853794575119
train,15.0,52.84515541262999
train,24.0,28.54402409162979
train,24.0,24.50117670950379
train,48.0,52.437969464405555
train,59.0,43.218641812982575
train,46.0,47.70167116220134
train,15.0,20.543812627278776
train,30.0,43.09846305030665
train,24.0,28.226840990400657
train,24.0,21.938804692067578
train,59.0,60.190083168723746
train,18.0,16.247520423694876
train,63.0,51.8700308437524
train,24.0,31.119942783153405
train,46.0,48.702861797034785
train,61.0,57.06094609496696
train,59.0,66.34276582625601
train,68.0,56.36929354277852
train,15.0,31.46636789833905
train,50.0,49.5245683975829
train,50.0,49.83665387329356
train,61.0,59.269174122896544
train,63.0,51.18919361642029
train,42.0,32.3987442636851
train,52.0,55.73504526184924
train,30.0,34.920337038383785
train,61.0,59.34752545243528
train,24.0,20.697922396907025
train,68.0,59.83614824922222
train,34.0,34.098847294024026
train,48.0,54.29711327830264
train,24.0,27.57467848605788
train,63.0,51.23949981365508
train,24.0,26.74634810967202
train,34.0,36.50556141393672
train,38.0,34.78506842435679
train,61.0,58.96584473749721
train,42.0,46.40283923803149
train,36.0,27.593423479504878
train,68.0,58.20526142656023
train,44.0,40.620830144792606
train,44.0,40.66788956441516
train,42.0,53.96505824617439
train,63.0,47.74428440301592
train,52.0,50.53418323887168
train,24.0,24.939869351364703
train,36.0,41.33747302826571
train,48.0,49.12879547012656
train,63.0,51.81473699523811
train,68.0,57.99517761489918
train,68.0,60.574019506885605
train,68.0,60.592887118408086
train,56.0,53.79301577124425
train,46.0,48.4516879525798
train,61.0,45.65845134703169
train,54.0,48.676067709128816
train,61.0,56.671259504045004
train,54.0,56.95293653501342
train,61.0,57.20034154456846
train,46.0,49.54097225022176
train,24.0,20.565143899302257
train,44.0,42.035680477528814
train,46.0,45.62678571526286
train,61.0,57.932663856496006
train,48.0,50.331265525031434
train,40.0,43.56125223033565
train,59.0,60.61775150184049
train,68.0,59.81692157462109
train,42.0,39.434068745178394
train,30.0,55.47948336912458
train,54.0,64.1220244699565
train,36.0,32.070779031121546
train,34.0,35.43180934931958
train,56.0,52.88971023156156
train,36.0,55.09781658388374
train,36.0,29.754559708704704
train,54.0,51.152796603152424
train,24.0,28.5355002709655
train,48.0,47.61291434019519
train,38.0,41.968039737728795
train,18.0,25.169834956149682
train,40.0,31.872784460683192
train,24.0,20.8687519018916
train,54.0,62.42312028403968
train,30.0,38.59967613078136
train,40.0,43.386655759838106
train,42.0,35.51455382057593
train,30.0,29.190943506139014
train,34.0,46.854366995390734
train,24.0,28.918003195476622
train,30.0,39.06767589325415
train,30.0,36.9905957866566
train,56.0,55.11820391377385
train,52.0,43.193774840032454
train,46.0,45.53896800754748
train,59.0,62.94059141249397
train,61.0,57.75105456227575
train,56.0,53.46317531233653
train,40.0,43.57367227150231
train,61.0,51.31532194646718
train,15.0,31.829065623406066
train,46.0,43.2614514035184
train,24.0,22.38912048263229
train,15.0,49.841958545172005
train,18.0,25.01135984116499
train,50.0,52.12901464079641
train,34.0,33.448010773025
train,52.0,52.790506081214616
train,59.0,60.10928698774336
train,15.0,22.211389919811566
train,34.0,41.13749853746353
train,30.0,36.635645477298105
train,24.0,26.000444553632946
train,61.0,55.528632582681304
train,38.0,29.828441155776282
train,52.0,51.9238540386533
train,15.0,27.65793476327071
train,30.0,36.6716215888865
train,46.0,47.516879506260594
train,61.0,56.65319916671548
train,15.0,28.41527197670497
train,59.0,57.226464468339024
train,59.0,59.966720684507195
train,44.0,43.61326972570483
train,15.0,29.030967529930457
train,46.0,50.03750063817863
train,61.0,58.13326859464024
train,50.0,48.053584750507035
train,18.0,19.80863285601047
train,68.0,57.00969007905657
train,48.0,52.6846830332176
train,15.0,35.65743012875997
train,50.0,55.77435914826137
train,18.0,26.834169706952952
train,48.0,51.11772595099176
train,50.0,52.52372703688387
train,44.0,43.00624810076489
train,59.0,57.80951223439093
train,36.0,31.2208203855764
train,24.0,18.83916099637999
train,61.0,56.92615077410417
train,59.0,54.398153584552745
train,46.0,47.31739885155072
train,24.0,51.19972857898445
train,68.0,55.19932542976689
train,54.0,58.97824445142811
train,24.0,32.972926588466095
train,50.0,42.84025989693863
train,36.0,31.483530810025535
train,24.0,39.93758677172244
train,54.0,63.609910104774414
train,48.0,51.96100300795178
train,38.0,32.84325383983623
train,54.0,60.78911707990275
train,54.0,60.16419684595296
train,44.0,44.821690229849004
train,63.0,50.679663865336984
train,46.0,47.22821313022793
train,30.0,35.008411768556144
train,36.0,49.90255509679634
train,63.0,59.956760333810685
train,42.0,43.63562114288617
train,38.0,58.72312676672284
train,54.0,61.6517156029783
train,24.0,15.597513664657754
train,59.0,53.843880292318346
train,38.0,33.71428052944279
train,48.0,57.243313590877364
train,15.0,32.8854865652908
train,40.0,41.59151118686148
train,50.0,55.46897922359235
train,50.0,46.9069434263258
train,30.0,35.826275213055375
train,24.0,26.032624201993666
train,54.0,58.595956653656174
train,40.0,33.61873757175676
train,61.0,45.062799931551766
train,68.0,46.744414681285065
train,52.0,42.25055029682759
train,42.0,40.643521146771626
train,36.0,42.26740819456694
train,52.0,54.59376531589291
train,68.0,57.98566790838965
train,18.0,18.657748866090422
train,56.0,51.79818759055275
train,59.0,49.80972344914635
train,61.0,58.51093356754666
train,61.0,53.73344752181922
train,24.0,25.620355223901818
train,42.0,38.63187586451273
train,24.0,24.003840750502484
train,34.0,34.53405023626981
train,24.0,24.61449230080552
train,44.0,40.214775572919265
train,18.0,24.392551614542704
train,24.0,25.17383311538557
train,15.0,32.690204771570684
train,18.0,18.83681475969826
train,63.0,52.297402538100144
train,48.0,53.42995386349245
train,18.0,29.03790951444104
train,24.0,27.46500938841163
train,61.0,57.75576749066541
train,40.0,40.91014038227025
train,61.0,56.77913816469186
train,15.0,32.61555893604853
train,63.0,50.69833736461054
train,54.0,46.919304597552554
train,15.0,26.209763614451493
train,34.0,42.61132106022328
train,38.0,38.08061799325307
train,44.0,42.61492412885985
train,42.0,24.878044082346026
train,54.0,62.267233299493235
train,59.0,57.51264087055603
train,50.0,50.227251805193966
train,63.0,53.7133760205188
train,61.0,55.9419773477935
train,56.0,52.479329237887804
train,50.0,53.29679840941494
train,61.0,57.113596430503506
train,15.0,28.809828685347355
train,46.0,46.66579409036733
train,50.0,51.59501323088429
train,52.0,53.97200022370396
train,36.0,31.772236616139523
train,40.0,43.892035051159446
train,48.0,54.83746508783756
train,63.0,51.56959084971091
train,40.0,41.20727417390544
train,40.0,39.70519186219641
train,59.0,59.89223203835975
train,38.0,45.25900905475561
train,59.0,55.71862615121184
train,61.0,57.49452574173793
train,68.0,48.40766404556042
train,40.0,49.08689541531222
train,54.0,57.95403578534315
train,59.0,60.18518712921511
train,30.0,35.154115552743306
train,24.0,22.47300586155449
train,46.0,51.98053224792406
train,50.0,59.008224694145206
train,46.0,46.044042160652374
train,68.0,60.40019427501828
train,15.0,31.860703727314082
train,30.0,37.56569378980896
train,24.0,19.882623146452232
train,59.0,63.849282751345356
train,68.0,60.04730030841989
train,42.0,54.05344576174664
train,44.0,39.407037847884055
train,34.0,33.01996402629496
train,18.0,15.829641396193775
train,15.0,29.834970168074115
train,59.0,37.683448563751554
train,46.0,47.689818252408834
train,44.0,44.32688873343454
train,30.0,35.96997072008715
train,61.0,57.7995183920415
train,59.0,51.13289632039747
train,15.0,24.06034101691427
train,42.0,31.05630986454876
train,54.0,61.824489184277354
train,46.0,42.131675392090365
train,30.0,34.83287320804131
train,42.0,31.024657724939996
train,61.0,50.53477067579969
train,34.0,48.3272301026357
train,44.0,46.147352303672044
train,61.0,56.34735342534586
train,63.0,45.87773931249187
train,68.0,33.383416116406636
train,18.0,57.44061383521957
train,56.0,44.87344162852476
train,46.0,45.526494361309005
train,24.0,29.873963712518968
train,15.0,32.230856307717545
train,46.0,43.04970923230159
train,30.0,33.439332931588666
train,36.0,32.06882731103496
train,50.0,45.32399284116791
train,56.0,51.57852624178873
train,48.0,54.79469902800068
train,61.0,56.75876880409993
train,24.0,24.524870926397004
train,18.0,17.737185457253098
train,38.0,34.50480112704693
train,61.0,59.01537210134681
train,50.0,55.16896316511587
train,68.0,58.22120703430582
train,50.0,45.04831903586078
train,59.0,42.188517187770756
train,50.0,56.537153693731014
train,59.0,42.15234591582043
train,48.0,51.78582043307733
train,42.0,39.324949549444234
train,18.0,22.455545677395996
train,68.0,60.31075703097113
train,38.0,36.6795552464459
train,36.0,50.14641478470804
train,30.0,28.598710613075383
train,46.0,48.482903804866226
train,46.0,46.79932273022889
train,42.0,47.770829468914236
train,24.0,24.205479571393678
train,63.0,53.24756310131025
train,56.0,52.086554552688064
train,52.0,52.8529224386335
train,56.0,55.49142299817458
train,15.0,24.871291227096037
train,15.0,29.91223380317244
train,34.0,28.558835223143802
train,46.0,48.07025230904613
train,61.0,58.594170316264254
train,68.0,39.26754633197837
train,15.0,27.353041413029608
train,15.0,30.909653346134185
train,63.0,46.36030629880914
train,15.0,30.97347569570183
train,59.0,41.9038157699009
train,18.0,21.26347240544273
train,56.0,56.07888248066438
train,63.0,46.084061929379274
train,42.0,39.331291957441096
train,59.0,61.108176327177965
train,24.0,27.805606738441977
train,59.0,57.57995554212492
train,24.0,24.781168341650066
train,52.0,44.631026819814835
train,59.0,31.44782613486114
train,15.0,28.437382756114886
train,59.0,63.769331484293204
train,59.0,63.294484202945895
train,50.0,49.341980891637675
train,30.0,39.191152955531415
train,50.0,50.27592820291532
train,18.0,16.417775046788787
train,48.0,54.378004312626494
train,24.0,44.05070743057773
train,56.0,47.08881571053135
train,68.0,60.45131185455487
train,50.0,48.380017975760644
train,56.0,44.77928248244113
train,63.0,48.76338956215272
train,15.0,26.34341115811673
train,18.0,55.66765421519336
train,63.0,51.51390271186693
train,46.0,51.481217240173756
train,36.0,45.31745085361805
train,50.0,47.589112515286295
train,15.0,29.216378982685995
train,54.0,63.02682653388945
train,46.0,47.742239263943056
train,36.0,13.827435382682179
train,50.0,50.13061582111735
train,48.0,56.31759667410874
train,56.0,54.953955406592826
train,44.0,40.44516941495626
train,54.0,62.621886593741166
train,50.0,52.031363572425306
train,40.0,42.85633169775037
train,44.0,45.911205778173304
train,61.0,55.12964233967163
train,30.0,41.78075008405502
train,46.0,47.60794227340408
train,56.0,51.121336889798606
train,63.0,51.733461262828556
train,54.0,58.89907233705256
train,34.0,45.67621502639892
train,34.0,45.13505822651817
train,18.0,19.38306617910947
train,46.0,51.63935503474929
train,63.0,47.2251271054479
train,42.0,36.66204782103639
train,34.0,34.50723816464465
train,46.0,47.689273752172795
train,68.0,60.643081287726396
train,50.0,51.89798767137876
train,61.0,57.590389859780935
train,68.0,58.221686557521515
train,38.0,29.477385906961608
train,36.0,38.53293955355418
train,42.0,36.99757778875282
train,24.0,21.309344827707196
train,15.0,33.86689546772964
train,48.0,54.99171111512366
train,50.0,55.56936748211758
train,63.0,49.77149524319956
train,50.0,52.06383906660814
train,34.0,47.434848980845466
train,52.0,42.78081650644682
train,30.0,35.71804812497347
train,59.0,56.44856450998381
train,34.0,33.20560873090714
train,63.0,49.00757600386264
train,61.0,57.14129050039127
train,48.0,52.962361707017756
train,63.0,50.1644232388268
train,59.0,50.641384416081344
train,56.0,48.37161266660274
train,61.0,58.115068691530404
train,24.0,26.85866751898142
train,61.0,59.07835606714715
train,50.0,49.210796317528406
train,63.0,52.80734510442459
train,56.0,52.6737175408842
train,48.0,52.60788791564551
train,68.0,43.29313828583285
train,68.0,44.88440775695871
train,46.0,51.174727855745694
train,54.0,62.71751830788649
train,24.0,25.88450660392664
train,68.0,43.71437517391188
train,68.0,58.599187412507334
train,68.0,58.838766686363705
train,34.0,32.92350486337531
train,18.0,23.198498271962524
train,50.0,50.49873210429623
train,42.0,43.82650507140766
train,61.0,41.687974604879464
train,38.0,34.43691131527885
train,59.0,54.237289786711216
train,44.0,46.5036779021465
train,24.0,25.901128469093894
train,15.0,26.334655612054032
train,56.0,54.886920537961124
train,46.0,51.19299800878561
train,50.0,51.078418007624855
train,52.0,55.197341954615034
train,40.0,44.20906928434501
train,24.0,27.675859435594326
train,34.0,35.18181281489038
train,24.0,48.81742280191821
train,48.0,53.130369175081356
train,63.0,50.22404976158273
train,30.0,38.48322188657952
train,50.0,51.983900217234826
train,44.0,45.514364737710224
train,48.0,53.25737949330287
train,34.0,35.00152599422373
train,34.0,35.296842467761174
train,24.0,26.988757153200865
train,24.0,25.738924017712687
train,24.0,19.44096032213684
train,63.0,50.49974488744368
train,30.0,42.41650945932982
train,52.0,53.0383902526529
train,18.0,20.51726516079925
train,50.0,49.12862026525096
train,68.0,59.659345999384115
train,54.0,62.04008042670338
train,68.0,34.88973003773317
train,59.0,57.91498412773862
train,46.0,51.251139734869746
train,48.0,55.85942127491529
train,34.0,34.87070070172459
train,50.0,55.76114923573634
train,59.0,37.023454663219724
train,46.0,45.10031092161879
train,18.0,14.87492046990484
train,38.0,34.1887919127555
train,50.0,49.021415680741086
train,48.0,50.515138341156025
train,40.0,44.58476774561775
train,42.0,23.731524832193557
train,30.0,43.21578962844222
train,24.0,22.65987713989261
train,18.0,25.085119421626626
train,46.0,42.363966470335924
train,50.0,45.14549110712279
train,61.0,57.44906166198746
train,63.0,49.26892583901998
train,46.0,42.09696911399122
train,30.0,33.53674600166473
train,50.0,41.03324099972314
train,15.0,31.71475889411717
train,61.0,59.69398583342455
train,44.0,45.03899580540528
train,38.0,35.72171165121959
train,50.0,56.76247768270003
train,50.0,45.901458475996215
train,54.0,58.5506486457746
train,38.0,37.780142873091805
train,18.0,45.39300460804412
train,50.0,42.936464605147826
train,42.0,43.208374809441395
train,44.0,45.36097105303311
train,61.0,54.718150636197436
train,50.0,53.35465659665046
train,68.0,59.295649151916635
train,48.0,47.19848120719404
train,36.0,23.24898643491732
train,18.0,15.455443735739106
train,34.0,49.65662817068237
train,24.0,28.014540955091285
train,46.0,49.39683795596213
train,30.0,36.001910108184056
train,68.0,58.994769492220584
train,44.0,41.46966271110522
train,56.0,56.350747770931854
train,24.0,22.04259424367763
train,42.0,40.1841956742145
train,59.0,60.740870773248574
train,38.0,36.40031972258645
train,38.0,35.8049823012613
train,63.0,49.4036798867369
train,61.0,57.21603512679553
train,61.0,56.28424659814049
train,61.0,46.6015259081358
train,44.0,39.88552931001222
train,30.0,46.675541019544696
train,68.0,58.0203106882598
train,59.0,52.15324397252612
train,56.0,52.127232030388356
train,52.0,57.44935060660673
train,61.0,58.250911044481676
train,18.0,19.342310876933404
train,52.0,52.259110779087294
train,52.0,55.423199099003064
train,59.0,31.77809443110245
train,40.0,43.54635839773826
train,52.0,54.43652641235909
train,56.0,48.03440373525421
train,48.0,51.1545300274377
train,24.0,24.673806108954494
train,56.0,53.84674161709238
train,18.0,17.244784326870256
train,54.0,46.285124004864535
train,46.0,49.944199321201495
train,38.0,36.90819016588673
train,52.0,57.58777693491801
train,56.0,54.6863172411797
train,50.0,51.267644577013385
train,34.0,46.27761543589307
train,34.0,36.447053986532055
train,59.0,50.0109360011073
train,44.0,48.75940583308016
train,48.0,53.81255352138402
train,68.0,59.490422771568944
train,63.0,47.77547325662286
train,30.0,38.327616325260045
train,48.0,48.949539071464116
train,42.0,25.24360507159301
train,68.0,60.48685387522274
train,30.0,35.346272219305206
train,42.0,35.59839446343122
train,48.0,54.96177928528534
train,24.0,21.012361501617537
train,59.0,50.58129737190527
train,59.0,60.24550115090382
train,18.0,15.369256047899636
train,15.0,34.0368562659004
train,18.0,18.813851984676116
train,61.0,59.0821584120646
train,42.0,36.913567411245445
train,36.0,41.89072281014471
train,52.0,49.5612954863417
train,63.0,53.59391753594416
train,38.0,35.85992737024715
train,44.0,43.9386591960007
train,38.0,35.84468713277656
train,24.0,22.574562810377557
train,15.0,20.28442588049421
train,63.0,53.48679364232288
train,24.0,24.230327766232847
train,42.0,39.98886165914028
train,30.0,35.392740958446126
train,63.0,50.49779853150243
train,18.0,16.961918868527707
train,63.0,47.7912358270186
train,15.0,28.378505399956
train,36.0,48.94049467603057
train,68.0,61.294182538033155
train,52.0,47.826766021026486
train,36.0,40.10852989658699
train,15.0,34.403865123627085
train,59.0,59.85870386603828
train,59.0,56.71893198444971
train,59.0,38.8001807589943
train,46.0,47.93282845460375
train,61.0,60.32990593219407
train,50.0,51.357738362481705
train,59.0,62.38133297643915
train,24.0,24.608609154096197
train,36.0,38.63729328231362
train,24.0,23.78119792425239
train,38.0,35.54703104651015
train,68.0,55.09326195369309
train,18.0,21.47914910036186
train,68.0,57.97176973572253
train,42.0,34.03641656647899
train,44.0,42.74948986027914
train,52.0,51.669332515253416
train,46.0,52.1984889132429
train,18.0,24.319763078509713
train,34.0,41.883708710207245
train,48.0,54.78088850119539
train,46.0,49.088978515019015
train,54.0,55.4206992491407
train,52.0,56.52644692659976
train,18.0,14.473007858146161
train,24.0,26.467391037845346
train,52.0,49.04508433680363
train,63.0,48.06957859144437
train,42.0,43.877488796104714
train,59.0,57.396048769653056
train,50.0,51.76459456437196
train,15.0,23.906696232425208
train,30.0,36.484157147943
train,50.0,58.659450516381476
train,44.0,39.41764118095765
train,18.0,22.160727823426303
train,50.0,52.01071270584869
train,50.0,52.915068871157494
train,30.0,47.625355787450424
train,52.0,54.29063641175439
train,59.0,59.6087794822241
train,15.0,50.27406440452343
train,59.0,45.14199086405299
train,50.0,44.29124200003193
train,30.0,37.05238792436744
train,38.0,39.060548427574616
train,18.0,40.812394900708696
train,63.0,44.919019166445445
train,68.0,61.82979945849412
train,50.0,50.24983494004428
train,18.0,14.680614061761158
train,48.0,47.42570025235635
train,44.0,42.43620682098451
train,36.0,46.020205828584366
train,61.0,57.811309224674815
train,24.0,25.71889829848899
train,63.0,46.31426903865071
train,52.0,51.20435114916168
train,50.0,37.91414999059518
train,34.0,43.43241615043362
train,18.0,46.2481668311886
train,36.0,29.496410392009214
train,61.0,58.67660719412276
train,34.0,36.93524629040719
train,63.0,46.71130034065699
train,34.0,44.47003345021522
train,44.0,40.57433906723671
train,24.0,26.232809314591275
train,24.0,16.092768122886557
train,52.0,45.094897658217725
train,44.0,48.683443724081414
train,24.0,19.113911530440664
train,15.0,29.4932818972177
train,30.0,36.704958561082194
train,59.0,62.95334444164865
train,46.0,47.28008871892326
train,48.0,52.151326728476526
train,59.0,57.11070709033648
train,36.0,48.02861103377302
train,61.0,29.357232161131115
train,44.0,46.79255867156718
train,63.0,53.29622134543485
train,63.0,50.76559987802413
train,59.0,60.553168400691085
train,54.0,62.438760099353935
train,24.0,23.872126880954262
train,48.0,51.91080407651162
train,59.0,64.11117991136395
train,38.0,38.350486284486365
train,56.0,50.419352185129014
train,42.0,29.941199862995113
train,48.0,50.194476600969715
train,48.0,58.03359954097896
train,38.0,37.07474412095921
train,48.0,49.0245872875974
train,18.0,19.134466361766435
train,24.0,27.834415118278088
train,61.0,58.46100450463682
train,61.0,58.12440308911629
train,36.0,32.437761544184454
train,15.0,23.606391161782827
train,30.0,40.171520696830314
train,52.0,52.5575949423189
train,61.0,47.801671491358434
train,30.0,55.34228566097165
train,63.0,51.12457161797869
train,56.0,54.34923089982624
train,44.0,41.917494741698775
train,56.0,54.70280397427391
train,59.0,54.05248531717752
train,59.0,43.083487507279386
train,61.0,58.439397516466734
train,50.0,50.083218857941674
train,30.0,39.31165446744675
train,36.0,25.605877570962008
train,59.0,61.55299098141185
train,50.0,48.507695163651924
train,63.0,49.59254779139643
train,38.0,35.06262689973203
train,44.0,41.55677547645534
train,50.0,56.09105375107076
train,15.0,29.248568012784123
train,30.0,50.44529551700882
train,34.0,32.6812062922357
train,50.0,52.70694555432108
train,46.0,50.108900055678134
train,50.0,48.288755373618905
train,44.0,44.32517369374773
train,54.0,48.4837285040374
train,38.0,34.76140853679233
train,61.0,58.52229814254317
train,48.0,48.88478181435569
train,50.0,51.3275524199647
train,48.0,49.357310724503094
train,63.0,50.573897219516525
train,30.0,43.09712595542011
train,38.0,35.25087864235754
train,18.0,23.82208696194417
train,24.0,24.505655476028743
train,34.0,39.117240427540494
train,24.0,24.353668292598588
train,68.0,42.019320598756295
train,46.0,50.3151655628973
train,56.0,55.073357738596854
train,54.0,59.13311300550855
train,63.0,46.6374519171923
train,44.0,50.548769768215884
train,56.0,55.32695631413985
train,46.0,48.24197498111766
train,44.0,41.1623876379488
train,18.0,15.676041421555077
train,63.0,51.36513672534349
train,34.0,35.56504730277617
train,61.0,59.399934390928664
train,63.0,52.48461804993367
train,56.0,50.60814576235069
train,59.0,62.127869311918325
train,15.0,26.31673977600207
train,24.0,26.443133255170146
train,63.0,47.45102361866815
train,40.0,47.52616757184976
train,59.0,44.950330880999026
train,68.0,57.96874317181112
train,68.0,35.38684117834819
train,36.0,23.21159423743789
train,34.0,41.22425847401797
train,56.0,57.05223712057408
train,56.0,52.5307932122331
train,44.0,43.11160903694802
train,24.0,27.253999075752002
train,18.0,25.111705234762077
train,44.0,40.20750199761514
train,63.0,44.60687758270145
train,59.0,42.55117679110735
train,56.0,43.24332707924163
train,30.0,37.378233857594395
train,52.0,49.940734477525226
train,44.0,44.18966378185664
train,15.0,28.17674211939883
train,54.0,46.70729720800508
train,18.0,43.10025718214252
train,56.0,44.512496361555655
train,15.0,25.39163703071486
train,38.0,37.69126772014444
train,18.0,22.55710813798708
train,50.0,47.03113847069849
train,38.0,32.733274385829624
train,40.0,35.35079344157782
train,52.0,47.75789604975658
train,24.0,23.59602225390522
train,56.0,52.895828437045594
train,63.0,52.91219485694284
train,30.0,39.687780602873936
train,24.0,23.923740941241306
train,38.0,34.019989221298644
train,59.0,61.81250636651049
train,50.0,60.5769814071101
train,50.0,52.76511020132779
train,15.0,21.847975005923626
train,42.0,36.215351494759425
train,68.0,53.96757677046199
train,34.0,31.068574986839245
train,63.0,51.173244511626464
train,63.0,52.14497724387952
train,50.0,54.34003338187779
train,63.0,54.01912218956231
train,40.0,44.87587060186408
train,68.0,57.657879165186884
train,34.0,44.47791855061086
train,68.0,59.776286820301024
train,24.0,24.121386471898695
train,44.0,42.47698953051357
train,46.0,48.42844697233035
train,63.0,49.276899352143445
train,63.0,61.97947522002724
train,36.0,45.344344714315284
train,63.0,48.764833174545444
train,24.0,22.655394480984608
train,61.0,58.135663993818014
train,15.0,31.56040050466909
train,50.0,57.993008988291464
train,59.0,53.84837974046171
train,34.0,28.89972420263522
train,38.0,35.399624311796345
train,46.0,51.21159521555849
train,36.0,30.582484523430466
train,42.0,38.51554308735343
train,68.0,55.663146440494515
train,61.0,50.262219314471096
train,46.0,45.4231767471209
train,61.0,59.66674524911098
train,30.0,37.0364233144891
train,48.0,57.892150785903915
train,46.0,48.9078143280894
train,68.0,59.52782331138829
train,38.0,36.52314770598902
train,30.0,33.997329942181416
train,61.0,45.22875197355355
train,56.0,49.55724082388158
train,34.0,34.09018277698138
train,40.0,47.83271856260454
train,54.0,47.14698929377386
train,50.0,34.61096163556056
train,18.0,56.09304533916994
train,63.0,52.63016389542618
train,46.0,50.14970178563934
train,42.0,51.88580566408773
train,56.0,52.2935599638706
train,18.0,16.904313438899717
train,54.0,38.96572213249324
train,50.0,49.59992460372083
train,36.0,30.437559078811642
train,56.0,52.02459464449797
train,52.0,43.445544744966234
train,15.0,27.63710865169776
train,50.0,46.0049887358321
train,48.0,39.37467542877642
train,24.0,25.688978866279584
train,50.0,53.224981491921156
train,59.0,55.75261013469526
train,50.0,54.3669850640692
train,52.0,53.44275921990353
train,24.0,27.698315294402462
train,30.0,40.52368283862845
train,18.0,27.120975816906885
train,63.0,50.629952862354315
train,34.0,42.179416195235135
train,48.0,52.982805772014025
train,68.0,58.175771579988776
train,44.0,43.18049166983418
train,38.0,41.02185754047006
train,24.0,24.587105768551805
train,56.0,52.89534013122439
train,34.0,38.41389635065292
train,24.0,24.464510404890078
train,40.0,44.762189641926554
train,48.0,53.378762580087
train,63.0,52.24024685269252
train,68.0,50.281222019742074
train,54.0,47.112739914663806
train,54.0,60.19055281450936
train,40.0,45.402130826044946
train,34.0,33.396906067641076
train,24.0,26.162235055822606
train,63.0,52.308235544445196
train,63.0,42.89499338903562
train,61.0,57.89073055387872
train,56.0,55.18969634715131
train,44.0,43.114337835532886
train,56.0,56.008085783744484
train,56.0,50.25864919507045
train,50.0,44.11164867347163
train,61.0,57.274691210463814
train,38.0,36.338644640209964
train,52.0,44.198319841812214
train,63.0,48.55443055698411
train,54.0,58.568657798002604
train,46.0,48.936217827667306
train,24.0,25.09647714425541
train,68.0,47.119981060161955
train,30.0,39.9455123123304
train,18.0,17.26633591333392
train,54.0,59.467491137753385
train,18.0,20.171418947492544
train,38.0,34.313474706808705
train,50.0,51.06153372767782
train,40.0,47.99492749366479
train,68.0,58.29550894415858
train,15.0,31.398618792829716
train,56.0,55.683341830886675
train,38.0,33.892370939891805
train,15.0,50.77620754212999
train,68.0,59.0644338159332
train,56.0,49.931553820103645
train,63.0,53.10400162475707
train,61.0,57.313309952346
train,24.0,19.922467389646044
train,48.0,50.11189572389545
train,52.0,55.06018160142269
train,18.0,44.21786440342853
train,30.0,35.45473713511808
train,24.0,22.526759874793605
train,46.0,46.566120296533946
train,61.0,60.09912362092507
train,59.0,62.358080355020576
train,50.0,55.059138251163674
train,54.0,63.65112242085162
train,54.0,60.6811482484232
train,50.0,47.101839290643504
train,50.0,51.947138690415315
train,36.0,26.895579886554952
train,34.0,33.194268298569924
train,50.0,34.174718017093035
train,68.0,59.69747766033689
train,61.0,58.174409417416534
train,40.0,46.26613473682346
train,56.0,56.876833744865756
train,42.0,36.813290395399
train,63.0,45.22675502757763
train,54.0,50.15881215600285
train,48.0,46.282112386588025
train,34.0,40.27971900682983
train,15.0,28.582792865749227
train,15.0,45.61275626527183
train,54.0,57.05641972376357
train,24.0,30.917350533624145
train,18.0,13.635957679206758
train,44.0,42.51968286520471
train,18.0,26.41219434812935
train,18.0,24.062472779447642
train,30.0,39.051449453689315
train,15.0,30.4500575713168
train,44.0,38.458433361411316
train,15.0,25.849661159661828
train,30.0,41.48903565164156
train,40.0,36.11270191763547
train,56.0,56.584126892836885
train,54.0,61.0145179916999
train,40.0,44.0022042825977
train,46.0,41.35524563262982
train,18.0,26.083695707424297
train,46.0,47.23391588704185
train,46.0,46.0835551804942
train,34.0,35.93536925909818
train,30.0,42.43191651661008
train,59.0,59.69104976182115
train,52.0,44.749472867185744
train,56.0,57.14615938936666
train,54.0,44.46410370023898
train,63.0,51.53260832127976
train,24.0,21.32810647260999
train,18.0,20.883500337407067
train,54.0,64.15876421149298
train,50.0,44.8471849569891
train,61.0,57.728407428460784
train,48.0,53.60499896937306
train,68.0,57.80256140376619
train,38.0,48.0166188337909
train,56.0,54.60395864192342
train,59.0,62.71110820685715
train,30.0,37.684174037103745
train,56.0,52.89577828747088
train,59.0,50.00740571747237
train,52.0,42.67250406385533
train,50.0,48.1504056711046
train,56.0,52.154038283260334
train,50.0,42.26560974211996
train,42.0,37.990532755893206
train,52.0,39.02068555815319
train,38.0,35.607603408454054
train,52.0,51.733702556987055
train,50.0,48.60611853052938
train,61.0,60.32464745568026
train,48.0,53.89771407593807
train,24.0,17.180176236298436
train,18.0,47.72301590459214
train,68.0,59.75810582258678
train,63.0,50.373674748919065
train,24.0,24.835450449324657
train,68.0,57.837828851203334
train,63.0,56.15197562571283
train,56.0,55.649604901544485
train,18.0,52.10234081722149
train,18.0,48.54170516948068
train,38.0,37.48309421778641
train,59.0,58.2929964234353
train,61.0,58.905624632256206
train,34.0,36.63382173233254
train,44.0,44.7046557655309
train,54.0,33.63441279488629
train,68.0,58.33690285043142
train,59.0,41.44407860679359
train,24.0,23.826154936812888
train,63.0,51.76257125649724
train,48.0,51.23694702922995
train,46.0,44.72762081959579
train,34.0,31.1086988506001
train,50.0,54.02814222379238
train,61.0,48.735361782313745
train,48.0,53.4571757095933
train,34.0,29.966518739631937
train,46.0,46.46910649270849
train,18.0,21.515910817542895
train,42.0,49.80097939176261
train,63.0,51.909764803890646
train,54.0,34.24975790910456
train,54.0,56.067284074679236
train,30.0,48.24890103634211
train,68.0,60.41764590993563
train,56.0,51.40483546228704
train,24.0,24.057295834985254
train,59.0,43.19861817805546
train,61.0,58.365911764745306
train,59.0,41.853397616896075
train,54.0,60.33915092708024
train,46.0,46.89724347305618
train,34.0,46.14417421473155
train,68.0,43.69880712372914
train,61.0,56.86377643886075
train,38.0,36.268575705428795
train,59.0,46.0803211305385
train,34.0,32.60338262965807
train,54.0,63.255471880621414
train,50.0,52.425500423864406
train,50.0,51.49615251319566
train,48.0,51.16949239307837
train,54.0,59.50765596092942
train,56.0,50.95190820452122
train,61.0,58.94306115966891
train,15.0,42.966317885142246
train,34.0,35.00130284521325
train,24.0,24.199885730093225
train,18.0,15.547503633551727
train,42.0,55.437977609690414
train,18.0,35.58833607250774
train,61.0,59.17263425598726
train,24.0,28.99093560603645
train,61.0,58.7228594993207
train,50.0,49.46630776661059
train,24.0,21.60226156483563
train,50.0,50.51336804222683
train,46.0,44.52844678379067
train,56.0,53.843190481903065
train,18.0,14.704024557038135
train,50.0,51.8661194046222
train,46.0,44.81581037119131
train,61.0,58.4737388197858
train,42.0,48.870165078457745
train,63.0,51.99042880653175
train,48.0,52.49598876519684
train,68.0,56.4184925049917
train,68.0,62.475537282309034
train,63.0,52.53882785032459
train,54.0,58.851168955213076
train,30.0,32.73025089210785
train,63.0,46.13288990287098
train,42.0,44.05991091328052
train,63.0,50.47676155704399
train,15.0,28.512649818186816
train,42.0,45.57254104824186
train,15.0,27.518057832685116
train,44.0,41.48495155012768
train,48.0,39.08521739963346
train,52.0,49.889720744572266
train,38.0,32.600895663921555
train,24.0,27.592895104711822
train,63.0,55.69740247627474
train,68.0,58.39685334900377
train,46.0,45.08859358594086
train,24.0,23.550163377506042
train,50.0,50.85102025056199
train,54.0,58.17142632849007
train,54.0,63.81202966920876
train,36.0,27.07302328205525
train,34.0,32.157441849617
train,50.0,48.97824490030385
train,48.0,51.387722720840344
train,44.0,43.394949828007846
train,34.0,36.064877773274105
train,24.0,21.45362793297221
train,50.0,51.776663352823206
train,50.0,48.88862014852596
train,61.0,57.032509161681375
train,18.0,24.7979835101785
train,46.0,38.949984895996145
train,59.0,48.18704121635093
train,24.0,23.35323535193763
train,30.0,36.76090695645241
train,44.0,40.224193838028704
train,48.0,50.74977438598724
train,15.0,33.35553515484001
train,44.0,44.12921251435052
train,52.0,55.30894388967892
train,54.0,61.18433681123623
train,63.0,54.59690619314373
train,34.0,34.518219523051165
train,54.0,54.89703954213865
train,52.0,54.29375298651106
train,40.0,44.81930513504558
train,50.0,52.94039512043612
train,44.0,41.701879962674234
train,68.0,59.38904159374368
train,36.0,31.85633591471541
train,52.0,55.018091035373196
train,68.0,58.058681257833534
train,63.0,48.97133410125772
train,42.0,42.92795159742004
train,18.0,44.02090431302122
train,50.0,47.38360116782034
train,56.0,50.17498186620759
train,30.0,51.05057161417652
train,30.0,35.28218732255691
train,24.0,26.033900123481754
train,50.0,44.77843293321795
train,56.0,57.37610309634207
train,34.0,31.969377207843515
train,46.0,44.292921588924
train,63.0,54.03439307526912
train,38.0,31.071449961671448
train,44.0,41.195204155424555
train,54.0,62.08669712343277
train,38.0,44.102039463646825
train,40.0,41.68496810846654
train,48.0,52.22274704210332
train,38.0,37.626836501905125
train,68.0,59.61221612935334
train,50.0,46.105959623828554
train,63.0,53.57099402884873
train,59.0,57.662517602707894
train,30.0,34.1531415543679
train,46.0,48.93338445586097
train,44.0,42.155521117726835
train,61.0,52.62803130676976
train,50.0,50.18449661524156
train,54.0,54.10153655506796
train,36.0,46.04370013802109
train,18.0,19.275999646139745
train,24.0,19.885730860945266
train,42.0,38.23889832420219
train,46.0,51.42667766455208
train,34.0,39.028741195168095
train,40.0,45.47728840234818
train,50.0,44.490888397808106
train,54.0,59.945597361310675
train,52.0,51.376874564516825
train,59.0,62.49065939139866
train,24.0,22.284478689867317
train,38.0,36.99224225401597
train,59.0,60.48423727752491
train,24.0,26.075661931464655
train,52.0,54.621864107993716
train,30.0,33.457718794713685
train,63.0,46.99152657276309
train,61.0,58.524081075985734
train,46.0,47.02719960179366
train,24.0,24.79343645442252
train,15.0,24.654117556187828
train,50.0,52.78280655952863
train,54.0,44.34821131928196
train,61.0,58.9406681389833
train,30.0,43.0675621647974
train,56.0,61.682494351799036
train,68.0,47.47614704172365
train,52.0,52.4218476758941
train,61.0,57.00290623346532
train,61.0,59.085346318214704
train,18.0,14.81031953756263
train,18.0,29.08843041873937
train,61.0,57.31128030441841
train,59.0,28.394598194572758
train,15.0,32.88200418533981
train,56.0,54.27797484920939
train,18.0,20.449405242979314
train,59.0,49.84979506675608
train,34.0,38.079489857061866
train,61.0,60.14677018068081
train,18.0,33.91508452317902
train,36.0,29.767328749380198
train,52.0,49.22220224686388
train,54.0,64.42647016257499
train,63.0,49.39966385476522
train,36.0,48.84508196856858
train,52.0,52.56841364207665
train,56.0,51.71563719877652
train,50.0,52.37596938114696
train,24.0,28.360139559134115
train,48.0,52.51710463406858
train,50.0,52.187904564600714
train,42.0,41.91177099640673
train,24.0,26.7099743043444
train,48.0,54.48940860091412
train,61.0,59.55058692637772
train,24.0,22.90892179592054
train,46.0,46.077870818524026
train,36.0,18.767090996125194
train,50.0,52.58252816112397
train,24.0,23.49460390592456
train,63.0,53.71072271127506
train,61.0,55.326654333582965
train,24.0,22.5937262972903
train,54.0,51.809172338193456
train,42.0,45.43049138293491
train,54.0,60.2318786071431
train,50.0,49.235607233191885
train,42.0,37.71342813481361
train,24.0,29.417661921914537
train,18.0,20.20992683265847
train,40.0,44.57497750233024
train,42.0,40.862078605590455
train,48.0,52.783099786233244
train,42.0,47.66867727391921
train,63.0,46.82022662157097
train,24.0,28.10169071198429
train,68.0,57.764103486318035
train,42.0,50.370085279565316
train,30.0,36.6828924217927
train,24.0,20.91284419701974
train,54.0,52.25855625653777
train,56.0,43.57282895571488
train,68.0,43.888528084059516
train,61.0,59.85845343066424
train,34.0,35.33072167702704
train,34.0,37.167914192658586
train,34.0,34.54249083752131
train,36.0,15.363648495391178
train,18.0,29.46190266239916
train,48.0,55.350558871147975
train,59.0,53.2397104719009
train,34.0,31.690435015936977
train,42.0,50.55623473863509
train,24.0,22.351408861027448
train,30.0,38.1031403458949
train,50.0,46.35356021564487
train,56.0,50.536722066830066
train,36.0,38.26827687406636
train,54.0,61.092834744662994
train,38.0,37.16342641179802
train,18.0,12.3301945953968
train,63.0,42.82184932055099
train,52.0,52.312725841145486
train,30.0,35.379685310232254
train,24.0,29.04281990481897
train,50.0,42.900311368522225
train,18.0,22.092713636058615
train,18.0,26.131456765271995
train,50.0,52.45562164652985
train,50.0,55.460947362857766
train,59.0,60.33353202075149
train,44.0,45.41031838150748
train,18.0,20.539867208758192
train,24.0,22.634650161722508
train,24.0,23.569484625932894
train,68.0,60.35616200047292
train,38.0,47.92318955330411
train,18.0,31.370834274056083
train,42.0,36.95723170498678
train,44.0,45.55096082671034
train,24.0,24.985684487578695
train,24.0,22.550931938953454
train,38.0,38.081898080332
train,61.0,61.08327622067196
train,30.0,47.251596889869376
train,68.0,59.62650012090778
train,52.0,50.40448470693966
train,54.0,57.90342926191916
train,38.0,37.37831190560691
train,34.0,33.61853783064628
train,61.0,57.5696757846587
train,68.0,55.185246936201096
train,15.0,34.188327826115184
train,24.0,21.534032758299166
train,50.0,47.799189364672344
train,61.0,57.326986193297095
train,42.0,39.148224646362046
train,46.0,44.38352904099284
train,24.0,27.25305668479367
train,30.0,26.75897057014514
train,50.0,46.85376026973365
train,61.0,57.27382147704415
train,15.0,34.22536524961723
train,59.0,61.347988916808006
train,56.0,57.03276735401457
train,68.0,58.15613211464621
train,48.0,50.928599721693644
train,38.0,37.21290073693601
train,61.0,58.03705107153685
train,30.0,37.62106187186789
train,36.0,48.488934834885264
train,68.0,58.06864054412449
train,18.0,30.383635081700646
train,56.0,51.01499733145953
train,38.0,39.03443720711571
train,48.0,55.81756792948829
train,15.0,31.27733333442516
train,54.0,50.71373857416605
train,42.0,40.01910666110617
train,38.0,36.93853582684923
train,68.0,59.05561958515341
train,68.0,59.15576059429899
train,44.0,42.69413584368182
train,61.0,58.70422405013258
train,40.0,42.8918716230699
train,24.0,19.806673132342315
train,18.0,24.002509719310524
train,59.0,54.879710345830645
train,15.0,30.107642501096485
train,36.0,26.720568522536936
train,30.0,39.04369089228234
train,18.0,19.992911604311004
train,46.0,46.379984756034325
train,46.0,46.68123473131097
train,50.0,46.85898509511795
train,24.0,23.306048064493083
train,18.0,23.267451376503153
train,50.0,55.76437629520228
train,44.0,43.030072439053555
train,61.0,58.65217940958695
train,50.0,53.37565810954403
train,24.0,27.16025743675204
train,68.0,60.717539394430574
train,30.0,38.09618691843828
train,30.0,34.07428204980256
train,63.0,45.02170222565192
train,68.0,60.29439358948248
train,63.0,50.05010706850739
train,56.0,52.12313340264408
train,54.0,61.2677175063106
train,61.0,57.55609355756097
train,42.0,52.12713963460512
train,38.0,46.13012158765765
train,50.0,51.18704451587895
train,44.0,44.69285552899802
train,24.0,25.333678310344673
train,59.0,51.714269789963346
train,50.0,63.30904398732456
train,18.0,40.99380486703945
train,24.0,25.332129018930818
train,18.0,19.048621417226546
train,48.0,50.843093825075
train,38.0,47.16278528363583
train,15.0,26.96038349892356
train,38.0,34.82214141124839
train,50.0,55.630856888425114
train,15.0,32.615522487642956
train,15.0,22.801570252103915
train,36.0,30.637026063560945
train,56.0,40.701319708230926
train,59.0,49.76095746162962
train,24.0,22.240603899254488
train,24.0,26.534019761812537
train,54.0,59.97975989958817
train,46.0,49.022164594542346
train,56.0,56.081818322970484
train,54.0,61.907977672656116
train,56.0,54.42364397139112
train,48.0,54.92888101933876
train,61.0,59.09175894363578
train,54.0,57.12333076835647
train,34.0,31.09652310241371
train,18.0,22.032578800174182
train,38.0,36.671924044248854
train,24.0,24.530853118445293
train,59.0,50.688031206376
train,24.0,21.40371751334791
train,63.0,51.74466323527409
train,50.0,50.00489704212973
train,50.0,37.52216257715263
train,42.0,39.60686278150285
train,38.0,36.79043124004395
train,15.0,33.689049401572355
train,18.0,21.399426466640403
train,50.0,52.37898867845742
train,34.0,34.10348928521165
train,50.0,50.568692546360566
train,24.0,25.693648261635918
train,52.0,53.962346070267614
train,24.0,21.973554591067064
train,30.0,36.19716379752663
train,30.0,48.92276172449836
train,40.0,48.47672905785299
train,30.0,37.731310458543504
train,61.0,60.62555013482526
train,63.0,48.36201037601771
train,36.0,36.22967864513969
train,59.0,47.03626266720652
train,38.0,40.122004678728814
train,61.0,56.65469086271899
train,50.0,51.10866518278903
train,48.0,52.143820889073616
train,44.0,43.394383728989936
train,48.0,52.6033168625626
train,50.0,39.40486019578162
train,61.0,57.68404347528296
train,30.0,37.75150632288087
train,15.0,28.570146870477267
train,56.0,55.77045715652865
train,50.0,51.93077605889785
train,68.0,59.04213787664813
train,46.0,45.34565193250304
train,52.0,52.892145043667455
train,59.0,61.04612356296309
train,54.0,60.09667051968398
train,63.0,60.70712005826174
train,54.0,41.318825444501
train,59.0,57.77615255901878
train,34.0,43.40263229884086
train,61.0,57.272804567956605
train,34.0,31.698585834930505
train,52.0,46.09136189326752
train,24.0,19.417182830213218
train,61.0,57.53493364300461
train,38.0,49.26682906549116
train,24.0,29.06020209292281
train,24.0,23.07660933570424
train,50.0,52.641735477782845
train,59.0,58.265468141545284
train,34.0,37.58422426098464
train,50.0,55.178491231334824
train,24.0,24.733858267899365
train,24.0,25.962779755255426
train,34.0,36.23823932382302
train,18.0,23.1507486942468
train,63.0,52.0381293315953
train,68.0,59.717222812473906
train,15.0,25.298716692550183
train,40.0,48.2132394023451
train,48.0,39.755343055079145
train,34.0,31.493897766315616
train,36.0,40.879137954741
train,61.0,58.582711364081874
train,24.0,24.924837488281707
train,59.0,49.16444411456575
train,44.0,41.954292457958836
train,61.0,61.31267297933723
train,50.0,55.993245120994985
train,50.0,45.69598525251794
train,68.0,59.51166862157581
train,38.0,35.999555622126294
train,63.0,49.34071640110034
train,15.0,45.755589531512705
train,34.0,33.48287126865026
train,18.0,18.57347303547804
train,61.0,59.0816684212209
train,24.0,22.67020436600756
train,50.0,53.12166810660087
train,30.0,40.23925204285267
train,18.0,16.50978841337674
train,36.0,34.2281470813982
train,54.0,58.833742600158345
train,48.0,56.57759529117686
train,68.0,59.20218973718646
train,59.0,48.38801163089617
train,42.0,31.90605777288378
train,59.0,46.775942317899435
train,50.0,44.643793825808565
train,44.0,41.46319791954097
train,50.0,59.165022157387085
train,30.0,36.53679320026746
train,50.0,42.240251507761855
train,18.0,23.64765780612779
train,18.0,27.80059390565343
train,36.0,46.223773113935394
train,40.0,46.54931342154732
train,42.0,41.34119715168854
train,30.0,34.36730224993858
train,68.0,59.590643103418174
train,63.0,52.17456811004266
train,30.0,38.47867556078039
train,24.0,24.802610330066063
train,42.0,58.85930719400289
train,48.0,58.72090357408355
train,59.0,27.84424834203011
train,59.0,58.103435531154936
train,36.0,33.650113947423996
train,63.0,46.79747316814367
train,30.0,39.66336586066054
train,63.0,50.42504763935937
train,68.0,59.154431933322876
train,42.0,41.77543017716298
train,46.0,47.52884120725619
train,42.0,41.10279294353969
train,38.0,45.093945114569145
train,15.0,24.562177125974294
train,52.0,51.36700515207791
train,24.0,23.805111445469866
train,42.0,45.05693851219115
train,44.0,42.53851419696784
train,50.0,54.35380508100901
train,44.0,42.05017439318243
train,61.0,57.00251200986367
train,15.0,29.08154266435362
train,34.0,29.825600439831636
train,54.0,58.38058519553351
train,56.0,55.14500339724156
train,61.0,61.78162510585111
train,44.0,42.35762008553799
train,34.0,33.057455273081274
train,56.0,52.85182355500589
train,46.0,48.712574594742755
train,24.0,26.01230289113676
train,34.0,35.664063805645725
train,38.0,35.34282339669872
train,24.0,27.66568679150918
train,48.0,51.370233084280464
train,18.0,19.092906561050782
train,56.0,53.62136088947955
train,42.0,36.32793461020566
train,59.0,61.455292355177704
train,61.0,56.24529951162305
train,50.0,48.05385560274545
train,44.0,41.496282651722254
train,38.0,33.175340425044375
train,50.0,53.842479583240845
train,54.0,61.594889266692554
train,38.0,35.89196412434582
train,61.0,58.326310138776996
train,30.0,35.25073041544087
train,24.0,21.710437753795656
train,18.0,17.854198154909064
train,50.0,53.35231687431979
train,61.0,58.78715681416174
train,61.0,58.0374798020721
train,68.0,59.12899369608356
train,59.0,63.21885103596817
train,61.0,61.01206547466964
train,24.0,19.07953997673334
train,44.0,42.68703666144903
train,48.0,54.79280323965411
train,38.0,31.910425019158428
train,36.0,51.74614767725041
train,61.0,60.23592848539063
train,18.0,17.64955871579836
train,46.0,44.68714812880797
train,52.0,42.56426535908787
train,50.0,52.100533363158206
train,63.0,56.59341058824903
train,68.0,58.256708266412886
train,18.0,25.950264447400002
train,46.0,40.89781376451807
train,30.0,37.45710927840013
train,54.0,65.26665252294981
train,46.0,45.725825575057506
train,40.0,41.73248338733182
train,30.0,43.48971258751326
train,42.0,33.61033087515274
train,44.0,41.77487848562449
train,59.0,61.47915359894247
train,50.0,39.12774942160744
train,30.0,39.22716615039455
train,59.0,42.085060470333445
train,59.0,59.590526373111004
train,59.0,52.756055055834196
train,48.0,54.72245645503261
train,34.0,33.32331821800932
train,30.0,36.42339092564596
train,36.0,33.616890033603156
train,30.0,33.93293738500762
train,38.0,36.16472380517908
train,24.0,25.632335891828216
train,30.0,38.90622900248766
train,24.0,20.202149003658494
train,44.0,40.60558946464752
train,46.0,45.42945162406834
train,56.0,56.293362968207255
train,30.0,34.936805404309624
train,63.0,49.81364173402608
train,48.0,51.551818938642256
train,50.0,52.93129258155882
train,68.0,57.99498668391733
train,68.0,61.61862958162014
train,36.0,27.431259918331545
train,42.0,27.58791073212456
train,24.0,18.247747330185245
train,34.0,35.28801402188717
train,42.0,39.76758842354085
train,18.0,17.725964814598285
train,18.0,14.523630611302696
train,30.0,35.99079255348092
train,68.0,48.61907229848377
train,30.0,32.48734030500686
train,50.0,44.43871248717281
train,34.0,33.71637330420901
train,68.0,57.55107217565021
train,24.0,18.69456293103023
train,54.0,62.92674849491604
train,50.0,50.907240757518295
train,48.0,56.688975708893786
train,48.0,53.39447007147778
train,24.0,20.786586902044895
train,24.0,25.168980314380786
train,63.0,49.1011458404944
train,42.0,37.299557355183104
train,44.0,48.50238440638624
train,24.0,22.62920665506874
train,30.0,36.79233377300834
train,48.0,51.82129088541961
train,46.0,50.544848466820056
train,38.0,36.03844045913655
train,18.0,29.662889368907692
train,34.0,32.792003854094354
train,61.0,40.212189861968234
train,63.0,49.98628048434149
train,34.0,31.9174238790644
train,42.0,38.75823830933923
train,15.0,36.34097863431247
train,48.0,52.07175330846299
train,15.0,33.853059724117564
train,61.0,58.111419709444945
train,54.0,59.898256307146525
train,48.0,54.71429923920343
train,44.0,43.575796317612486
train,63.0,51.41993914684485
train,59.0,50.531028454952256
train,42.0,40.58741683445366
train,63.0,50.37649657954477
train,24.0,27.738821842503032
train,50.0,53.12933546165324
train,50.0,44.71947907186826
train,50.0,51.53048283234952
train,40.0,42.51471688012678
train,54.0,48.9459871926707
train,63.0,48.33914124066395
train,36.0,40.02055099866153
train,36.0,46.19002323043255
train,24.0,19.079512243118852
train,54.0,59.47666008876146
train,36.0,50.46661904421632
train,54.0,61.534061569101596
train,56.0,50.87941000657547
train,46.0,47.19140799774897
train,44.0,41.06646654409421
train,59.0,59.94050114621395
train,63.0,47.73812111564197
train,36.0,46.8022995686585
train,50.0,51.75314168313913
train,61.0,60.94431021857433
train,50.0,35.76335454758889
train,48.0,51.927790613414295
train,30.0,38.918179879222755
train,30.0,38.70933748973412
train,42.0,39.73728532738219
train,54.0,64.46183393102007
train,24.0,24.565982545846488
train,68.0,59.19587850062396
train,42.0,42.4155991131457
train,54.0,60.89592318685676
train,52.0,55.63540291883084
train,56.0,58.101150834983564
train,56.0,54.46162992810369
train,38.0,39.58700284702428
train,54.0,61.64727406601917
train,61.0,56.87396544913129
train,36.0,51.280300871273234
train,48.0,54.536370678327174
train,24.0,22.37763210316008
train,15.0,28.426864427541783
train,24.0,26.541228605687404
train,50.0,48.29882602930782
train,61.0,59.991845470027556
train,34.0,32.26828889623129
train,36.0,36.91828776746937
train,61.0,58.15732919521927
train,40.0,42.313204496493206
train,59.0,46.938278851406736
train,56.0,51.9677414991213
train,54.0,58.27100241192719
train,38.0,36.77369488392924
train,24.0,45.48430504978539
train,30.0,38.049694146756224
train,44.0,39.101772553522565
train,30.0,38.576450461416925
train,56.0,55.33873911139363
train,48.0,53.151064737346104
train,30.0,36.98993580613724
train,50.0,52.75305263989686
train,40.0,42.25354160854768
train,40.0,42.34165057743887
train,61.0,58.200296506669055
train,24.0,22.021151985313125
train,30.0,36.783550613241374
train,24.0,22.07893722905611
train,24.0,20.803417247850266
train,44.0,40.901108064114624
train,30.0,45.80310661038941
train,61.0,59.78308352611498
train,24.0,27.436200409278026
train,61.0,58.46585402953248
train,54.0,58.174156705872534
train,50.0,52.375958194707714
train,50.0,56.02185818850508
train,52.0,41.94629586990507
train,50.0,52.190695234152926
train,54.0,37.28031528836662
train,46.0,47.316566845185264
train,30.0,38.74770581371214
train,24.0,21.874998231486128
train,50.0,53.387135573548505
train,36.0,48.352154003703376
train,56.0,53.83873941605504
train,50.0,48.793630060683874
train,24.0,23.13460349040435
train,24.0,24.18463889629064
train,52.0,53.125434397148
train,36.0,39.878359040111505
train,56.0,52.91787773713763
train,50.0,45.89235196529288
train,63.0,48.19329961170017
train,48.0,54.61254302870396
train,36.0,51.065034190624786
train,63.0,51.39091413147401
train,61.0,57.51697859768351
train,54.0,63.47969044916272
train,59.0,58.05773208086245
train,30.0,38.22311560780809
train,34.0,34.91258827074783
train,54.0,54.810197144310635
train,36.0,30.612028906640123
train,30.0,37.66169070854857
train,30.0,37.81119575415384
train,42.0,40.817847364694416
train,46.0,47.914952395034035
train,59.0,54.85067685674123
train,52.0,50.75846805500128
train,59.0,60.85378451120792
train,24.0,28.582539176333725
train,40.0,46.205556516184835
train,30.0,37.22995088963641
train,15.0,44.20471330951345
train,38.0,35.89112601457301
train,46.0,52.52233137978767
train,50.0,38.229291033932
train,50.0,50.27848889312202
train,52.0,51.720177366640414
train,54.0,63.63984543680438
train,36.0,38.62279536352011
train,24.0,29.218437884231598
train,56.0,51.57075911199553
train,61.0,61.02174852925875
train,34.0,31.47280828970562
train,34.0,31.67708175850324
train,48.0,51.89677399174076
train,36.0,39.195041228844474
train,24.0,24.125438178963364
train,61.0,47.30146654882199
train,48.0,52.70766874913263
train,36.0,10.726307449313474
train,63.0,45.707487649149286
train,59.0,31.674735669612346
train,48.0,52.78860958161584
train,44.0,41.42579103333014
train,59.0,58.59030231762658
train,30.0,37.81255270747872
train,44.0,42.96162884713958
train,24.0,25.15872527024171
train,59.0,43.7869703737469
train,36.0,36.485869531887914
train,68.0,60.63029685399327
train,24.0,27.3264675576258
train,24.0,24.127146131344674
train,54.0,61.04804384808603
train,56.0,51.935934848723264
train,48.0,54.09775666214509
train,52.0,50.0387942749
train,40.0,45.42697462830973
train,18.0,22.271228162643716
train,24.0,20.393397443346327
train,54.0,64.25673651989013
train,56.0,53.31228432605102
train,46.0,45.7805079185646
train,42.0,40.49993605947779
train,50.0,38.863757906975714
train,24.0,25.432196140340046
train,38.0,47.72405058706901
train,24.0,25.214922257213328
train,54.0,45.606920940899045
train,54.0,48.628285019355495
train,48.0,36.096210545642464
train,44.0,42.6628631359511
train,24.0,18.78493148865629
train,36.0,28.891780252668255
train,61.0,61.03379788321853
train,50.0,52.6381776989967
train,42.0,24.111157036790296
train,63.0,50.01561141339916
train,44.0,42.56116316511834
train,34.0,26.52684216229076
train,15.0,30.66821810519024
train,15.0,31.804811260864327
train,34.0,34.383182445690515
train,30.0,37.28787456844504
train,36.0,33.64332346416016
train,48.0,51.157902202698914
train,50.0,40.10747270402994
train,44.0,45.27781635142912
train,52.0,55.53630902296334
train,30.0,36.474615353985044
train,30.0,34.22837066137449
train,50.0,44.64870578795916
train,63.0,53.89246084340297
train,24.0,26.213459002212563
train,56.0,52.80262419799189
train,63.0,47.32200505108431
train,63.0,46.38457960447983
train,68.0,59.107075668106745
train,42.0,47.06180636399391
train,34.0,36.76945759579894
train,18.0,19.620893659175763
train,61.0,56.29882521163897
train,63.0,52.601261473852944
train,59.0,56.6315867678604
train,15.0,26.31327293299823
train,24.0,24.11841473908591
train,63.0,54.74785455284449
train,56.0,54.33149154071787
train,56.0,51.553567847356774
train,59.0,37.872193165847726
train,50.0,53.395347667806064
train,15.0,15.837625814262651
train,68.0,57.755303209445444
train,36.0,34.34502906301121
train,50.0,52.365084043544506
train,24.0,25.609704636595907
train,48.0,54.93004449378502
train,54.0,63.57563722863394
train,24.0,20.956592741121238
train,40.0,39.07434136334569
train,50.0,45.60158944796018
train,56.0,55.467066974806684
train,18.0,25.479732274110958
train,61.0,58.70311699786352
train,48.0,53.05287666314878
train,18.0,24.186726132277663
train,61.0,56.05083865457139
train,56.0,52.284825920251095
train,54.0,44.25983621805933
train,42.0,46.55532382245528
train,24.0,23.448656418876528
train,30.0,44.87814930696025
train,54.0,57.58967560080995
train,44.0,31.22633972617715
train,24.0,17.699728727049745
train,50.0,45.381495712578655
train,24.0,26.478108189336666
train,61.0,58.63061726839658
train,24.0,26.356514253698197
train,61.0,57.997802590753956
train,15.0,28.909509796701705
train,30.0,43.36846527960049
train,50.0,56.575649627315386
train,24.0,23.366395633597826
train,68.0,59.22198250683148
train,54.0,60.8800296332974
train,42.0,37.79568263734616
train,36.0,31.736274350616355
train,63.0,55.030995229943876
train,52.0,52.54854883964963
train,15.0,32.136263787691334
train,56.0,52.085405322750354
train,61.0,57.37660292460702
train,56.0,48.07932943269906
train,52.0,51.37557126490856
train,38.0,48.455184774914116
train,38.0,47.51581572028961
train,15.0,47.253591701998566
train,42.0,38.49291819302114
train,30.0,35.89397210398701
train,56.0,58.44756578087477
train,34.0,33.35769626129185
train,50.0,55.230999815952835
train,24.0,28.32474892311941
train,34.0,36.19945315744175
train,38.0,38.24159585847384
train,36.0,44.751293910665865
train,50.0,45.823740814812595
train,68.0,60.35039266813104
train,63.0,53.5111658928323
train,24.0,25.74915490502488
train,50.0,42.69466182577821
train,48.0,52.15428001698711
train,30.0,33.74261962938225
train,46.0,47.389896085414
train,38.0,40.12637155179315
train,44.0,40.55154518391125
train,63.0,50.715886842156515
train,59.0,59.53287295878758
train,63.0,53.61349219324687
train,52.0,54.3639452234334
train,38.0,48.18690936498507
train,63.0,44.839912995960105
train,61.0,61.15505105484942
train,61.0,56.38347557318659
train,50.0,42.744849237265996
train,63.0,49.523462875740094
train,24.0,17.399734008794958
train,18.0,22.651288815883138
train,54.0,50.645278279128384
train,42.0,31.206911771789592
train,68.0,54.69077698190561
train,18.0,15.960672349742953
train,46.0,46.20433426601456
train,42.0,40.13227845633524
train,24.0,24.175803221530266
train,48.0,51.68403597711142
train,15.0,32.57169265491807
train,56.0,52.20112331692778
train,61.0,59.13861274639669
train,18.0,18.252520172915606
train,15.0,41.012699388803924
train,15.0,26.284631250533852
train,63.0,50.33994855766534
train,44.0,52.88384984262903
train,36.0,26.11230986816712
train,30.0,40.5043321519716
train,50.0,54.575206561092656
train,36.0,22.69345581092144
train,36.0,32.650779712824416
train,59.0,46.65916860419797
train,42.0,42.22364291730201
train,56.0,54.551930608293894
train,54.0,62.679586937312024
train,63.0,50.77404685364564
train,59.0,58.03636704649094
train,24.0,21.20292165836287
train,68.0,58.33236673019116
train,52.0,56.619430427073034
train,24.0,23.5034059189499
train,50.0,50.487435394048056
train,38.0,34.699548657249196
train,46.0,44.455395962772606
train,61.0,56.67976837423504
train,61.0,55.757593499546886
train,68.0,49.16686640000782
train,59.0,30.185004201242393
train,50.0,41.49076840133004
train,59.0,43.24395028846037
train,24.0,26.835848497141797
train,50.0,53.782816944489106
train,30.0,38.69795654154309
train,18.0,26.24917487614068
train,50.0,51.04481803341074
train,56.0,53.701736073197836
train,24.0,26.998615156405712
train,59.0,56.744643256290864
train,59.0,61.85133864287298
train,15.0,44.86952884400914
train,24.0,27.368504948907574
train,30.0,43.1748344375273
train,56.0,56.7804554735543
train,59.0,56.89728500092998
train,34.0,37.07408480636414
train,68.0,58.084272710008804
train,59.0,53.09954882066553
train,36.0,27.199434763013784
train,44.0,43.38676995932772
train,61.0,59.41676252763388
train,61.0,59.611727876900375
train,52.0,44.12478231836257
train,61.0,58.2930696346727
train,54.0,44.75851958897353
train,48.0,48.31940018409849
train,59.0,61.41381591287711
train,50.0,55.21913225232632
train,68.0,43.00553709667334
train,61.0,58.860368504206576
train,63.0,47.50738066531932
train,30.0,33.753366531214674
train,48.0,51.46375247466699
train,44.0,40.96705640598435
train,52.0,56.02180789877351
train,18.0,26.55796160603845
train,38.0,39.02331818161209
train,38.0,34.220768229508685
train,30.0,35.23289402790103
train,18.0,27.66066546105198
train,48.0,50.91997505840392
train,56.0,51.82154464820077
train,46.0,47.53788576297732
train,30.0,36.23530687762774
train,24.0,21.985143734665087
train,30.0,37.125103365232924
train,56.0,52.390556205043204
train,24.0,29.117985202447034
train,34.0,49.58354658425715
train,24.0,26.951566500654067
train,56.0,51.40676123927947
train,36.0,43.89156178296822
train,24.0,27.113856932662422
train,61.0,60.26791005077874
train,54.0,63.529625401912355
train,38.0,41.97044398815195
train,52.0,52.37229837341458
train,52.0,54.21268790503295
train,56.0,52.71388506054965
train,50.0,55.48947869782818
train,15.0,29.783148517178248
train,61.0,59.1222168897046
train,15.0,25.379575217944183
train,61.0,59.120822944570435
train,50.0,48.019535471404616
train,30.0,40.38273500460863
train,54.0,61.01836178272675
train,38.0,42.60942664028053
train,54.0,52.95892519859835
train,24.0,29.463900801296656
train,56.0,56.995798858775984
train,61.0,58.391460816877334
train,52.0,50.365295771677886
train,34.0,30.96332581601299
train,24.0,23.594450761968215
train,61.0,60.21700679456066
train,52.0,52.72505354579451
train,50.0,45.75960794877825
train,48.0,54.44526921137749
train,59.0,56.14927289201282
train,18.0,18.713926677449518
train,24.0,24.7788072232833
train,24.0,26.691301753281078
train,56.0,58.94652292002448
train,68.0,60.33868113423587
train,68.0,57.65761962011709
train,48.0,53.22397240677205
train,44.0,40.62248135567152
train,44.0,40.03844535978273
train,30.0,37.36450522645217
train,15.0,36.38538465578348
train,52.0,52.56010903248493
train,48.0,54.937079753016874
train,68.0,58.3353386123716
train,44.0,45.58224439231344
train,34.0,35.772480803594576
train,44.0,41.332549241707454
train,40.0,46.97787708462264
train,42.0,54.03738712017547
train,54.0,60.74951949002251
train,52.0,56.94689678364578
train,18.0,44.65103502727398
train,44.0,42.83414969402144
train,38.0,31.90303821266379
train,24.0,25.965688391995126
train,50.0,43.2493089587331
train,24.0,19.856864995553856
train,40.0,43.969728703750384
train,61.0,58.37820456381603
train,30.0,44.383279942996296
train,54.0,64.56280992289553
train,59.0,53.54950483686869
train,18.0,17.62847739343823
train,24.0,26.384384624521918
train,24.0,21.343686825299706
train,48.0,46.84280958356927
train,50.0,36.64326507760002
train,48.0,52.45444852465339
train,46.0,42.51128089843656
train,50.0,51.0203818093335
train,44.0,40.48371986349162
train,18.0,37.86593762451816
train,50.0,55.26139459316798
train,24.0,20.37299068135471
train,38.0,38.31025467154879
train,59.0,28.55867771215332
train,61.0,55.294112746324174
train,54.0,52.840235285445715
train,61.0,60.418502812192514
train,15.0,24.46489133985053
train,30.0,35.518110127782954
train,30.0,33.15369047202363
train,15.0,34.92781065873355
train,38.0,36.57770039922854
train,59.0,60.57214628410834
train,24.0,18.910695517349993
train,56.0,55.936467988515645
train,48.0,50.56613463794474
train,24.0,26.191400898558832
train,50.0,48.897484853729736
train,34.0,33.621888834197236
train,56.0,50.308707423255626
train,15.0,32.70733482242447
train,38.0,27.39319553277996
train,36.0,29.69067074251192
train,46.0,50.779367711854576
train,46.0,47.39516897468539
train,54.0,58.702861090958336
train,59.0,43.079235931656996
train,61.0,57.66747907143136
train,61.0,57.256138057528986
train,61.0,57.97161362038247
train,18.0,17.10263425175348
train,59.0,41.569576353711476
train,61.0,57.870497473106454
train,40.0,43.33224621947391
train,24.0,25.302817459946507
train,24.0,18.26116964400716
train,50.0,42.26852109685693
train,38.0,29.499356810791614
train,52.0,50.9899887048636
train,56.0,54.69173784166543
train,48.0,49.31705082520425
train,24.0,23.00214713406613
train,42.0,45.89788901345615
train,24.0,23.162803954468643
train,34.0,38.137000767164785
train,24.0,25.243038634485437
train,54.0,61.73312150549757
train,61.0,57.72235531788497
train,18.0,40.86757679048772
train,24.0,25.774589543351915
train,24.0,22.329136460070902
train,59.0,56.84470980901984
train,18.0,19.933070068539593
train,40.0,45.02537874223831
train,30.0,37.65662727917382
train,59.0,42.84224716647837
train,50.0,56.87071429152737
train,15.0,21.38506664241865
train,61.0,58.72214658593581
train,54.0,51.30244325635966
train,59.0,46.576612856534325
train,46.0,44.709056689815476
train,63.0,51.138772508031934
train,68.0,57.32137031632077
train,24.0,20.105795640624727
train,56.0,48.02312459438302
train,50.0,52.348242936439036
train,61.0,58.60893919295105
train,24.0,23.11636263260937
train,46.0,44.18729580106524
train,36.0,28.97882703537047
train,34.0,37.13621467910478
train,61.0,57.55773774280299
train,36.0,35.50545665804179
train,18.0,45.71312054056216
train,38.0,34.80847105955319
train,54.0,62.97923000118084
train,30.0,43.995676282204144
train,61.0,59.49004789731904
train,18.0,23.199188743895455
train,44.0,43.270057104748524
train,54.0,63.60280757639284
train,24.0,20.367744635385446
train,59.0,25.67931717998453
train,24.0,27.125722387264183
train,59.0,59.357221005955424
train,56.0,56.05841047483188
train,63.0,49.58601048267862
train,59.0,62.17304982108594
train,63.0,38.97226495857174
train,54.0,64.11058372412924
train,18.0,26.530276702913074
train,54.0,61.515677064103144
train,36.0,49.03212341979137
train,38.0,48.19562569902889
train,63.0,48.28253120896071
train,68.0,58.935662771828866
train,61.0,58.20925162368156
train,42.0,40.78062246759212
train,63.0,50.14849071001288
train,50.0,57.28346897308144
train,42.0,44.15756847207846
train,38.0,37.92754286459068
train,52.0,52.77034384260738
train,36.0,52.17943427356526
train,61.0,45.018836408526795
train,61.0,57.942427403540464
train,50.0,55.1776444860276
train,30.0,38.29865008268108
train,42.0,38.7396298570508
train,24.0,29.25592799090421
train,18.0,19.734754516855638
train,50.0,39.94934564773104
train,50.0,51.45167833007834
train,34.0,32.648889339078124
train,61.0,57.914771964986706
train,54.0,63.4604126530827
train,44.0,43.04600032858276
train,48.0,51.93024884352715
train,36.0,27.417819732001647
train,63.0,54.98438459393986
train,50.0,39.21867113382056
train,42.0,53.616675736825535
train,24.0,32.17898006640794
train,42.0,42.89286895700838
train,46.0,48.82110812691532
train,56.0,54.060059551677746
train,42.0,29.43715851285848
train,50.0,48.501803432326845
train,48.0,55.01114701369161
train,24.0,23.584084549497163
train,30.0,41.945181192332335
train,42.0,39.63882556229381
train,61.0,56.155149125331945
train,48.0,55.647080968239734
train,63.0,50.41653418222158
train,15.0,21.065795570019752
train,50.0,54.80670369853101
train,34.0,31.04745301851747
train,18.0,14.48742182013659
train,56.0,55.41194586016776
train,15.0,30.84669896768232
train,50.0,56.13749888340429
train,24.0,21.133466078954317
train,34.0,33.556463211127536
train,59.0,49.0890223103201
train,68.0,58.78459114408517
train,44.0,40.85720016909767
train,24.0,24.67187829449281
train,61.0,57.623400605470835
train,44.0,45.82344366730193
train,48.0,52.454641410631716
train,34.0,31.317446129713197
train,52.0,55.755222284222356
train,59.0,58.35778710599949
train,68.0,58.248107688155734
train,68.0,46.84598908698998
train,48.0,54.98972123723135
train,24.0,26.50604525542207
train,63.0,48.95614737341356
train,30.0,36.06030361233709
train,34.0,28.22117566188311
train,30.0,38.499468187795905
train,30.0,35.96754554476493
train,46.0,49.77777679068301
train,24.0,26.461169757539007
train,54.0,62.230143881677265
train,59.0,63.8354046306178
train,15.0,29.23226022280049
train,52.0,54.90217326527498
train,52.0,56.604589667297724
train,52.0,54.48413253190908
train,46.0,49.951496324361564
train,46.0,42.87759203527689
train,18.0,32.426071228145005
train,54.0,60.92209006748709
train,50.0,55.1191811511199
train,44.0,41.39045312225983
train,46.0,54.82445193218251
train,61.0,59.43629016506469
train,18.0,38.122536413747774
train,46.0,47.94395520931245
train,63.0,48.71608671282756
train,50.0,49.21509256013178
train,63.0,47.271193737878114
train,24.0,29.361333726478605
train,36.0,27.94471367164514
train,68.0,58.22747192224775
train,56.0,56.85738391366898
train,68.0,55.95794351487035
train,54.0,46.02632844985452
train,54.0,49.72011742895114
train,48.0,50.214559320792205
train,61.0,56.20810279873215
train,48.0,52.96722850096144
train,50.0,51.35237535399134
train,61.0,59.105700126111934
train,50.0,44.84545639724162
train,15.0,24.087292750532445
train,59.0,55.46207067407636
train,38.0,44.085028515190416
train,54.0,59.72620493409331
train,42.0,39.25418645199952
train,42.0,40.78453491613682
train,59.0,61.27827615829433
train,54.0,61.44722666531919
train,54.0,60.1287999013343
train,59.0,60.49361725696356
train,38.0,34.65117665369628
train,24.0,27.216046301312996
train,34.0,31.448258783007326
train,30.0,39.79379720694411
train,40.0,42.8456968018374
train,18.0,25.392776878452878
train,61.0,50.615085424083475
train,24.0,26.905605312364685
train,40.0,43.959043494014395
train,56.0,54.82946518927709
train,50.0,53.2068850272503
train,54.0,59.44499067621565
train,54.0,62.916895428750784
train,34.0,28.881436264155788
train,38.0,34.47237545860142
train,63.0,48.5596583033882
train,50.0,43.79595259666273
train,24.0,23.93831198451767
train,48.0,55.00994305742615
train,50.0,50.33050938048593
train,24.0,20.54663288778471
train,54.0,58.220547971815435
train,30.0,28.646543108700108
train,30.0,40.84871276605671
train,40.0,43.96141104175571
train,30.0,34.87919781740176
train,34.0,32.587060223214245
train,61.0,55.72145068097683
train,15.0,34.05173782219923
train,40.0,41.59423879883335
train,18.0,18.10729718644919
train,38.0,28.664051877887964
train,46.0,46.80965429539032
train,56.0,52.483713231177546
train,18.0,49.94119518876462
train,50.0,56.36693126040688
train,38.0,51.394456898356225
train,24.0,21.303424140510486
train,30.0,44.7211353287095
train,42.0,31.65410953473992
train,24.0,23.760878071119155
train,50.0,55.52713071800945
train,18.0,12.63126095697518
train,24.0,19.006072555496214
train,15.0,28.993897787465166
train,54.0,62.279109267550965
train,54.0,58.284774945767076
train,18.0,20.19265370979453
train,59.0,36.83078075016275
train,56.0,53.7636975011479
train,50.0,48.86738098922336
train,50.0,37.91852264013974
train,68.0,40.08278745489938
train,24.0,50.29416196697971
train,18.0,42.64498210319996
train,48.0,52.97991866144612
train,36.0,42.128076202183905
train,15.0,27.60159502130072
train,59.0,62.442044561486
train,52.0,53.136515872165766
train,15.0,33.94915353153533
train,68.0,60.03483787507303
train,48.0,49.901693809418866
train,40.0,45.09465373380647
train,15.0,28.340614346549152
train,68.0,57.278707025642326
train,24.0,24.743118576778812
train,50.0,59.642080182845476
train,15.0,30.457171744558195
train,63.0,49.83571020189927
train,44.0,43.3923062885203
train,38.0,30.832270389627013
train,24.0,22.010385550581525
train,48.0,49.324391771405935
train,38.0,34.89920280700697
train,50.0,53.798237477635865
train,59.0,61.20158674040926
train,56.0,56.9646698574272
train,34.0,35.00375556170014
train,30.0,33.448848955787135
train,38.0,36.98965614669729
train,63.0,49.977988349959034
train,24.0,26.681412080577058
train,56.0,53.62464632146485
train,42.0,40.73023175825767
train,34.0,38.34162209644224
train,34.0,38.9850553454503
train,61.0,56.56865223387055
train,63.0,52.23002796386351
train,24.0,21.785023386766206
train,34.0,45.11573007066606
train,30.0,39.35325849111801
train,68.0,57.083001151023545
train,52.0,53.75231454862982
train,46.0,48.402735276534024
train,48.0,57.573912106667265
train,68.0,57.093974224970694
train,50.0,41.143969668021256
train,24.0,19.299060237806167
train,38.0,30.675889621498783
train,34.0,35.82218716492539
train,24.0,23.5133345754924
train,44.0,41.26097200784791
train,44.0,41.860433174647845
train,50.0,53.41719620148194
train,30.0,35.487209079902755
train,48.0,51.31997327132892
train,50.0,54.22145960496678
train,42.0,29.121272160066752
train,34.0,31.74561311436284
train,34.0,51.31292486559689
train,24.0,22.391389977148883
train,61.0,59.17927371663845
train,38.0,42.89471120339336
train,24.0,26.572664006258723
train,52.0,49.47596457453108
train,15.0,26.442299858532877
train,42.0,39.59351897388925
train,63.0,47.21437484386051
train,54.0,57.16340775113419
train,59.0,57.66858078277586
train,24.0,24.461064078663018
train,52.0,49.988438398867
train,59.0,62.07754051264767
train,52.0,50.92015896514331
train,54.0,61.33430069420211
train,24.0,17.758313353332067
train,56.0,51.78719456065307
train,61.0,54.36630772355342
train,44.0,47.28635833066089
train,48.0,52.459085738697425
train,61.0,55.52069267622712
train,61.0,60.55470857724043
train,18.0,16.105620422805437
train,40.0,41.52448450919691
train,52.0,50.913721383032616
train,52.0,54.554536901525154
train,44.0,41.78411577658727
train,18.0,42.170397472992406
train,44.0,43.238725076391056
train,18.0,39.55827447141871
train,46.0,46.68607381174096
train,24.0,25.85768795534131
train,18.0,14.783615191631018
train,61.0,58.45826069473647
train,46.0,47.2735889886546
train,56.0,55.772605259078176
train,61.0,59.01584430800119
train,50.0,37.66022598948571
train,36.0,30.948777441615693
train,24.0,23.82339702999158
train,48.0,44.08799601497139
train,42.0,47.078914161039705
train,63.0,52.857710716914305
train,40.0,46.309800660318885
train,59.0,57.18652553523402
train,61.0,58.69671410873019
train,54.0,57.28334704432704
train,30.0,41.491961180039084
train,24.0,28.268983126048248
train,15.0,30.473125337926348
train,50.0,52.002232821576484
train,44.0,42.945539385970626
train,36.0,34.772067872606854
train,50.0,41.97072134791912
train,30.0,41.88400257351396
train,36.0,48.536255050468554
train,30.0,45.244948691070874
train,61.0,48.27721672573409
train,68.0,54.88766489666858
train,50.0,53.670098876743104
train,52.0,54.36856659229233
train,61.0,59.37649114460666
train,44.0,42.28481340282697
train,24.0,24.78349500476301
train,68.0,56.76439562963495
train,18.0,23.017016698352187
train,42.0,38.833077751875045
train,38.0,36.79159578862864
train,46.0,47.57677417802119
train,34.0,45.20917580514443
train,59.0,55.77670214657986
train,68.0,58.164210682250236
train,68.0,60.3209698137494
train,44.0,43.250755663182964
train,48.0,56.60405207310445
train,63.0,51.58119428673474
train,61.0,59.00084645510808
train,50.0,35.07409778959948
train,52.0,44.52147867886532
train,44.0,40.59352757750142
train,44.0,41.62247498659451
train,30.0,41.03108535447836
train,34.0,37.73512253267748
train,34.0,33.07581497139107
train,18.0,27.11027065910846
train,24.0,26.56228470532761
train,38.0,39.99100974030203
train,18.0,18.538702836271213
train,54.0,62.556016005559684
train,24.0,22.981989363125056
train,50.0,51.02043971865966
train,50.0,53.956299117504805
train,34.0,32.830237770961375
train,50.0,55.866098577667884
train,18.0,15.873712383092744
train,18.0,57.519661144933295
train,38.0,34.81157702995457
train,34.0,33.56261118614452
train,63.0,49.2117548809189
train,18.0,22.585456937581572
train,59.0,59.65999309535721
train,30.0,39.975930237950756
train,44.0,40.7004670960329
train,54.0,62.221242966141176
train,18.0,22.02258349502313
train,48.0,50.18429823289589
train,59.0,59.32488363056367
train,46.0,49.712619821755936
train,50.0,54.77664365926577
train,38.0,33.934305507553596
train,50.0,45.860992490721344
train,36.0,30.891595645083342
train,61.0,59.02789204542609
train,59.0,33.81331196698542
train,54.0,54.568775519448124
train,44.0,43.966379133739366
train,38.0,31.419262034150776
train,18.0,13.576603408136553
train,54.0,55.2892605529435
train,15.0,29.114312608025564
train,30.0,33.44691114032351
train,50.0,52.711131256708605
train,34.0,36.034928680934584
train,18.0,43.38085246066885
train,24.0,22.195686848653153
train,59.0,35.606560716399414
train,40.0,47.864331587788605
train,50.0,43.79277873411134
train,38.0,35.01099361698513
train,15.0,30.672105991703013
train,50.0,47.28340289902691
train,24.0,25.80144722585197
train,68.0,56.411766041377525
train,52.0,45.90230230586194
train,59.0,54.933321526247866
train,24.0,20.26581105590061
train,61.0,57.75961965494069
train,50.0,57.26515364691255
train,52.0,56.613311509221035
train,52.0,54.63055089453475
train,44.0,44.8787799713839
train,61.0,59.587743652991065
train,54.0,61.54706224756038
train,30.0,36.71615325548776
train,24.0,17.548585002742946
train,56.0,57.101842288174296
train,15.0,21.921810799102584
train,44.0,42.02535335741841
train,44.0,39.56151988423278
train,24.0,26.0659224445344
train,61.0,47.40208081331178
train,59.0,50.479222412238826
train,48.0,51.39516577232501
train,61.0,58.19573457347245
train,61.0,56.75346849931369
train,50.0,50.339458733120416
train,18.0,32.03103754675741
train,56.0,53.57242583600501
train,56.0,57.92135849057675
train,38.0,34.99804909875145
train,50.0,37.03807979395632
train,48.0,53.32444788831576
train,63.0,51.55228711960722
train,30.0,37.341267018701046
train,44.0,43.20283814289465
train,50.0,53.293963426887146
train,52.0,53.185561215664734
train,50.0,43.78014558139631
train,24.0,25.560540866976844
train,48.0,45.54437013418792
train,63.0,49.33298927799485
train,61.0,57.8067846914837
train,61.0,59.358022665900776
train,34.0,37.0013859260758
train,18.0,46.19041792324495
train,15.0,31.370698905680044
train,63.0,54.17099097244591
train,42.0,39.97566862192781
train,68.0,38.01063728375595
train,24.0,25.034509349270046
train,52.0,47.52901046513592
train,63.0,50.87908573009265
train,24.0,23.229284603701778
train,54.0,61.97772113388196
train,59.0,32.102049736942575
train,30.0,39.99524193361756
train,36.0,41.04405909436903
train,54.0,58.09208690093646
train,63.0,50.12251705210823
train,61.0,60.160004809770555
train,30.0,39.410357551026955
train,61.0,54.08420430737563
train,15.0,31.582263815203767
train,63.0,49.81911246216574
train,63.0,51.5083220669167
train,56.0,56.28688616799523
train,59.0,44.938426432002416
train,38.0,39.89647596618846
train,54.0,59.81377641896283
train,46.0,50.885699064635915
train,36.0,21.096026091626495
train,59.0,57.03023977581964
train,50.0,52.531741181961394
train,52.0,48.04832246780958
train,36.0,46.193207859116995
train,46.0,44.628979394238655
train,68.0,46.93473553665545
train,24.0,21.73720535000497
train,44.0,43.61675965942244
train,63.0,50.6735215367672
train,63.0,52.61440826707349
train,18.0,30.318574971549182
train,38.0,42.411256331668156
train,46.0,45.7244180220039
train,36.0,36.855730327914074
train,68.0,61.478282304377174
train,38.0,41.99171643979575
train,38.0,34.59879952513411
train,54.0,61.52292990821263
train,50.0,52.092419974227525
train,61.0,59.34775464814513
train,36.0,43.044697489556455
train,46.0,50.56435739270182
train,63.0,48.449309015768925
train,54.0,62.4363122414879
train,15.0,31.011363524671772
train,52.0,54.070897772177176
train,50.0,49.27273750582423
train,18.0,28.262439646380464
train,54.0,61.072861000273406
train,30.0,39.18548014912444
train,30.0,37.02660212363784
train,44.0,50.56728702075806
train,50.0,51.454169139708654
train,54.0,60.60439030072929
train,40.0,43.70966784037038
train,52.0,52.99078056565284
train,34.0,35.88399535394718
train,56.0,50.306305808739154
train,50.0,48.68583123668991
train,48.0,52.39778464568898
train,46.0,49.732707716677766
train,56.0,49.42177455334937
train,48.0,47.77731651978387
train,54.0,61.733726800110766
train,56.0,56.60192092142965
train,54.0,58.38985701643299
train,52.0,55.99673789909477
train,15.0,30.311493466752246
train,52.0,51.31599234144016
train,54.0,61.26727630560284
train,59.0,45.207399408294066
train,40.0,44.36681628634198
train,30.0,39.493967260277884
train,15.0,29.54717235285441
train,56.0,56.74263005108908
train,48.0,53.18718578719226
train,50.0,46.46720909804463
train,61.0,59.06170740731022
train,44.0,45.05620901444465
train,34.0,30.527757804191186
train,44.0,38.77600141693236
train,24.0,23.7654995950694
train,36.0,44.896458662483724
train,56.0,53.76450986191759
train,38.0,54.32198783962995
train,63.0,45.91536043709975
train,50.0,52.39051772644848
train,68.0,59.45615733339397
train,59.0,38.76119111333929
train,44.0,45.18515077366952
train,38.0,37.916833584965524
train,18.0,25.842411843959827
train,63.0,50.69995784789826
train,56.0,55.94375320364831
train,50.0,48.63775532703867
train,46.0,51.457372245416984
train,42.0,39.02511712426725
train,63.0,51.89231928525682
train,34.0,35.38165883975271
train,54.0,47.0461492602207
train,50.0,41.8429445409611
train,30.0,36.56573179848801
train,68.0,58.54611106042596
train,61.0,57.81301515781824
train,24.0,25.78307836007989
train,24.0,19.625989182434395
train,40.0,44.42861583859653
train,68.0,57.97212991789931
train,63.0,46.276740819378865
train,44.0,47.899990782507096
train,15.0,29.06499232127296
train,30.0,38.6663944247062
train,54.0,58.78248337919301
train,24.0,24.733891521873424
train,46.0,47.30966871401698
train,59.0,58.63313862213414
train,18.0,28.778547206461674
train,18.0,23.306919920610223
train,63.0,49.89754729560257
train,52.0,43.260580560565735
train,18.0,28.259397194907212
train,34.0,39.1684977162676
train,46.0,50.812821289092426
train,46.0,48.110106034428235
train,61.0,59.39004134927485
train,50.0,53.98808278206854
train,24.0,21.77964585422133
train,30.0,45.748333207892266
train,56.0,53.72443537761128
train,34.0,38.433621541446904
train,30.0,36.6681448271885
train,52.0,54.28317147159113
train,68.0,58.33625264579748
train,40.0,46.13919879859564
train,52.0,57.19960678225415
train,36.0,48.928116450098074
train,48.0,53.291771322751046
train,34.0,33.445959806224494
train,56.0,55.56715274491009
train,54.0,62.70087701249052
train,56.0,52.98845289536969
train,54.0,41.75540875307409
train,56.0,55.70456214949254
train,15.0,24.020146271725896
train,59.0,62.50655098923896
train,61.0,56.416196995393975
train,30.0,32.67315485790246
train,63.0,49.5840640330809
train,38.0,34.24050797239664
train,63.0,51.21140916510654
train,68.0,58.48017417879875
train,15.0,25.978568951879126
train,59.0,40.45658826424485
train,24.0,23.587357216534162
train,15.0,32.47964076805915
train,24.0,23.2046713413717
train,30.0,40.3155867264694
train,68.0,59.378169569686115
train,42.0,38.885188809068055
train,36.0,31.00709691239553
train,34.0,34.03163153056522
train,50.0,44.85019022274894
train,42.0,33.795845000939046
train,38.0,31.267292355933087
train,38.0,37.7172628387317
train,15.0,27.780303003582887
train,50.0,52.98531581744115
train,56.0,57.74535014327245
train,24.0,23.195561692593614
train,18.0,26.47020291798744
train,59.0,45.287340889583916
train,24.0,22.80092340103056
train,44.0,39.31635072258102
train,34.0,34.46141414963463
train,40.0,42.59985175573564
train,48.0,51.88690810344992
train,61.0,59.68382297955707
train,46.0,48.109681013335766
train,59.0,60.84141342258607
train,54.0,64.27153469332697
train,52.0,32.81947665125834
train,54.0,41.33717115317911
train,59.0,58.708329399688665
train,54.0,61.22962546530948
train,18.0,22.420690406195373
train,56.0,54.923192873927334
train,38.0,36.056833659675334
train,36.0,22.928758194534776
train,34.0,36.61572011639236
train,36.0,50.451575546305364
train,38.0,31.305173172585015
train,34.0,34.79417182122395
train,38.0,33.38078328413384
train,52.0,44.731969062763255
train,44.0,39.82479110232874
train,61.0,57.537975288484056
train,68.0,60.292410727112184
train,34.0,32.318349273960884
train,24.0,25.051158413919765
train,24.0,24.377647532355653
train,38.0,33.86408771894321
train,48.0,44.67946755594842
train,68.0,60.81095879330529
train,15.0,25.270131157710946
train,56.0,51.490483967811755
train,18.0,15.466967993256475
train,52.0,49.79788047596029
train,18.0,48.39854032650188
train,50.0,53.32213483952235
train,68.0,62.05998710998384
train,15.0,26.502780411039673
train,59.0,60.59136696308049
train,59.0,63.4096400339062
train,18.0,22.006174708677538
train,50.0,54.470985170867635
train,56.0,47.7729294263174
train,50.0,53.0110050356829
train,59.0,59.922198789719815
train,34.0,31.73521399834498
train,61.0,58.6533733000322
train,63.0,51.261778541293836
train,30.0,35.44102045652167
train,61.0,36.88268897163112
train,50.0,33.44836333820156
train,52.0,55.42721319041709
train,48.0,52.134507835456326
train,30.0,39.90959840781653
train,24.0,26.596617318278557
train,24.0,27.342848037013233
train,18.0,16.920699967093853
train,54.0,60.84988462198936
train,68.0,54.0933373115447
train,63.0,48.46902571328478
train,61.0,57.96085214288527
train,15.0,29.011279741405335
train,68.0,48.19786222425452
train,18.0,21.756272724612003
train,34.0,34.01871421752086
train,46.0,46.68236931339429
train,61.0,58.61650827499696
train,38.0,34.0538386605749
train,61.0,59.42194224154065
train,44.0,42.233357665952425
train,54.0,60.347239142110396
train,24.0,19.965665836807922
train,63.0,52.35969487315927
train,48.0,52.7202473498135
train,30.0,35.41401743951188
train,54.0,61.18104275556752
train,38.0,47.34431405985725
train,40.0,41.63618558037525
train,52.0,50.251646397515124
train,63.0,52.453321231348134
train,24.0,26.82755899150089
train,15.0,20.696773096607938
train,46.0,45.39068516256556
train,56.0,56.271626895325056
test,50.0,52.6381688386067
test,54.0,52.45869821243818
test,24.0,20.669349754697116
test,54.0,58.41288788176149
test,63.0,48.24354938476043
test,59.0,64.3378769554968
test,54.0,63.28774447618274
test,36.0,30.230123591616298
test,50.0,50.4350631856489
test,50.0,44.42699235264378
test,48.0,52.39881589566265
test,63.0,45.250634393294355
test,15.0,46.088108476804564
test,50.0,53.481994169369955
test,38.0,40.02007092311302
test,30.0,47.299043310474474
test,63.0,52.37184116381755
test,63.0,47.82589717797511
test,34.0,35.53488016912304
test,15.0,30.575344352507933
test,44.0,44.175827936197656
test,30.0,39.00519459587264
test,18.0,25.728352094851473
test,46.0,48.231526889834406
test,48.0,44.22588910180599
test,46.0,46.18375938691539
test,24.0,22.01939200594478
test,44.0,44.80529879588888
test,46.0,45.4089056146996
test,36.0,47.16977846163666
test,44.0,44.990226956440644
test,24.0,22.932752008695417
test,24.0,23.33835138554547
test,24.0,22.7375575510356
test,52.0,53.14344686473911
test,24.0,26.891601552636892
test,56.0,46.51182906149605
test,34.0,34.69119427734154
test,54.0,60.187150289498064
test,30.0,32.11429172394992
test,59.0,49.58827741345777
test,54.0,62.800067633909165
test,50.0,52.624895476496484
test,42.0,39.90683440877939
test,63.0,49.089737121240574
test,18.0,19.9466047038491
test,68.0,56.8802220842328
test,44.0,46.48063097963607
test,38.0,39.64509668890364
test,61.0,42.87894689942475
test,59.0,35.65406799585112
test,18.0,15.212552074047007
test,40.0,42.21804610691997
test,52.0,48.243587601740295
test,50.0,33.55129372405814
test,18.0,23.494896049594654
test,59.0,52.006082242686055
test,54.0,63.83183472133044
test,50.0,61.37961097090288
test,63.0,53.720988400528014
test,61.0,46.19081869932264
test,30.0,39.49861692088814
test,34.0,33.966189336004135
test,54.0,59.09785928471944
test,61.0,58.303796808533036
test,56.0,50.41643733932789
test,56.0,56.909680230934015
test,61.0,58.459683574649176
test,63.0,54.67365493918871
test,61.0,55.90252930178103
test,61.0,60.022679121196994
test,56.0,52.770949479664495
test,63.0,51.974346302157926
test,44.0,40.32807877479389
test,38.0,38.311640518703086
test,63.0,51.93693111436385
test,61.0,57.14177613521013
test,61.0,58.35113572643802
test,38.0,35.167604431566495
test,63.0,43.67765293491073
test,68.0,60.89572939283617
test,38.0,44.29107483233388
test,44.0,45.50595543718679
test,30.0,39.88615869050922
test,56.0,51.27500125934726
test,30.0,39.91316695570468
test,46.0,49.481927644951
test,18.0,43.083116724251056
test,48.0,53.70561434266295
test,59.0,60.18883005488084
test,18.0,20.63528001197004
test,68.0,57.69996227053417
test,44.0,54.136230426287256
test,54.0,63.04708108967885
test,24.0,23.91068766209183
test,56.0,50.72708393918578
test,46.0,52.00375249380802
test,36.0,29.24603857659696
test,44.0,46.92234519371709
test,42.0,34.003689298894116
test,59.0,61.65026906273282
test,46.0,50.22852988224656
test,54.0,58.728488807901506
test,38.0,33.51288023326579
test,63.0,23.101540818043233
test,42.0,38.12428659971382
test,36.0,35.804157443900266
test,18.0,24.444841693400843
test,18.0,15.578082379072068
test,59.0,56.08693512953937
test,34.0,37.20082227712606
test,42.0,43.127973387391094
test,68.0,57.86939630918623
test,52.0,47.90178954652886
test,46.0,45.963747226602294
test,63.0,24.562512813404048
test,40.0,40.13294849083849
test,54.0,48.65245375592069
test,61.0,59.004371303514056
test,42.0,38.50861326628008
test,46.0,48.797898758378736
test,59.0,59.166562594785816
test,56.0,56.56182592235501
test,46.0,46.117301230695475
test,42.0,38.82619937586427
test,56.0,54.47333643179538
test,61.0,59.78424808109845
test,24.0,27.338694851134864
test,52.0,47.88331621551185
test,59.0,57.455003027236685
test,24.0,19.26508475447629
test,59.0,45.10233550327169
test,15.0,51.49168139091849
test,50.0,50.10841996543935
test,34.0,33.42435477174742
test,30.0,37.52114977410484
test,24.0,26.584440622041573
test,63.0,46.62443620060143
test,50.0,46.355967730312216
test,15.0,19.064367860606566
test,38.0,32.32764136396225
test,63.0,53.28019393471236
test,61.0,57.375459105777175
test,24.0,24.792526581160672
test,24.0,27.48277359829485
test,61.0,62.345397424659126
test,38.0,36.020167315150616
test,38.0,36.85200085031174
test,46.0,48.825962824520936
test,36.0,48.5606000389561
test,18.0,26.280026828848623
test,30.0,37.60863530725616
test,54.0,62.47489784037174
test,40.0,48.10522629362442
test,48.0,49.9997152685107
test,38.0,38.56207036595255
test,18.0,20.404096550199363
test,24.0,15.065386337649748
test,34.0,34.29831635891367
test,54.0,47.142151915626556
test,61.0,58.83169751519734
test,24.0,22.11251947421837
test,63.0,51.339465953088414
test,61.0,59.11446165880384
test,46.0,48.318927022145814
test,54.0,47.43405801009559
test,59.0,57.39629937806235
test,24.0,21.0951479498117
test,63.0,55.013395237909215
test,63.0,54.98795754108315
test,34.0,45.28777518267045
test,44.0,44.66111008228458
test,63.0,46.91001492677437
test,15.0,31.8558066077247
test,61.0,58.377691563204365
test,61.0,60.2698950878783
test,56.0,54.843359478279346
test,36.0,35.56094359313991
test,24.0,28.638441879113742
test,44.0,41.58369892427113
test,44.0,38.95916731054322
test,24.0,22.934345528121515
test,54.0,60.51662597158854
test,24.0,24.41948447701125
test,59.0,27.74740874846946
test,59.0,62.29956786599074
test,24.0,24.541476545511763
test,46.0,55.67374703768398
test,44.0,48.178917212961984
test,36.0,28.132220769841584
test,40.0,43.72561226363665
test,34.0,32.54635181980206
test,36.0,48.805886048600286
test,63.0,52.9673821721128
test,24.0,25.85955902383998
test,48.0,51.678166957564905
test,18.0,18.501082183589766
test,50.0,51.879415464543584
test,59.0,51.6101021853534
test,54.0,59.93191526860859
test,44.0,44.96309199459859
test,42.0,42.10559402183736
test,44.0,40.76860979229518
test,24.0,23.055346107534127
test,50.0,48.90024519662373
test,24.0,31.702617391957823
test,44.0,42.96794231644804
test,44.0,39.616144376133406
test,48.0,51.776833834745524
test,36.0,50.92151507176406
test,68.0,58.31106003730681
test,30.0,41.93730100629413
test,50.0,51.0313491451086
test,42.0,41.10958117214166
test,48.0,52.63719526787907
test,44.0,41.14164340479521
test,24.0,28.593082886124947
test,48.0,52.15824291634017
test,59.0,33.54521447423686
test,68.0,57.07951855549402
test,61.0,59.79928731945439
test,61.0,58.35611898392196
test,50.0,52.28742228281853
test,61.0,35.66893173765472
test,50.0,50.79679614387801
test,36.0,31.338996819729942
test,36.0,46.95424885233303
test,30.0,35.64985273151985
test,50.0,54.15878711819781
test,38.0,31.36437711330543
test,34.0,37.078623338375714
test,36.0,60.34196527176803
test,61.0,58.867787842399636
test,56.0,54.497028354957635
test,50.0,50.082732578955245
test,24.0,24.61793195771954
test,61.0,42.365808422886914
test,54.0,60.21291532735051
test,46.0,49.22268637859624
test,40.0,35.201869276234916
test,30.0,38.42854375344165
test,38.0,31.03620634839966
test,46.0,47.89886212747642
test,44.0,45.67279368591661
test,54.0,59.61752021166079
test,61.0,60.616357846519215
test,38.0,36.959493959785846
test,61.0,56.77247848794059
test,40.0,42.91662537322298
test,61.0,58.45925599562359
test,34.0,32.863386089625465
test,24.0,21.082463442905286
test,61.0,57.92669808283335
test,50.0,47.31162194058726
test,30.0,37.405605354069316
test,48.0,53.08201258046625
test,48.0,50.609962318798274
test,56.0,57.685699318442204
test,61.0,60.224028219611775
test,54.0,64.67417463761157
test,46.0,48.45951025258488
test,63.0,46.57062830340118
test,44.0,43.9728492176732
test,24.0,20.11093462200409
test,54.0,64.25169459608796
test,63.0,49.19832301396939
test,24.0,28.801880032886046
test,38.0,30.217277755037216
test,18.0,25.426869167277808
test,15.0,22.28415479767816
test,24.0,23.556097782039053
test,50.0,47.93797376275255
test,44.0,39.753483801133356
test,34.0,38.31817572805332
test,50.0,48.11862595221621
test,59.0,49.76456892297335
test,56.0,45.22862307283281
test,44.0,43.702648825061274
test,48.0,52.39338146354582
test,30.0,35.9129043858227
test,50.0,45.61749475541877
test,36.0,36.01262678942991
test,50.0,50.313460997648804
test,56.0,58.74143160904513
test,36.0,38.37129146392069
test,50.0,39.6174102294676
test,42.0,48.74836861664396
test,30.0,40.77269679451451
test,38.0,36.01275189128557
test,61.0,57.87942227387562
test,56.0,56.38469130371764
test,18.0,21.007767023721016
test,30.0,39.863693549508014
test,48.0,54.21720874863865
test,15.0,32.634532678453894
test,44.0,43.614314881340974
test,63.0,52.68147653653522
test,68.0,58.60703796631452
test,63.0,41.35209553074528
test,48.0,49.09976038627712
test,52.0,53.646999259596555
test,36.0,23.473556190874934
test,46.0,46.78399235491893
test,50.0,48.03949858971366
test,30.0,35.12942798203262
test,36.0,45.08269858343554
test,30.0,38.256561958265216
test,46.0,40.67355201821374
test,18.0,29.371463405304254
test,61.0,57.23875947363243
test,44.0,45.7624066739354
test,38.0,32.99487722948689
test,24.0,22.79401219119164
test,18.0,39.18993767212745
test,50.0,51.9368853837215
test,50.0,49.463443197080046
test,61.0,60.377843528471736
test,56.0,53.52655133785308
test,24.0,22.172952975366577
test,52.0,53.27544091461321
test,46.0,50.80811060672597
test,54.0,58.80353529459275
test,42.0,31.902522860188537
test,30.0,34.52862277911764
test,59.0,59.035833022125345
test,63.0,52.48039386976404
test,36.0,29.589741114104577
test,24.0,25.087882145577915
test,24.0,18.986183730339626
test,48.0,50.74580741897925
test,46.0,48.83627303409899
test,36.0,51.642600840250516
test,24.0,23.685143998227865
test,34.0,44.67831841784969
test,18.0,19.3059310532975
test,52.0,52.28154747879924
test,44.0,42.289817366923764
test,52.0,52.313229796723306
test,34.0,40.027946624882105
test,24.0,24.733541108013547
test,18.0,24.362008214418275
test,52.0,52.8628633062883
test,15.0,26.876858819051872
test,18.0,21.422368885724346
test,50.0,54.87794665424109
test,68.0,58.48256823173189
test,42.0,38.62183868937777
test,34.0,50.695385116347566
test,15.0,33.44150160921994
test,44.0,41.48865462632004
test,15.0,36.56241120851404
test,24.0,21.92923099641679
test,24.0,30.727117004717563
test,15.0,30.298184054080053
test,34.0,32.73689844057556
test,42.0,39.84937441960747
test,59.0,59.37041415671344
test,24.0,29.692443387981378
test,44.0,39.77842402649869
test,63.0,55.57019732272872
test,52.0,41.90348575857883
test,52.0,44.54737170348857
test,18.0,17.90060282058201
test,59.0,60.362768438626176
test,50.0,56.77720628644174
test,24.0,22.837026951438187
test,56.0,54.876058200975095
test,36.0,39.59905161927216
test,50.0,51.657457553377455
test,54.0,58.0079750988108
test,52.0,52.2327663737427
test,44.0,42.32368377806363
test,50.0,52.37070047738753
test,44.0,44.16502350710064
test,63.0,46.166946843407736
test,68.0,60.080871983605306
test,40.0,43.394305434684654
test,30.0,38.67911472922599
test,48.0,51.21384049949742
test,24.0,21.17101405505718
test,24.0,23.672005938742604
test,48.0,53.48616479335584
test,38.0,34.151861572693356
test,42.0,40.859981511798146
test,59.0,62.00272275419974
test,46.0,50.349117232907425
test,38.0,31.110218303963308
test,24.0,22.633970716660244
test,24.0,21.663444578940137
test,56.0,55.95973779360399
test,44.0,44.077999965390674
test,50.0,52.47780777335245
test,24.0,19.32781688722319
test,36.0,42.17109094387799
test,48.0,36.69271844983989
test,46.0,47.97673774272925
test,24.0,44.57046727745422
test,54.0,60.894673528057695
test,61.0,60.80910714090382
test,68.0,61.833602830593875
test,36.0,32.126405800671336
test,38.0,41.64304567780678
test,54.0,34.15644226271192
test,44.0,42.483953589933414
test,63.0,46.87928019285872
test,56.0,54.553575518775816
test,24.0,25.092830422528845
test,61.0,62.09004843704481
test,50.0,50.30836239978878
test,38.0,33.67002239630052
test,63.0,51.08080536795525
test,42.0,44.83885300399034
test,63.0,52.89426383441689
test,61.0,56.85343842620532
test,18.0,31.309139227290302
test,56.0,55.09607008491026
test,38.0,35.4850262944661
test,44.0,43.40433097780067
test,56.0,55.29711468188377
test,42.0,40.568738526474625
test,24.0,24.725609881534865
test,30.0,36.971378170528475
test,63.0,53.08553416525099
test,30.0,33.959966481761505
test,63.0,44.42984713929797
test,50.0,45.9918771070231
test,40.0,41.83250218872913
test,59.0,57.46181400402021
test,42.0,47.11447102595901
test,61.0,43.95607211201126
test,34.0,35.393878576365765
test,24.0,24.150732021442085
test,59.0,42.451294018605346
test,48.0,53.02043933045893
test,61.0,56.92466740561891
test,46.0,47.44906818527005
test,48.0,42.38011514010662
test,42.0,43.602607293084
test,34.0,37.704847526107386
test,56.0,50.69281279437708
test,50.0,52.032763774564984
test,30.0,39.2958212238801
test,18.0,21.692359582076758
test,42.0,34.77297494899378
test,30.0,37.82214030575542
test,52.0,51.989322978419835
test,61.0,56.73867170091274
test,50.0,48.01934185794466
test,15.0,49.525628548630365
test,15.0,47.73392194147068
test,63.0,53.86480141956341
test,34.0,28.574642251370243
test,68.0,58.09613036844546
test,42.0,47.88271298113224
test,68.0,58.90774290045765
test,56.0,54.60091612255477
test,15.0,27.269344292451446
test,68.0,52.95762583331494
test,30.0,28.051471164767893
test,48.0,42.71335131440679
test,56.0,52.446864638861626
test,50.0,56.02276977586965
test,30.0,47.16821448902636
test,42.0,45.91441157205848
test,44.0,40.51031235742335
test,42.0,53.67710327931343
test,63.0,46.03411126627423
test,38.0,36.795943396210845
test,63.0,31.868125194831762
test,34.0,33.27026594425833
test,34.0,35.63069529152657
test,56.0,57.185472798361936
test,50.0,52.200267683954436
test,63.0,50.03987151486752
test,18.0,33.02810115265584
test,59.0,59.60060577717784
test,48.0,56.35861729721876
test,46.0,50.31487977510989
test,18.0,44.6445557438022
test,34.0,35.345164135334144
test,59.0,51.71800032516899
test,50.0,44.86574272862843
test,46.0,45.81315944795958
test,56.0,52.52730764571565
test,38.0,55.04823633205696
test,34.0,36.698850999795205
test,24.0,25.21597124878467
test,42.0,41.31342017740029
test,63.0,51.40608986455308
test,50.0,48.83623294580064
test,63.0,48.08435557753308
test,61.0,56.92957839816908
test,56.0,56.92848664165544
test,42.0,46.47866045817578
test,63.0,53.14502213000344
test,68.0,51.485154718771625
test,44.0,42.42001477182866
test,24.0,25.133413563988082
test,38.0,46.09102831732638
test,54.0,62.71495143331993
test,50.0,49.45363863557025
test,46.0,53.33088113007554
test,36.0,45.88092644988631
test,30.0,38.42075439214693
test,54.0,40.319203294587105
test,38.0,41.006463445482844
test,18.0,19.886037419458518
test,63.0,48.188123520628444
test,18.0,16.68473071401491
test,24.0,22.714412007107185
test,40.0,44.77468719571681
test,40.0,44.07402971198051
test,50.0,51.18142710518015
test,59.0,62.699788874483
test,61.0,58.84911496339029
test,18.0,40.079022061220414
test,42.0,50.86134737307849
test,36.0,41.189833708040375
test,36.0,28.284225170813706
test,52.0,53.62583360109505
test,42.0,23.297697555908428
test,30.0,33.11400822389042
test,52.0,54.035907563760546
test,24.0,29.523157277952087
test,63.0,48.785236558949045
test,18.0,19.840044251294724
test,24.0,26.098859728141495
test,46.0,48.378770590039075
test,24.0,22.486927391314467
test,44.0,40.61192847660862
test,63.0,51.80833038975085
test,61.0,60.16481559862052
test,56.0,57.13851306681231
test,50.0,53.17592366030941
test,63.0,49.59380886707092
test,44.0,42.09446711970172
test,38.0,36.0665766080796
test,46.0,49.24290649821565
test,18.0,19.80913829593207
test,34.0,37.8082654871393
test,61.0,59.82872668713834
test,42.0,44.85044817944555
test,42.0,39.14863974937371
test,18.0,27.560334779134642
test,15.0,28.77963700665118
test,61.0,59.130659373180166
test,56.0,54.451319794659184
test,61.0,57.232004661301104
test,38.0,42.50373582577805
test,50.0,52.1014508742574
test,46.0,48.45212845678413
test,63.0,53.21755768066858
test,68.0,61.86303532491528
test,46.0,46.185778598605026
test,46.0,52.669014098877554
test,36.0,44.67858239878532
test,24.0,24.715699035581128
test,24.0,23.413756821477953
test,61.0,58.68195712169776
test,52.0,50.951520744583206
test,18.0,50.126212658616915
test,52.0,51.63771359993266
test,36.0,36.367714980580224
test,24.0,20.567137661190596
test,24.0,24.711482503071615
test,46.0,42.247185534022975
test,44.0,50.98318476092776
test,40.0,45.49237552112907
test,50.0,35.741154467229876
test,56.0,54.73774601327996
test,52.0,51.579751385484315
test,68.0,58.275552575481456
test,63.0,53.161328675901764
test,15.0,19.284291975883857
test,48.0,52.54778245880774
test,38.0,35.95734874789397
test,46.0,43.34669913492708
test,68.0,60.181485771498615
test,54.0,32.4639179102813
test,36.0,47.70207910643637
test,38.0,32.25011600705683
test,63.0,53.520408630219556
test,54.0,58.16806853046629
test,50.0,59.13128680554374
test,52.0,51.276080655929
test,40.0,36.31100425086837
test,50.0,55.921451980058855
test,34.0,36.54542395273644
test,63.0,49.66972879429651
test,54.0,60.46800925733396
test,52.0,52.33008254839899
test,52.0,42.938778886247995
test,30.0,40.295983397073655
test,50.0,34.23833545255937
test,50.0,46.07625132630305
test,50.0,52.22742701164304
test,54.0,40.225863818563425
test,18.0,18.229663046191366
test,63.0,48.02539503618166
test,61.0,59.02433841646007
test,59.0,47.97531613142409
test,50.0,47.574923522735666
test,54.0,62.79886312048917
test,48.0,34.699589666271024
test,52.0,52.682580446153786
test,54.0,64.06487288929361
test,56.0,50.00031509621459
test,46.0,50.97305592816946
test,30.0,38.23211078626051
test,34.0,34.837619173155545
test,48.0,52.19146983925875
test,52.0,50.723824344105395
test,46.0,49.5855045463593
test,56.0,53.7178125176341
test,36.0,26.98416651088567
test,52.0,48.68170941710879
test,44.0,40.80229000647411
test,68.0,58.59363669267087
test,44.0,42.31898883124877
test,56.0,37.83318109207736
test,56.0,54.30667746086234
test,54.0,56.30246257483858
test,38.0,31.75093015256121
test,50.0,50.3819437735675
test,56.0,51.532135099823144
test,46.0,50.16027525384653
test,50.0,57.56818432700099
test,15.0,24.45484210056702
test,54.0,47.765795371068656
test,44.0,46.51264021610337
test,24.0,16.639868160009968
test,36.0,34.73061083953448
test,46.0,49.7726319744655
test,30.0,36.05699022958215
test,56.0,56.344573223363035
test,61.0,55.739428611897374
test,48.0,53.91840567925523
test,44.0,42.61547320719071
test,50.0,33.707280201716024
test,15.0,30.535516571322457
test,18.0,23.580143474717687
test,34.0,30.742549193288006
test,59.0,60.75697962147893
test,18.0,40.74763801275723
test,50.0,58.76903461463379
test,38.0,38.46238270719821
test,50.0,51.64624345663829
test,48.0,52.57945891042075
test,42.0,40.85170083736624
test,24.0,27.379321340966563
test,24.0,25.007145663800205
test,63.0,53.37716588519048
test,36.0,43.96636724858049
test,36.0,35.42946895059009
test,68.0,59.508951525861676
test,34.0,47.070715568595304
test,61.0,58.05394012444013
test,54.0,60.034187556319765
test,42.0,41.59646322599668
test,61.0,59.124362236320025
test,59.0,58.570607954460414
test,40.0,44.60428627464493
test,18.0,53.307415959633445
test,56.0,53.757211658313025
test,56.0,48.63008603771375
test,52.0,54.950959472681404
test,44.0,41.71709787672731
test,15.0,31.375165642456068
test,56.0,57.59112345359117
test,56.0,54.408909469774315
test,34.0,36.85073599872645
test,63.0,38.996001295046405
test,24.0,23.012559225644196
test,59.0,28.592734969055535
test,36.0,31.83891960095596
test,48.0,46.70518391308968
test,68.0,45.55314316003352
test,52.0,51.20681605460439
test,24.0,24.228526240569323
test,54.0,64.2777440836999
test,34.0,33.73096516439845
test,34.0,31.82280265390466
test,61.0,45.13861650209659
test,68.0,58.33155593187628
test,44.0,49.22897750136729
test,18.0,53.809590440433325
test,34.0,36.76069269396058
test,59.0,60.495126952777
test,18.0,22.86016792549108
test,36.0,28.83024050563639
test,24.0,28.387129617786556
test,36.0,31.86766412152656
test,40.0,45.87986277125485
test,59.0,52.0975520567342
test,48.0,49.68927494180047
test,44.0,42.38829497383144
test,61.0,59.231271707814265
test,52.0,53.87210214632124
test,61.0,59.57293133516724
test,54.0,62.94766106652179
test,48.0,51.09916693159698
test,15.0,21.018219155773707
test,46.0,37.498242195359595
test,59.0,27.60547771399854
test,54.0,51.383441879077054
test,59.0,48.74757680820228
test,34.0,44.91854676934815
test,34.0,33.778437818925084
test,44.0,38.84735042896888
test,56.0,52.58471916477913
test,61.0,56.413964245367566
test,34.0,30.564974629968262
test,38.0,32.79714099653481
test,50.0,50.373521013109496
test,50.0,51.25972423703876
test,63.0,49.88866620832436
test,18.0,51.85857851174919
test,48.0,52.57720391415211
test,50.0,49.58414793368125
test,68.0,60.90914083561974
test,68.0,59.356222248434115
test,46.0,45.963651983042254
test,36.0,31.23243964113854
test,63.0,51.76164449908813
test,68.0,59.25425998579003
test,50.0,49.64521300255112
test,68.0,59.446215266982904
test,50.0,43.425626576598695
test,56.0,53.343373163171535
test,68.0,48.89934496711355
test,24.0,20.090855953478414
test,30.0,36.37237793423271
test,15.0,32.10729349966208
test,38.0,32.91240273005204
test,36.0,43.98373633803736
test,15.0,37.470344654170646
test,63.0,52.32221600913752
test,18.0,24.10880376491313
test,24.0,19.251048522324496
test,68.0,60.62586086320643
test,59.0,56.62683184550946
test,46.0,48.915996824786106
test,15.0,49.084598996631264
test,46.0,48.648332704764975
test,61.0,59.830390702692
test,18.0,45.412287216008856
test,63.0,51.14225151308895
test,54.0,44.59508539004649
test,54.0,58.834265524162035
test,30.0,44.36154005260373
test,56.0,56.54907106406538
test,15.0,35.28687012163849
test,50.0,49.95765708247922
test,18.0,31.698613773955003
test,40.0,45.64735512913913
test,34.0,37.93147656099933
test,24.0,26.961377761658845
test,30.0,46.24123751710991
test,61.0,57.64037673335981
test,30.0,37.23855801173118
test,48.0,54.64680315448117
test,54.0,61.63331233366378
test,48.0,51.13377813105439
test,68.0,47.15469982354342
test,38.0,46.838889712587346
test,36.0,49.00254676254252
test,36.0,22.080281531344184
test,30.0,37.916910860762634
test,38.0,33.255094092144745
test,54.0,63.331695141613494
test,44.0,42.37275002192631
test,40.0,47.04257449651587
test,61.0,60.473163635157945
test,52.0,51.980522506053745
test,24.0,24.431964638487845
test,56.0,53.90139648524972
test,63.0,42.25086046717164
test,40.0,49.15662105623404
test,50.0,52.085012546739094
test,24.0,21.799722894646514
test,24.0,23.09481989855755
test,68.0,47.79275338471001
test,15.0,35.57347440152194
test,52.0,41.13456666692647
test,34.0,36.82631213821215
test,63.0,51.312034424894804
test,18.0,29.329247465803757
test,30.0,34.32530440830176
test,15.0,25.93432236151831
test,38.0,35.77451414057857
test,44.0,43.30399569931081
test,61.0,49.81599026044853
test,61.0,57.60977865337719
test,38.0,37.74398747713407
test,61.0,57.40562516818764
test,38.0,51.68768937989252
test,48.0,52.24439647120696
test,30.0,29.05489598363684
test,38.0,35.27358483801666
test,63.0,51.19105009820572
test,36.0,36.5101907405167
test,38.0,34.369555023207944
test,15.0,31.924129169864
test,52.0,48.44969743298743
test,38.0,33.1975754087152
test,24.0,26.344195951667317
test,54.0,61.09039479696281
test,36.0,41.680801322193815
test,34.0,33.73554461658938
test,63.0,53.43300052024763
test,50.0,46.41371387351508
test,59.0,43.34928802384667
test,48.0,51.780433787590596
test,46.0,46.03460685436313
test,30.0,43.14603233161406
test,68.0,58.42967710694729
test,63.0,54.29676230437384
test,63.0,47.82149702610205
test,38.0,35.477325314382185
test,46.0,49.177810307937584
test,61.0,57.972384985171885
test,36.0,22.258385197155448
test,34.0,31.630204074988445
test,30.0,36.22853161519137
test,59.0,40.77074033776132
test,30.0,42.31311908260788
test,59.0,54.345696560287124
test,61.0,57.918442727286816
test,44.0,42.02487988484044
test,24.0,23.082884891809975
test,48.0,52.906529271033364
test,48.0,50.24457670175707
test,61.0,57.595991006954094
test,18.0,37.41392692942397
test,56.0,50.391654312211685
test,40.0,42.380661132508116
test,48.0,53.155738410485284
test,52.0,52.52595710593715
test,61.0,56.948818306910525
test,68.0,57.40956273744215
test,15.0,49.73167471644065
test,30.0,35.11069570730262
test,34.0,37.82992369630375
test,15.0,29.95873790789981
test,63.0,50.0513107558265
test,59.0,59.91013312662342
test,48.0,51.29508588378289
test,56.0,56.9923707219185
test,50.0,48.84836057601783
test,18.0,45.1493441033905
test,50.0,53.1636927098039
test,38.0,48.137768472428725
test,36.0,43.14832228004311
test,30.0,38.37721855846207
test,18.0,19.493867311563122
test,63.0,53.89411722001935
test,50.0,48.85894870994915
test,38.0,33.970048053747824
test,63.0,48.15196111108823
test,44.0,41.25088456304929
test,24.0,23.288723658287385
test,24.0,22.509415525039508
test,56.0,55.78795656468019
test,24.0,24.29341578738328
test,68.0,58.2365187596391
test,46.0,50.63150108402577
test,59.0,53.64184388305558
test,68.0,58.38155161486291
test,59.0,61.812496835584035
test,24.0,20.40291018557197
test,50.0,57.446088348463604
test,42.0,40.26203896406959
test,38.0,42.58494306825806
test,61.0,56.50272167297797
test,30.0,42.526263679708585
test,18.0,17.692308837342146
test,38.0,44.06345780932331
test,36.0,44.291568427430576
test,52.0,55.102530936832736
test,52.0,31.383076081930753
test,18.0,21.807663916734658
test,68.0,48.4059053381125
test,44.0,45.537518631797596
test,63.0,49.20091402655283
test,52.0,53.099434139292725
test,24.0,27.86298187511226
test,38.0,38.95237520899707
test,15.0,39.95887674349119
test,30.0,21.62395209384294
test,68.0,47.89566284355004
test,59.0,58.724959615700676
test,52.0,37.143423422523135
test,50.0,55.06913578104921
test,24.0,26.80775872927269
test,18.0,21.880553881392252
test,48.0,50.12750581283958
test,24.0,22.836615706909445
test,48.0,51.68721601776586
test,50.0,57.30918369674474
test,42.0,35.657424871509534
test,50.0,51.44020518217298
test,59.0,41.4014782765463
test,50.0,57.76467631636218
test,38.0,43.90036232182997
test,68.0,59.449662471385565
test,30.0,47.58726741262111
test,56.0,52.74717907400284
test,68.0,57.315426162485636
test,18.0,35.50116682753806
test,34.0,37.48631687718634
test,54.0,61.21495568320152
test,24.0,23.978129193797283
test,30.0,48.75864183586032
test,48.0,53.97925721885748
test,42.0,23.926815064653663
test,38.0,33.89402411113839
test,34.0,40.97443168351339
test,24.0,29.503548476238525
test,68.0,57.531485593815916
test,30.0,43.77434977761674
test,34.0,38.42893295230899
test,50.0,43.463322039196456
test,54.0,58.49738229313678
test,61.0,57.70845226919771
test,38.0,35.25877621216794
test,36.0,42.795122190781946
test,59.0,61.55787624231928
test,54.0,61.9359537912713
test,68.0,58.654510496062464
test,52.0,39.158762420668225
test,34.0,37.002813201069976
test,24.0,22.05582087586218
test,36.0,42.187794104101826
test,42.0,47.75457388456849
test,44.0,44.9325609865293
test,61.0,57.49622657084615
test,56.0,53.10709721383818
test,46.0,41.061605290526366
test,24.0,23.97675941403805
test,36.0,31.677642059208225
test,38.0,34.824267877632835
test,50.0,48.06368214153849
test,63.0,49.92542662251387
test,63.0,49.689841800029264
test,40.0,43.17509555382074
test,68.0,60.60838127069973
test,52.0,49.444043710243164
test,63.0,54.51233156068133
test,36.0,45.855628524049976
test,30.0,50.3143364543942
test,56.0,54.595004217317225
test,36.0,28.926339978486762
test,48.0,52.200391016694724
test,15.0,29.75028753683635
test,63.0,47.78366400095401
test,52.0,52.72568535217844
test,44.0,38.544264757308234
test,24.0,22.621654659429034
test,68.0,59.157592357580974
test,48.0,53.5554425225413
test,36.0,19.47361587238196
test,68.0,59.205171127399694
test,15.0,46.40535721515035
test,42.0,38.974109781065536
test,44.0,44.75208787607754
test,50.0,53.15268871048585
test,30.0,40.35918040220304
test,24.0,19.484271160890618
test,30.0,38.69376866599298
test,68.0,61.535394661437714
test,56.0,51.70461920226847
test,50.0,53.459957177451074
test,30.0,39.32422635552558
test,52.0,40.87017624294624
test,59.0,61.01624549699284
test,54.0,61.84490056961144
test,63.0,51.82768887608698
test,15.0,31.343849365178478
test,24.0,26.32158856757287
test,46.0,48.82632563844275
test,68.0,60.37036460362346
test,50.0,42.20860796335191
test,36.0,51.069371081353154
test,44.0,40.211799057630614
test,56.0,57.19421343617618
test,63.0,48.54352295545912
test,61.0,55.988390043893304
test,24.0,24.333688717821367
test,59.0,36.17525799052747
test,46.0,46.815179496257876
test,54.0,51.71830028184193
test,63.0,58.81661848935707
test,30.0,38.26228380425471
test,63.0,49.88924016468922
test,18.0,31.890512900571906
test,18.0,24.00742377406969
test,15.0,33.07720768880614
test,30.0,37.946128957149924
test,44.0,39.6115797668391
test,38.0,33.41838627467938
test,34.0,38.247467816835375
test,30.0,39.32699093808826
test,54.0,54.74714340671923
test,54.0,59.81014725137442
test,63.0,52.04899281620909
test,59.0,38.33815849631404
test,50.0,57.52352818537358
test,50.0,47.53041178302894
test,50.0,51.69053916992918
test,44.0,41.44227917959615
test,59.0,60.12456941163682
test,18.0,15.489651995756525
test,63.0,51.195932794192665
test,18.0,19.308716571210784
test,54.0,60.045307657633394
test,34.0,35.756691353350355
test,24.0,27.38867320779793
test,15.0,29.835667905450748
test,59.0,27.399918921889874
test,46.0,50.36461202371669
test,36.0,35.68906545863868
test,52.0,49.37683244173173
test,44.0,43.29176996351458
test,61.0,60.15352028667316
test,34.0,36.72338886073283
test,68.0,61.227432438845454
test,30.0,43.771539719193974
test,42.0,38.96354842228258
test,50.0,54.10242840164986
test,59.0,43.39409735631358
test,50.0,40.34002126723969
test,15.0,23.112854728475764
test,50.0,52.54512822726836
test,38.0,36.664928137897164
test,61.0,58.06918227380578
test,68.0,58.446123003115645
test,61.0,58.940612487760326
test,44.0,44.11791263717111
test,63.0,49.22538981868506
test,63.0,48.91447197196768
test,24.0,22.954491821150857
test,50.0,52.87881451316557
test,54.0,45.32894466584095
test,24.0,25.244920286475754
test,52.0,51.15493047456081
test,42.0,47.22926002973552
test,50.0,48.590798600178324
test,54.0,58.953234565142495
test,61.0,55.30241110407276
test,61.0,58.93423002629267
test,30.0,39.74034569566663
test,59.0,35.5086960786238
test,46.0,55.91338378238786
test,68.0,56.876900392830294
test,18.0,24.060468044762395
test,61.0,56.81301590399044
test,59.0,30.604969768553474
test,34.0,34.571114928950735
test,48.0,47.59968205749736
test,61.0,60.978539478442016
test,50.0,51.02074614151421
test,30.0,46.44371921096665
test,24.0,24.347067549046088
test,56.0,51.70205720368062
test,38.0,34.212987347134
test,50.0,52.27095336772125
test,24.0,27.841427259328036
test,59.0,58.373655767865074
test,44.0,46.218361239489084
test,15.0,30.372773107127507
test,34.0,34.450813893371205
test,61.0,59.45011335225601
test,24.0,27.083516542180213
test,38.0,32.65202269984867
test,15.0,31.115717449469482
test,52.0,53.956079851677714
test,68.0,61.099734795353164
test,34.0,36.23938589426576
test,24.0,26.356385285734078
test,56.0,55.49743572511252
test,48.0,52.60794488375363
test,42.0,45.44636836433867
test,54.0,60.72886396157995
test,30.0,35.59857984953176
test,30.0,33.70249290798897
test,59.0,56.42775552588331
test,56.0,54.4671233428128
test,52.0,52.89292991087525
test,15.0,52.045405313776705
test,38.0,36.39887052780089
test,15.0,23.04382633173021
test,46.0,46.088004765596025
test,40.0,47.28301541532314
test,59.0,63.41546412686121
test,61.0,60.51919085949345
test,52.0,56.00136263026854
test,44.0,40.612244259661615
test,18.0,50.57698871700043
test,63.0,48.340527325212705
test,56.0,59.65685829860919
test,56.0,54.45103564798967
test,68.0,59.88936017279867
test,24.0,26.431304056626512
test,34.0,43.5692525353788
test,54.0,61.14384672349725
test,50.0,45.44298329745785
test,59.0,58.24683378899796
test,24.0,24.567044648481634
test,24.0,22.968445135815674
test,59.0,56.53895157369642
test,50.0,49.15517236130946
test,68.0,56.81116769289911
test,54.0,64.83149700320853
test,50.0,57.069281923887644
test,48.0,52.59877671487916
test,15.0,28.75800978510592
test,48.0,49.83047576816909
test,50.0,51.42843217863558
test,48.0,52.61211168568131
test,34.0,44.95299130986486
test,59.0,57.75341317036496
test,15.0,28.200861805121963
test,18.0,38.80826249861032
test,34.0,30.581443758860313
test,52.0,51.939626202395544
test,63.0,49.057624096101975
test,54.0,65.26257020928398
test,38.0,33.19338773190674
test,59.0,60.20335913355886
test,61.0,54.681175652264976
test,54.0,62.20670759624036
test,68.0,61.29774948856944
test,24.0,24.830145287148216
test,38.0,32.49016268818427
test,52.0,50.95011231555595
test,46.0,45.074822159504976
test,63.0,49.98286936669606
test,63.0,53.92677496677662
test,56.0,50.764958031814736
test,18.0,28.10481987567828
test,63.0,50.703133525073945
test,54.0,64.45389994930214
test,30.0,40.15077893284082
test,42.0,40.07453232582227
test,59.0,44.690235532656274
test,34.0,31.436888783643326
test,56.0,57.9009196511183
test,50.0,27.451543395197938
test,56.0,55.36653848241375
test,56.0,53.657137308765314
test,48.0,53.3185517882387
test,34.0,38.777124785979986
test,24.0,26.6813108292012
test,18.0,17.92041235164713
test,63.0,52.40124383202943
test,54.0,39.65507678404428
test,40.0,43.13959988824087
test,61.0,59.935395931359864
test,42.0,26.024679026516278
test,18.0,55.24939288209099
test,50.0,50.305822724130586
test,56.0,56.02995059248942
test,54.0,62.446456451908105
test,30.0,37.469125619199886
test,46.0,46.602974784506465
test,46.0,47.33763241743545
test,56.0,55.1972495477102
test,30.0,42.25037087349958
test,56.0,55.66410101790153
test,15.0,24.280031745609577
test,38.0,34.388579334996145
test,30.0,38.23019828527651
test,38.0,39.03742344478662
test,24.0,26.253915848618828
test,61.0,58.825525075604986
test,36.0,31.004696330251427
test,15.0,25.92040465360546
test,30.0,42.10166762901345
test,24.0,18.973927654394252
test,52.0,51.1211985991994
test,63.0,47.503080686391165
test,46.0,44.66045918138084
test,38.0,35.24954612416186
test,50.0,52.71229980685908
test,36.0,50.08190435169658
test,48.0,49.06969067232105
test,18.0,20.783115360675787
test,48.0,55.17471889690536
test,50.0,50.97781603523865
test,30.0,33.191633155846006
test,40.0,43.95053320521873
test,56.0,59.293193039537044
test,18.0,20.438411832496918
test,61.0,39.77951292095069
test,63.0,51.59648104176585
test,24.0,23.117568856112598
test,34.0,40.22186445551082
test,38.0,39.520020653028936
test,52.0,51.08976557677158
test,18.0,21.70450893117417
test,18.0,23.710349351595053
test,15.0,27.52643532600802
test,61.0,60.78789339729011
test,30.0,30.493890021447175
test,54.0,54.05331112157762
test,24.0,45.675088932992416
test,50.0,38.59184654151044
test,38.0,33.94730431575408
test,24.0,22.115469983819647
test,59.0,57.96052420043166
test,30.0,38.25350504446174
test,52.0,51.376816465582706
test,59.0,56.14974080818028
test,61.0,57.02789552710891
test,40.0,44.62220360361967
test,42.0,40.9101462508678
test,36.0,30.638864480431714
test,61.0,57.666245719149266
test,44.0,45.52256748210884
test,15.0,25.954912529786597
test,68.0,58.785309644182135
test,46.0,46.784043568478715
test,18.0,19.04360028800256
test,46.0,48.34046721700151
test,54.0,59.865330830284805
test,44.0,36.3173057237702
test,48.0,54.172984323476314
test,52.0,53.604972614252155
test,34.0,30.61336412041302
test,44.0,45.60898651699047
test,59.0,47.156451988285376
test,18.0,14.8432711161038
test,34.0,35.06218263808795
test,63.0,48.96884575732324
test,18.0,15.548962607126775
test,18.0,25.54416781866745
test,18.0,22.152247731622293
test,50.0,56.92765937259301
test,34.0,36.69161233854754
test,40.0,47.60913691328626
test,34.0,38.67905579445353
test,38.0,42.51453920930918
test,24.0,27.16635756809827
test,46.0,49.065222495054655
test,24.0,28.757045248446392
test,68.0,57.32829897640453
test,38.0,29.331147070425978
test,18.0,29.209422717634805
test,61.0,59.1988555606168
test,54.0,63.51923543610631
test,40.0,46.20439279534062
test,24.0,29.80468332770998
test,50.0,54.69615188714381
test,63.0,49.86398034103877
test,59.0,42.75194436369446
test,56.0,54.2078147470998
test,30.0,44.42330998255014
test,56.0,55.3183185350577
test,34.0,36.04611976516777
test,24.0,20.457364147060023
test,44.0,51.30821881307597
test,30.0,42.40583670440231
test,30.0,41.95485738588962
test,63.0,48.54628980394134
test,50.0,44.6625791216378
test,15.0,35.24748735312116
test,52.0,49.76560867626572
test,42.0,37.60297263939296
test,56.0,55.35241036897172
test,44.0,39.46578302089938
test,15.0,21.715709381146976
test,24.0,20.18385628518454
test,15.0,42.6133840587162
test,56.0,56.29629349443927
test,18.0,22.619799842125406
test,34.0,36.43289059417884
test,63.0,49.65609293351277
test,56.0,53.75592736764707
test,50.0,45.38931770020196
test,59.0,43.29565266966137
test,42.0,39.88930881647275
test,50.0,47.83033486547495
test,34.0,28.339063222414868
test,50.0,55.239426290402704
test,24.0,27.137785834401576
test,68.0,51.38685692379706
test,63.0,48.699006849969756
test,61.0,57.161618922433014
test,36.0,42.544897141667626
test,34.0,35.4602559891695
test,48.0,51.115261719147476
test,50.0,46.08331830610163
test,24.0,24.566790775746778
test,48.0,53.587869527417546
test,44.0,47.04421922752557
test,63.0,43.46437069253706
test,44.0,41.955614254812225
test,36.0,30.345767691577116
test,40.0,41.051490959711785
test,48.0,53.3229260413254
test,54.0,63.180543899394976
test,24.0,18.722622536613606
test,24.0,21.710769595574877
test,56.0,48.12062274576205
test,18.0,40.75054637077014
test,24.0,21.271803119530404
test,61.0,59.6107069385517
test,50.0,54.86812724599057
test,61.0,61.223521480550275
test,56.0,48.3250349433251
test,52.0,49.95018451802666
test,38.0,37.00581373606712
test,40.0,42.48574245185468
test,56.0,46.37745880371501
test,68.0,45.13904087594288
test,50.0,51.21230201339327
test,54.0,63.756101027021955
test,40.0,41.10610327190951
test,48.0,52.19268801060708
test,48.0,48.20490895698411
test,56.0,52.8648486110498
test,63.0,56.77439098391878
test,42.0,41.542528818320505
test,38.0,48.31699519125442
test,34.0,46.14374333800897
test,63.0,49.93339233704968
test,44.0,41.436686937953915
test,46.0,51.29148963283712
test,52.0,54.793405452222274
test,61.0,59.48946276810493
test,46.0,50.802327455836334
test,38.0,35.46173061002438
test,59.0,36.78028972510895
test,44.0,44.67777451132135
test,54.0,57.28351301165548
test,42.0,38.27139470683112
test,24.0,26.243221868762713
test,42.0,31.776424347569034
test,40.0,47.528221823852036
test,44.0,45.708742074054136
test,59.0,56.59035789848484
test,24.0,25.873724676331307
test,50.0,53.11310724292327
test,54.0,59.50163196935617
test,63.0,46.093306874267995
test,59.0,61.24399906210458
test,50.0,38.02371951431668
test,34.0,36.52334740792604
test,50.0,46.58044986798424
test,34.0,42.57991214029836
test,63.0,53.76226986375071
test,50.0,51.51234554271506
test,54.0,60.47597922322737
test,61.0,38.15059935995777
test,48.0,48.85525094449794
test,54.0,58.60318018485228
test,44.0,44.474235842159594
test,61.0,57.49136908861664
test,68.0,57.15770440315087
test,44.0,45.80203464550435
test,24.0,23.003163411651652
test,18.0,24.16823569102435
test,36.0,29.600175561673613
test,46.0,44.368781738481616
test,52.0,51.9903992113881
test,50.0,54.15541374797667
test,61.0,60.17512053827468
test,34.0,34.66346135323904
test,24.0,26.411334829006595
test,56.0,59.19394094581561
test,50.0,46.19139785082367
test,30.0,34.46416156349656
test,56.0,49.226279120565266
test,54.0,51.11584362150032
test,44.0,40.383546636726116
test,50.0,52.57914530118725
test,68.0,55.4639616215627
test,30.0,47.52452815789246
test,38.0,57.99016919050305
test,42.0,43.21314729592767
test,63.0,49.310423888346804
test,50.0,54.462905385679534
test,54.0,65.36009590645378
test,61.0,58.78804928891097
test,48.0,0.5578146726998341
test,42.0,43.609463902310665
test,48.0,51.8515203759432
test,61.0,57.78762051844752
test,24.0,18.50137595139242
test,63.0,45.44473136261466
test,44.0,45.318527227993826
test,24.0,24.44306246001264
test,68.0,60.284461136617224
test,24.0,22.996461124341923
test,50.0,48.42015838298715
test,46.0,48.5551864152779
test,34.0,34.7815813086355
test,46.0,47.43262951398279
test,24.0,25.914922187716982
test,56.0,57.18458823918412
test,50.0,53.261554836319675
test,44.0,48.83329933475338
test,24.0,17.794871455766547
test,38.0,33.8874382301353
test,59.0,60.44015031992524
test,38.0,34.431012086412785
test,68.0,62.876763504092835
test,59.0,30.339841326103965
test,18.0,16.420048050003185
test,30.0,34.3872630676384
test,46.0,48.15295698763503
test,44.0,41.8459576883132
test,44.0,42.9396058842561
test,24.0,24.81664878612792
test,50.0,41.33554158837812
test,63.0,47.74939430088778
test,59.0,57.105183998295516
test,44.0,42.98380171921023
test,30.0,36.75277405950212
test,15.0,47.42923579646878
test,59.0,60.58992841000372
test,63.0,51.178427863890235
test,56.0,54.96512516733931
test,46.0,43.00142757091654
test,68.0,58.81328612584839
test,59.0,58.00199724262323
test,36.0,35.603607977322646
test,48.0,53.266924582304334
test,63.0,50.154986831259286
test,46.0,44.60270582631123
test,59.0,56.5386209077005
test,68.0,58.03083412350207
test,30.0,39.22298432823873
test,68.0,59.09418340488443
test,24.0,23.457140038509525
test,30.0,49.67778820893283
test,30.0,39.00217907128272
test,40.0,43.592347760923296
test,50.0,54.119725252028175
test,46.0,50.61780582758978
test,30.0,34.74972066629043
test,46.0,47.00435849772543
test,63.0,49.20879532677141
test,54.0,60.35828658805863
test,44.0,45.19098164824408
test,50.0,53.13354387012622
test,56.0,55.97617724254822
test,24.0,26.94659618711341
test,15.0,28.696902818249804
test,46.0,39.62369782850675
test,34.0,38.15573648009149
test,24.0,26.80103728697118
test,54.0,62.48814148459092
test,61.0,57.85656002003721
test,50.0,47.26342779778551
test,52.0,48.0859193999583
test,56.0,55.866021124006615
test,61.0,61.30859949242475
test,44.0,45.526063042581114
test,63.0,50.6916128571611
test,38.0,33.0282598719975
test,68.0,63.1991598830114
test,34.0,34.29649611472111
test,42.0,40.54528067661606
test,30.0,38.21383047221351
test,18.0,42.07205433136489
test,56.0,52.55986993278099
test,61.0,58.5859620612773
test,48.0,49.684218656939294
test,36.0,28.856929790138913
test,59.0,46.26362295776946
test,15.0,22.836833315730292
test,44.0,42.165036530241636
test,68.0,57.93887565323948
test,42.0,36.708615946432644
test,38.0,35.832629673288956
test,15.0,30.433178950824193
test,36.0,45.18080480886971
test,61.0,60.87990934645572
test,38.0,37.36702529676707
test,34.0,34.11330425285968
test,46.0,47.47378230995367
test,40.0,41.12643008205942
test,61.0,60.092489674929936
test,63.0,47.04578788208077
test,36.0,28.489751488766803
test,18.0,15.92251724261768
test,44.0,51.09848014031537
test,34.0,33.60201628342333
test,48.0,55.20092706929298
test,63.0,48.520757382516386
test,44.0,38.244242259177746
test,15.0,47.16220505178309
test,18.0,27.376954764570996
test,24.0,27.065151942655323
test,50.0,49.07244547868315
test,34.0,32.940767751342854
test,42.0,38.4317035122711
test,48.0,53.90957674500253
test,18.0,19.618538447697745
test,61.0,58.28468996891324
test,38.0,26.167495307139184
test,42.0,24.779790691768305
test,59.0,61.83405972122557
test,59.0,57.97743511238931
test,24.0,26.78626515721846
test,30.0,32.639010125898665
test,54.0,58.03775190554441
test,63.0,51.390153307557085
test,15.0,32.608880199343574
test,52.0,51.2693190661234
test,38.0,37.90321920055637
test,48.0,52.76146038985464
test,56.0,54.653028947299205
test,52.0,52.56262017576881
test,36.0,33.669751536657195
test,54.0,62.56745725437915
test,59.0,39.01905736084321
test,34.0,33.6338246765089
test,59.0,62.822083688151274
test,24.0,24.43706411062276
test,68.0,60.55250422413981
test,63.0,49.202927672111734
test,63.0,52.90073003381763
test,36.0,45.122555445553054
test,46.0,44.45909967002949
test,38.0,33.533538023541695
test,61.0,56.99495877575644
test,36.0,25.21100414594895
test,68.0,49.35474719055066
test,15.0,30.412126367447016
test,42.0,40.16606894520006
test,63.0,41.876651845585926
test,56.0,51.232485583888646
test,68.0,58.86829515524685
test,30.0,39.163947400977364
test,15.0,27.284855084789704
test,54.0,59.694405672839686
test,18.0,41.13513109844896
test,54.0,59.554943002987486
test,24.0,25.752150849434475
test,30.0,40.0600769775905
test,24.0,28.888041706578097
test,42.0,41.57891438416378
test,63.0,47.224559023728645
test,15.0,29.01699071859916
test,61.0,57.7282018015537
test,34.0,34.57814711368174
test,30.0,39.835341110718886
test,46.0,48.07273932555378
test,30.0,35.492755685519754
test,44.0,39.79579422910217
test,38.0,27.854254540596116
test,36.0,38.67553218549714
test,48.0,38.80892046457118
test,50.0,50.050177672452804
test,44.0,46.29471768087282
test,34.0,-19.29036047377371
test,54.0,53.60251042581826
test,54.0,62.873577675961506
test,63.0,49.80101657979398
test,36.0,26.97835620934064
test,52.0,51.7986015093148
test,38.0,34.07245877106979
test,24.0,25.21228929038022
test,40.0,51.71336522526578
test,15.0,24.236283308898994
test,56.0,53.454846661841486
test,61.0,60.44175592206781
test,63.0,51.75537289191885
test,59.0,61.22431855305781
test,54.0,57.97835763010515
test,36.0,46.36442636787204
test,40.0,40.90467517749901
test,68.0,60.44990291209802
test,15.0,22.773868341390205
test,44.0,41.534936298227784
test,52.0,53.67043564841608
test,50.0,54.406658422655994
test,50.0,41.78039154394948
test,24.0,22.289549724659178
test,30.0,37.83699406146162
test,52.0,50.23461947446778
test,50.0,53.72329135609054
test,59.0,61.08103585690573
test,68.0,59.06332738258603
test,15.0,50.618322721156616
test,50.0,44.23369130086094
test,50.0,45.822330091072814
test,24.0,24.70882894117703
test,56.0,53.2146840638919
test,54.0,57.84035262849395
test,30.0,37.04980318875784
test,44.0,42.846083019481036
test,50.0,54.258005827959586
test,59.0,60.61783480597573
test,59.0,60.31001067517939
test,52.0,55.27594637328006
test,59.0,61.42826775553873
test,34.0,38.504646457193246
test,46.0,50.035030257953885
test,24.0,24.966020127664972
test,54.0,45.625704798848076
test,68.0,58.893568493826635
test,30.0,34.10016674344923
test,44.0,42.38912985288811
test,52.0,51.261169129437214
test,24.0,24.177234238923027
test,63.0,55.95622675686427
test,52.0,54.16704126823337
test,54.0,55.01954575383931
test,44.0,45.93033471719207
test,50.0,54.54507616835122
test,54.0,61.02096326120241
test,30.0,33.56367039430707
test,59.0,43.121643908765556
test,54.0,64.77465962139341
test,34.0,34.39762871758859
test,38.0,35.24296438694557
test,38.0,35.39550923603367
test,52.0,56.07275880314905
test,24.0,16.135134286529762
test,44.0,46.34506119119165
test,68.0,59.42176092044589
test,34.0,36.88093984715349
test,46.0,51.440189237702214
test,44.0,47.76744090343461
test,40.0,42.15039333331722
test,50.0,53.44524663885102
test,44.0,39.992912996714345
test,50.0,52.133472517698216
test,24.0,21.812453263264487
test,56.0,49.380897724212105
test,44.0,46.114894288543226
test,30.0,36.487467228959574
test,36.0,33.76142240948938
test,50.0,52.87302985663834
test,68.0,57.02477127294914
test,36.0,50.084983432876896
test,42.0,37.801722817980455
test,54.0,42.911295168730916
test,61.0,55.23777349482156
test,52.0,42.09326227264603
test,50.0,51.91287651833326
test,50.0,49.53235675695694
test,18.0,18.913616733989567
test,63.0,48.79759728253121
test,46.0,46.330073813057496
test,54.0,44.928067788756124
test,68.0,55.231951449452296
test,42.0,49.754218119082765
test,34.0,33.78497937670719
test,68.0,61.05359987916268
test,54.0,61.281141803993535
test,38.0,47.10717507270573
test,15.0,35.619908867617625
test,54.0,51.45357596317001
test,59.0,50.4092254476273
test,38.0,37.303190717368416
test,52.0,54.15663064453108
test,48.0,55.75187522764556
test,34.0,32.42892992513296
test,50.0,47.1448060594198
test,24.0,26.616315712949067
test,46.0,49.67729809369028
test,59.0,61.41569630862425
test,54.0,57.0703271234457
test,63.0,51.479598520140655
test,59.0,59.41764805588086
test,30.0,44.07448819015449
test,24.0,25.564341790211365
test,48.0,50.27710655127424
test,34.0,33.17684706059628
test,15.0,25.887789929751882
test,52.0,39.941578790372205
test,63.0,47.76826557817226
test,38.0,40.354904161692914
test,48.0,50.525752200687016
test,63.0,51.2252851327379
test,18.0,17.65077349556884
test,46.0,46.90810315326512
test,38.0,43.51067689794432
test,52.0,52.905163898998055
test,52.0,55.8194845439613
test,42.0,25.44868375715455
test,56.0,54.667558524079936
test,38.0,35.54937945485958
test,24.0,21.677915306716258
test,54.0,63.38762102902993
test,18.0,22.916745154696468
test,54.0,59.017580492034
test,61.0,57.319269848614994
test,24.0,24.15250744791084
test,68.0,42.734933594151215
test,30.0,29.225080817583727
test,50.0,63.78321996554309
test,38.0,38.97977394501067
test,63.0,49.98697680106142
test,44.0,37.591735660345385
test,48.0,51.11341964710801
test,30.0,40.701717037723256
test,15.0,30.180197166875487
test,24.0,24.43365434857552
test,30.0,47.6313223861033
test,24.0,26.722647954479307
test,44.0,34.903852320210156
test,34.0,44.13618982328607
test,54.0,47.28571817946633
test,18.0,20.180366818557328
test,61.0,54.88087111249962
test,52.0,39.57701653763024
test,48.0,49.11248995108523
test,24.0,28.446844903830524
test,42.0,40.19186420427863
test,50.0,53.28842252898896
test,34.0,37.542318718201955
test,59.0,42.27189547435208
test,40.0,41.12426337251033
test,30.0,37.74417761291112
test,30.0,35.18279141686914
test,61.0,57.50246359337402
test,42.0,55.11911971625
test,61.0,47.60243766315172
test,56.0,52.02337711561434
test,48.0,52.305655001031745
test,50.0,43.957968084383204
test,15.0,27.405251817345775
test,50.0,51.02028736149431
test,63.0,46.93599565438903
test,68.0,58.981390455738534
test,18.0,22.990046646975244
test,46.0,44.81450305401595
test,52.0,53.462638059863245
test,50.0,53.900185013778696
test,34.0,29.695074501502262
test,44.0,44.06983910682599
test,50.0,61.872160667895976
test,38.0,37.82789265436133
test,15.0,30.6271460995204
test,34.0,32.778619936100284
test,15.0,27.342763717676515
test,61.0,58.394195613621804
test,54.0,64.00770589389882
test,30.0,29.0527146043726
test,24.0,17.469427144094507
test,46.0,49.67763361295693
test,50.0,43.64410584747897
test,59.0,61.961522050966785
test,18.0,18.37188899288292
test,59.0,55.73603740634823
test,68.0,60.86823838050764
test,24.0,20.121062390645754
test,38.0,37.24679951284725
test,61.0,54.624095707989326
test,38.0,31.47579494416359
test,54.0,60.52319298039639
test,63.0,49.95297563610196
test,30.0,42.679249820584594
test,52.0,54.03699538075029
test,63.0,50.68838444027252
test,34.0,40.77267161050344
test,24.0,30.522272457685858
test,59.0,56.4624219419023
test,15.0,32.75466044287874
test,46.0,50.74082771124087
test,24.0,29.116449408234416
test,68.0,46.02863185935581
test,36.0,25.365155739025003
test,59.0,60.7587009263451
test,30.0,43.49455122316319
test,34.0,32.580135316476586
test,68.0,57.82641207339254
test,54.0,64.44385200132308
test,24.0,23.71522162911705
test,52.0,50.13978805161205
test,54.0,60.841058649616144
test,30.0,39.87135021591773
test,50.0,45.42079101461876
test,24.0,27.59773000157222
test,15.0,31.92430960976582
test,52.0,55.04884815832946
test,59.0,60.6827047585607
test,18.0,29.085715761075846
test,54.0,46.105039615341894
test,24.0,19.62048850955349
test,40.0,42.371244625942424
test,46.0,51.88647129637677
test,18.0,18.488259479609763
test,50.0,55.423345772428256
test,61.0,60.00916646065406
test,40.0,42.08557196956255
test,42.0,38.33671557156347
test,40.0,43.57486482949395
test,42.0,53.68860951282987
test,36.0,16.093646373602155
test,54.0,61.581317658269995
test,54.0,57.41592181751162
test,68.0,59.310247192199256
test,30.0,44.69644694512427
test,38.0,36.04783406159287
test,68.0,58.78237653350833
test,59.0,58.585299115017406
test,68.0,59.40372039730797
test,54.0,58.52168061466983
test,34.0,31.894633576160192
test,48.0,52.234896454584174
test,44.0,41.3372207364865
test,18.0,39.29953952897807
test,54.0,61.23509418493932
test,38.0,39.67532773980875
test,24.0,23.35341371416091
test,34.0,34.768948668729045
test,15.0,34.88325163708181
test,50.0,50.255139534075695
test,54.0,61.60761855475592
test,46.0,45.94973809913205
test,18.0,15.576788259249685
test,50.0,53.06956751368155
test,48.0,51.66033766992676
test,46.0,45.61605488629932
test,54.0,62.43845463484398
test,15.0,30.470600976448928
test,59.0,61.93092817461061
test,38.0,34.1926680141527
test,40.0,43.35286934337015
test,30.0,35.153518708627246
test,24.0,22.53713498371585
test,48.0,49.892318427877036
test,30.0,37.186452357351435
test,61.0,59.62833120472473
test,59.0,44.40461212045873
test,52.0,44.7097596422589
test,68.0,57.22149066120811
test,46.0,47.21470561077612
test,61.0,59.8147573045824
test,18.0,14.461083577350696
test,18.0,21.72519150646174
test,30.0,39.24354837423639
test,15.0,22.032601376215347
test,61.0,57.594814392740325
test,36.0,40.54620676522863
test,54.0,66.32304320863206
test,44.0,43.235423187246084
test,56.0,46.60185628113026
test,38.0,50.244416851738286
test,24.0,25.609899085298814
test,38.0,43.048989707861494
test,18.0,20.802775725803244
test,59.0,63.584559478944506
test,54.0,59.977230523897276
test,63.0,50.85806150500863
test,36.0,28.96647086636215
test,46.0,48.19482620493588
test,61.0,62.30602516599386
test,59.0,31.8564704589118
test,59.0,34.38135637263022
test,18.0,21.298195085753747
test,18.0,30.06856198362214
test,30.0,45.73162408374102
test,61.0,58.998360141846916
test,24.0,24.830903867214868
test,24.0,19.30163663101742
test,15.0,26.877954435818285
test,24.0,25.12272074756245
test,59.0,58.07977388851685
test,52.0,52.038106714589254
test,24.0,17.3871009310418
test,15.0,31.48384539353043
test,38.0,30.493047370000312
test,54.0,63.59289342349888
test,52.0,52.727392204948025
test,34.0,46.82078994069068
test,24.0,18.812000699957352
test,36.0,32.82759668196404
test,50.0,50.89973123086958
test,24.0,22.44208531276532
test,24.0,23.620778835460193
test,18.0,30.586958044659273
test,38.0,47.89751906511979
test,61.0,59.80114585098839
test,61.0,57.563930054769884
test,44.0,42.315581155664674
test,52.0,52.15093065701869
test,52.0,55.600557217720464
test,61.0,57.684392934747684
test,34.0,42.78029926412358
test,54.0,47.9934846664426
test,48.0,50.593513040506956
test,68.0,56.50290265072179
test,30.0,35.607571021603476
test,68.0,57.906058672412364
test,36.0,39.628617160250606
test,24.0,25.736639067966266
test,24.0,23.003777766213954
test,54.0,61.70127387454794
test,30.0,36.31259436472528
test,34.0,25.64967412282567
test,24.0,24.995307800300903
test,63.0,50.81680721923915
test,34.0,26.761691547875426
test,34.0,40.96764069364724
test,56.0,52.4682832404354
test,44.0,40.54359281251258
test,56.0,57.23247370978431
test,68.0,59.38087583352309
test,61.0,58.849882217076356
test,36.0,24.263007210415285
test,56.0,54.41966088597151
test,34.0,29.923127559886133
test,59.0,52.28367508620308
test,54.0,38.72336535109553
test,61.0,58.52804366224916
test,54.0,58.47129612872064
test,61.0,58.846233919046604
test,54.0,51.799545545380575
test,30.0,42.81586539554936
test,50.0,52.583602035705795
test,44.0,40.022893252578804
test,56.0,54.49557396675671
test,18.0,19.239918420894448
test,54.0,45.7359339183984
test,61.0,58.72396466640373
test,50.0,52.00446226700164
test,46.0,48.26154191602789
test,50.0,39.05763166138172
test,50.0,55.74351252255764
test,61.0,56.72163800955554
test,48.0,53.77181689318522
test,18.0,20.056013308424472
test,54.0,61.17173371407358
test,42.0,42.479553833381814
test,38.0,36.47493944393372
test,24.0,21.947909937405434
test,24.0,22.171851690785328
test,46.0,46.06887354278673
test,59.0,46.449655045799545
test,36.0,40.80101288788815
test,42.0,45.918625877765365
test,34.0,37.385610147473564
test,61.0,60.0794162919721
test,40.0,43.97470922535663
test,68.0,59.648003934184935
test,46.0,48.26900426571268
test,18.0,18.51639614220985
test,56.0,55.71347326895342
test,59.0,60.66375308473327
test,44.0,42.112608076754285
test,40.0,45.30348002513306
test,52.0,29.20845204237032
test,15.0,45.99286886878213
test,44.0,52.41468364884504
test,50.0,57.75918553257745
test,50.0,49.680412032901074
test,34.0,37.0606857694455
test,24.0,24.194935916967918
test,18.0,42.70670747344275
test,36.0,33.42282524822728
test,30.0,36.4126297095298
test,18.0,25.59205603013174
test,36.0,20.959173653554554
test,18.0,19.666055192242343
test,44.0,43.83484745342905
test,30.0,37.11486834992585
test,34.0,32.08371559347269
test,56.0,54.542768078469955
test,48.0,52.03773472698145
test,68.0,59.79622653281906
test,68.0,47.234122132006675
test,42.0,36.763417049619285
test,50.0,50.10845353801053
test,63.0,47.87910102029633
test,42.0,40.599709286221845
test,24.0,20.976889888369698
test,40.0,48.83952660701927
test,63.0,46.01691958913552
test,24.0,26.55967534359624
test,40.0,42.607507412470376
test,48.0,56.62613193367602
test,54.0,59.870829643209404
test,50.0,51.93590774085549
test,36.0,32.71822898006492
test,59.0,59.447729567135305
test,48.0,41.38193699399647
test,30.0,36.13662790896578
test,18.0,29.63143679489805
test,61.0,56.87435925579139
test,54.0,59.74247177017665
test,24.0,24.802828278309985
test,61.0,59.178461113067
test,52.0,41.734586637289496
test,50.0,45.74448466307653
test,34.0,45.18193550257871
test,15.0,31.84931097673595
test,36.0,48.16544232644085
test,61.0,58.50000844274291
test,44.0,42.0555662347537
test,50.0,48.564537429394804
test,61.0,57.97293228967033
test,68.0,60.00812014665877
test,63.0,50.269894304763454
test,52.0,53.14007409299721
test,54.0,61.83711498201107
test,30.0,37.16765366742592
test,50.0,52.741384850504005
test,36.0,28.8384914710198
test,36.0,29.075509464988052
test,54.0,35.515859857860804
test,34.0,31.242387464330434
test,40.0,41.47145713449113
test,18.0,34.78877385099559
test,34.0,35.705060835859285
test,50.0,53.8743129540498
test,24.0,27.074992483696477
test,50.0,53.853762066411385
test,15.0,24.591428658890372
test,40.0,42.65412383160921
test,46.0,44.64539104239279
test,61.0,57.86027612929387
test,30.0,40.96689543845498
test,54.0,60.88840358508537
test,42.0,43.694126901221104
test,52.0,49.71666717702945
test,18.0,23.869982947260265
test,52.0,35.55556169122603
test,36.0,48.20859399071594
test,36.0,36.132703874757986
test,30.0,42.83567922009539
test,46.0,48.883901625319794
test,30.0,32.63723921290746
test,48.0,53.60551506784204
test,18.0,16.37555804285454
test,42.0,36.53564384117757
test,15.0,22.75549207605569
test,24.0,23.063163795647778
test,24.0,16.063534077766793
test,50.0,44.7387310394165
test,24.0,23.092469042618244
test,50.0,49.890244527701284
test,48.0,51.146808896872315
test,42.0,36.61631815116537
test,36.0,24.25263198757679
test,38.0,36.677886118899856
test,18.0,35.11361757718676
test,42.0,39.046098319872236
test,15.0,23.25849137318359
test,18.0,21.92609509369811
test,50.0,48.964930193810524
test,52.0,52.90808558049984
test,48.0,48.45465632112395
test,24.0,27.99003054182174
test,30.0,37.63686133396129
test,24.0,25.586856574126088
test,50.0,49.6592892711324
test,52.0,54.16045699233112
test,68.0,59.2088018138855
test,68.0,59.079682817316794
test,50.0,52.989580882730756
test,59.0,39.99660230099887
test,24.0,23.88017292068737
test,38.0,38.882743156702084
test,24.0,24.17177007923491
test,40.0,45.56537140253973
test,56.0,53.56346147273216
test,63.0,48.02806157170455
test,56.0,49.45831859695598
test,34.0,33.2509785656861
test,44.0,50.00705452077585
test,40.0,43.53567427787436
test,56.0,58.11872107882895
test,61.0,57.54268300512309
test,52.0,41.906117986994985
test,24.0,23.28254184638991
test,30.0,39.883773872167524
test,24.0,26.037927456934206
test,36.0,49.11476987780895
test,46.0,49.089995383291125
test,18.0,29.346264782493947
test,59.0,45.758676309848795
test,54.0,48.75574548519221
test,56.0,51.467520252774946
test,46.0,45.53199842398174
test,68.0,57.55597285574282
test,56.0,45.24986408706599
test,56.0,45.16819872052731
test,50.0,48.988659812961494
test,18.0,25.33869319014945
test,24.0,23.130249406768908
test,56.0,54.50874135420209
test,46.0,46.97568624398628
test,54.0,40.635058173600164
test,50.0,53.23076886944907
test,59.0,61.49539764413108
test,52.0,56.07309650138888
test,48.0,53.83633769609584
test,61.0,58.324136250724585
test,61.0,56.24902532823951
test,30.0,38.928151053187655
test,24.0,20.88986861260751
test,15.0,33.4134724955599
test,44.0,39.10670790868856
test,24.0,25.501375397735146
test,59.0,58.32866603985778
test,61.0,58.93858211425251
test,59.0,56.55500408521999
test,24.0,22.732821836848068
test,59.0,55.2968941748756
test,59.0,54.1257040160231
test,36.0,50.3543524632359
test,42.0,32.788995639927876
test,15.0,24.29281264102395
test,54.0,61.49289601253666
test,50.0,49.85498836646695
test,44.0,40.8989660683138
test,61.0,53.965344735478354
test,50.0,53.11012904306374
test,38.0,37.79357260826771
test,50.0,49.91237414251377
test,63.0,52.850676720953004
test,15.0,25.98577357510735
test,30.0,30.75070787600491
test,50.0,52.686635839695064
test,50.0,48.4180980877113
test,18.0,16.98532646246911
test,50.0,50.89579147479147
test,44.0,47.81884009047573
test,42.0,38.69143514194617
test,30.0,39.379002307947246
test,59.0,56.71963667412904
test,50.0,52.53074411955812
test,40.0,44.626338054667265
test,24.0,26.279801339394524
test,34.0,38.72270162057937
test,15.0,23.983549762325065
test,36.0,32.77803002817122
test,24.0,22.00704412162842
test,24.0,25.214270089788577
test,44.0,44.32369191266557
test,46.0,49.888293657698505
test,38.0,32.86516300673094
test,63.0,53.154358535343704
test,61.0,58.601817932188936
test,63.0,54.967053903775735
test,63.0,47.6329599464155
test,18.0,16.69971347008366
test,48.0,46.130700813295874
test,56.0,53.61684358328029
test,50.0,51.42422864052512
test,38.0,36.05963361001775
test,56.0,48.123408508987296
test,34.0,35.042888325591306
test,48.0,51.63595441091796
test,59.0,48.866750002425874
test,46.0,51.31759449441621
test,52.0,54.20030847678092
test,30.0,39.605108954044724
test,54.0,64.62824926447828
test,34.0,34.0178305370746
test,36.0,44.12633133604926
test,24.0,22.807460878216283
test,59.0,46.84875487820127
test,46.0,52.486165304561126
test,24.0,22.938333240684866
test,54.0,38.28775683544853
test,61.0,60.05329383086233
test,34.0,38.53950437781012
test,44.0,42.13761419589756
test,54.0,35.57223484927928
test,48.0,51.168297066261005
test,59.0,55.203977969893046
test,59.0,57.820650146730756
test,54.0,60.03710772553112
test,30.0,40.447236289995026
test,59.0,61.11961243916077
test,36.0,29.377620805733414
test,56.0,56.56418591356295
test,56.0,56.24706553343056
test,52.0,54.45445286876569
test,46.0,48.14851955143263
test,54.0,62.76683024378109
test,44.0,39.46631564282929
test,24.0,24.877613448735328
test,42.0,46.916223079361
test,46.0,45.69242169991728
test,68.0,59.232818004879626
test,44.0,45.42159537281671
test,59.0,45.43629665608364
test,34.0,37.26566122421271
test,50.0,60.33988118979177
test,18.0,19.288125512897142
test,34.0,37.11558601083524
test,30.0,38.590236656776774
test,46.0,47.068795851630654
test,63.0,51.625341609715285
test,24.0,22.32209242018836
test,54.0,62.30303694703789
test,46.0,49.891176483055595
test,18.0,20.445644767309048
test,68.0,57.56553583263397
test,50.0,50.24355357077413
test,50.0,50.78552379655078
test,59.0,61.92967224124543
test,46.0,47.72317581195312
test,18.0,14.59540527551188
test,59.0,46.28767108128577
test,18.0,25.164128239614868
test,56.0,55.767079231596156
test,61.0,61.11583675408107
test,30.0,38.647279060582
test,40.0,53.789663433720165
test,63.0,49.36154705978939
test,40.0,41.49835325953192
test,30.0,43.70067093508363
test,50.0,54.83991050057294
test,42.0,45.98488098055666
test,34.0,35.54215053567779
test,68.0,57.870789076477664
test,44.0,42.88811147871379
test,18.0,15.73409941552644
test,56.0,52.205082300153585
test,61.0,58.98983802319357
test,40.0,43.50974191307506
test,46.0,47.173004986483775
test,24.0,27.05708386998252
test,42.0,18.551155317739145
test,34.0,33.59863455957192
test,15.0,29.35614933797108
test,18.0,39.729439807940565
test,48.0,50.921316493803566
test,34.0,37.76918756088141
test,63.0,49.84700125402231
test,24.0,28.3250931156758
test,38.0,37.54358086989562
test,34.0,30.149683806221464
test,24.0,26.49435043243387
test,63.0,51.092127738550765
test,59.0,51.926819535730374
test,61.0,57.53672773567203
test,52.0,55.806043040949554
test,24.0,24.692478461101903
test,30.0,34.941015610959745
test,24.0,21.538240494717314
test,59.0,42.52323517228932
test,46.0,44.033070656524416
test,42.0,49.97558342787896
test,24.0,26.821582101810094
test,40.0,49.511606042877716
test,54.0,66.15833416562097
test,50.0,50.68298438788605
test,50.0,45.09302810920421
test,18.0,26.65912131276732
test,24.0,46.42039778425367
test,50.0,48.24248433456423
test,52.0,52.37495535431408
test,48.0,56.638143763718915
test,18.0,37.64489789063734
test,48.0,51.88081797502017
test,59.0,60.826639963410294
test,59.0,58.54188635412771
test,50.0,54.46749930729396
test,61.0,58.836704695378515
test,63.0,50.96965191584734
test,46.0,53.76132946935438
test,52.0,57.41436091746692
test,56.0,54.462217160059225
test,50.0,38.39198799556287
test,24.0,19.760806955845247
test,54.0,61.71369384499573
test,44.0,40.86189811137685
test,56.0,48.00457427700243
test,63.0,48.71124885528466
test,38.0,42.1950942198944
test,61.0,54.86557680267163
test,38.0,31.52316622541658
test,46.0,47.199382764548716
test,68.0,58.38277981760341
test,18.0,20.052026489354336
test,30.0,37.21532561861224
test,52.0,53.86293517399236
test,24.0,21.222304418734847
test,52.0,53.75425719307105
test,42.0,49.0596309087549
test,44.0,48.5491846063094
test,52.0,46.5880216908933
test,54.0,62.63658415463607
test,61.0,57.70918501097644
test,52.0,51.80590313238049
test,36.0,19.126195187601745
test,18.0,26.864728554032112
test,15.0,31.810872782794824
test,48.0,51.59021972632816
test,34.0,33.36505711468746
test,50.0,51.28669499336831
test,44.0,39.915292981587555
test,54.0,53.13413835119519
test,34.0,36.20146496905208
test,68.0,58.99395918515725
test,38.0,40.23618352585804
test,50.0,55.91791546186753
test,30.0,39.757022899318585
test,38.0,31.366291862832725
test,30.0,31.643217393946607
test,50.0,56.73242196780128
test,40.0,41.32457841114569
test,24.0,27.410276785516434
test,38.0,36.76024613381189
test,63.0,52.67978881614666
test,56.0,57.0972085581125
test,34.0,32.90933298869842
test,54.0,57.87672576986909
test,15.0,45.39361185443015
test,56.0,57.74362369665981
test,42.0,51.28779760389675
test,61.0,58.405833758217106
test,30.0,40.093096357408605
test,68.0,59.527819991583826
test,52.0,43.890064805956825
test,50.0,50.85434567562909
test,52.0,56.0993395860063
test,24.0,21.728940116312707
test,68.0,59.441623600588585
test,48.0,38.43677310596749
test,59.0,61.62675573515213
test,68.0,60.3054624075023
test,46.0,46.44805537451265
test,24.0,23.768348212097248
test,68.0,61.51359689904508
test,24.0,25.370719384989922
test,68.0,57.89642284851424
test,30.0,35.69719859500767
test,52.0,41.738803915683164
test,36.0,48.35101375839631
test,15.0,32.210770385187544
test,24.0,23.371344704397806
test,63.0,50.58514390378305
test,30.0,38.81315163033704
test,44.0,42.77944462723872
test,54.0,62.534939328305185
test,63.0,50.503788397187634
test,18.0,28.793373591203483
test,36.0,50.119830424061774
test,44.0,46.27958746325102
test,56.0,52.26400509402053
test,59.0,51.49976938249867
test,30.0,36.926898552859384
test,59.0,59.273763228412825
test,48.0,52.58725942278858
test,30.0,34.352479293498305
test,46.0,49.134625731297376
test,61.0,59.935936658069195
test,46.0,48.24452089753167
test,68.0,58.811538754835134
test,40.0,48.83762948605356
test,59.0,49.66442401055549
test,61.0,60.03697104314951
test,18.0,17.933876614310158
test,34.0,34.4910613818588
test,15.0,28.067583883875155
test,54.0,63.29610215558788
test,68.0,59.572494159113866
test,30.0,35.31593820105156
test,38.0,34.66462717055444
test,54.0,62.628477644126555
test,15.0,37.47913301520013
test,24.0,29.565404341724438
test,24.0,16.92928345206715
test,50.0,52.36707152423599
test,50.0,52.2394804547846
test,30.0,38.41626210917859
test,68.0,60.91075308223823
test,52.0,49.88543159239531
test,30.0,42.3040041709533
test,34.0,50.97778112671989
test,24.0,22.102397001294225
test,56.0,58.43816476733904
test,30.0,42.62638424714517
test,50.0,44.51878866357692
test,46.0,45.038566513680465
test,18.0,34.465205253258034
test,50.0,33.2167684710713
test,24.0,19.498748534722537
test,24.0,47.361910253256276
test,24.0,26.930653242461023
test,61.0,57.85126974752648
test,44.0,34.412120671982315
test,24.0,23.918921169870266
test,63.0,48.1165164301863
test,30.0,32.646729236465106
test,48.0,52.63754460174958
test,18.0,26.509157005297673
test,48.0,51.3733901135621
test,15.0,30.721155234046645
test,68.0,58.68313551434054
test,63.0,47.92827212587321
test,59.0,28.87365614548754
test,50.0,54.63954279860233
test,38.0,41.86188801881212
test,48.0,50.80527192705275
test,44.0,47.58077252940121
test,24.0,23.985139101110107
test,46.0,47.29767969359589
test,30.0,31.76932382867568
test,54.0,62.05943017154755
test,44.0,41.52897876700752
test,40.0,44.81865570058189
test,63.0,49.409251382249536
test,54.0,54.986701502975805
test,24.0,22.699442159325383
test,15.0,35.40971299505982
test,24.0,21.098793681525716
test,42.0,47.7308803940601
test,34.0,39.90131474207535
test,15.0,32.83951090938781
test,50.0,44.95976715916909
test,30.0,39.58147390854499
test,63.0,52.032203810155025
test,46.0,44.46875701424869
test,44.0,40.36304973339715
test,54.0,59.49936774051649
test,24.0,19.93647493261089
test,68.0,58.487403724928626
test,63.0,52.00825104412361
test,54.0,40.750946915368324
test,63.0,50.69291215024943
test,50.0,46.43564670596481
test,24.0,21.84841966969611
test,68.0,58.84345657176874
test,52.0,43.61412370667446
test,30.0,35.42761010361287
test,50.0,49.5359859226474
test,52.0,57.18943014770172
test,63.0,51.138452595289245
test,36.0,34.71976178229314
test,61.0,58.480468025512295
test,59.0,62.04995984517073
test,61.0,58.81934758181356
test,63.0,47.29741165913224
test,68.0,61.218301450567836
test,68.0,58.631238869179356
test,24.0,21.64084350301513
test,36.0,51.1022688473658
test,52.0,52.99424794119575
test,18.0,19.554879328884585
test,46.0,50.90183882865884
test,44.0,38.34953662960859
test,63.0,50.831723737463165
test,50.0,43.1828699345623
test,42.0,14.355266236719842
test,36.0,30.62660691872564
test,18.0,23.521393034118482
test,46.0,43.80870748852655
test,42.0,40.66602044007053
test,63.0,53.12243581171886
test,52.0,53.48078336742823
test,30.0,34.43068200596631
test,68.0,58.97693963712449
test,38.0,32.69257458284531
test,36.0,27.363481014655754
test,30.0,33.87643503499742
test,46.0,48.34904566220835
test,24.0,20.163174893649597
test,54.0,45.83536458143273
test,52.0,53.6668080012396
test,44.0,41.21311416528689
test,68.0,60.89040214561607
test,36.0,46.644403765897906
test,59.0,42.111164621656044
test,61.0,58.603985991224704
test,24.0,22.268962117389705
test,56.0,50.1587495476022
test,44.0,47.91254369184655
test,18.0,18.745989932601027
test,34.0,35.273544600949755
test,44.0,40.91013044906752
test,63.0,47.584592003853444
test,68.0,59.88836981769386
test,24.0,28.94574876354023
test,46.0,44.68171107069251
test,46.0,47.18904232564897
test,36.0,51.42513414376428
test,15.0,30.099037537707044
test,24.0,29.0999593289637
test,59.0,44.70911341127156
test,34.0,35.755592135319816
test,56.0,52.805464946666454
test,63.0,48.928154661220184
test,63.0,44.1908673383285
test,40.0,43.30369782030879
test,30.0,38.733500079728394
test,42.0,41.50987326956124
test,52.0,55.799722161921046
test,44.0,44.5416090653762
test,15.0,25.79805687230594
test,50.0,51.54581283715645
test,68.0,58.18681060569024
test,68.0,58.9898114227918
test,24.0,21.686444696463994
test,44.0,41.310898432440055
test,54.0,62.71657967946304
test,68.0,57.01734905272899
test,36.0,43.660867422568145
test,61.0,57.068447717453175
test,68.0,34.727316128932394
test,44.0,44.47056570944257
test,24.0,24.0475269105954
test,18.0,20.822737330253588
test,50.0,56.6299612650992
test,52.0,54.164839100638986
test,61.0,49.55056491373516
test,15.0,27.733364097130078
test,68.0,57.236527246646325
test,36.0,29.963113287787294
test,42.0,54.08393325574487
test,24.0,18.32053854420898
test,44.0,44.90646940051131
test,59.0,59.90535660502937
test,42.0,40.155047291244024
test,68.0,61.75535213909986
test,63.0,39.59653683404008
test,46.0,45.95992026533132
test,36.0,34.15324513423118
test,50.0,49.64116644647846
test,50.0,42.64975341268438
test,48.0,53.553091390087815
test,63.0,56.09977065588423
test,44.0,42.62228690797014
test,15.0,26.022741902122707
test,50.0,53.37911021996576
test,56.0,55.162696078528214
test,54.0,61.99844503835342
test,59.0,38.75337713692123
test,52.0,52.46440694914829
test,44.0,44.63229199518801
test,18.0,18.757470980967035
test,63.0,47.945182015216744
test,48.0,43.437383186572234
test,44.0,41.572428518459205
test,50.0,49.92489679361481
test,15.0,28.369397464457844
test,50.0,47.68117436895365
test,52.0,52.22919799387375
test,24.0,10.726508421035142
test,54.0,60.80648834977794
test,61.0,58.09808588655398
test,34.0,33.547681904719035
test,30.0,39.818027353576404
test,68.0,59.39477991318472
test,18.0,10.425519873997864
test,24.0,23.96301274877701
test,63.0,49.20234120036214
test,56.0,51.12219514583318
test,68.0,45.139951135505214
test,52.0,54.94508784465302
test,52.0,51.90841690267353
test,34.0,33.83651063219813
test,50.0,49.75911953447041
test,50.0,54.23891501489729
test,38.0,30.771711623425325
test,24.0,28.13800760102407
test,50.0,50.671195116840316
test,63.0,50.091276126065985
test,18.0,22.40293685776238
test,40.0,44.0530636452343
test,56.0,48.92804794688315
test,46.0,47.623737020007056
test,18.0,18.297667291485087
test,52.0,53.00103325293841
test,44.0,48.66438431479713
test,34.0,34.12510354541358
test,61.0,57.20738084673785
test,24.0,19.758417760563663
test,34.0,31.83448420633325
test,18.0,14.832129695413158
test,36.0,46.288859401449
test,56.0,53.73879780965691
test,50.0,49.37839374212418
test,18.0,18.969340559641633
test,24.0,24.11312674986906
test,61.0,58.74556363740055
test,24.0,28.328752134686688
test,46.0,45.54188925501127
test,48.0,52.67532434307853
test,56.0,57.06008873471058
test,40.0,44.02153838867971
test,52.0,40.66208671524297
test,34.0,39.27515873588675
test,50.0,53.7903363016099
test,50.0,47.69823750503421
test,54.0,59.56288402684501
test,54.0,48.992950831408606
test,24.0,25.80433596931332
test,46.0,49.056482739488345
test,42.0,39.20187657467372
test,61.0,57.40419978763114
test,56.0,57.63378511977749
test,52.0,50.2808910475793
test,18.0,18.41069115964669
test,34.0,34.64965518884605
test,52.0,54.15644591841641
test,46.0,49.74661574604019
test,50.0,52.845080368557745
test,46.0,51.68553974439796
test,50.0,49.0282399501904
test,24.0,18.705169148053272
test,18.0,24.900518704823792
test,15.0,28.085238245083055
test,30.0,39.478503165285375
test,40.0,49.64104767347114
test,38.0,31.17561928696889
test,48.0,52.28567654408505
test,54.0,56.1619033550939
test,54.0,60.89081351683541
test,61.0,58.45072521726887
test,24.0,19.470573407910337
test,30.0,24.101051323468752
test,48.0,41.459373092499945
test,48.0,55.49561897687429
test,50.0,50.78098231446987
test,18.0,15.653078071958515
test,59.0,62.31781498770415
test,38.0,36.12576838027112
test,18.0,21.537415069806727
test,18.0,53.486480957495125
test,50.0,54.2632867091948
test,42.0,34.32532125985631
test,30.0,41.52371574601299
test,44.0,45.10259303051305
test,50.0,51.841147536260806
test,50.0,52.48969291675547
test,50.0,53.5030307732568
test,56.0,57.241040117691036
test,54.0,59.768068177119645
test,42.0,29.985186766179545
test,63.0,53.439358898474126
test,56.0,55.535349959520545
test,63.0,48.75998785962497
test,38.0,38.50331155481227
test,54.0,57.35838073717186
test,18.0,52.608340560270406
test,63.0,49.30964028297291
test,24.0,26.852938008581955
test,54.0,52.96036387068767
test,54.0,58.01885083832268
test,44.0,42.26727704643134
test,54.0,56.394819965445286
test,54.0,59.9084959175908
test,18.0,37.543514938491754
test,52.0,53.81046097745683
test,15.0,31.519949173416393
test,68.0,58.87958563481308
test,24.0,18.373372915158264
test,50.0,51.9310081109767
test,46.0,49.274265165590386
test,18.0,16.166457720536705
test,15.0,33.33100665220552
test,30.0,39.08117523751646
test,44.0,40.61667610592559
test,24.0,21.087355924979676
test,63.0,51.8989697961891
test,68.0,59.9345511855888
test,61.0,57.07755550445162
test,63.0,52.81478620466406
test,50.0,52.39021705870445
test,52.0,50.572394095750916
test,48.0,52.48068599424525
test,34.0,88.93112870661636
test,59.0,63.70312797839304
test,42.0,41.94389208213475
test,38.0,49.938526033644045
test,59.0,59.20395183716517
test,40.0,47.687234704734514
test,48.0,52.58039363889114
test,63.0,52.47472735722287
test,59.0,36.86330017650769
test,36.0,38.878944509733515
test,24.0,21.430984492491636
test,48.0,46.49364653909997
test,24.0,27.660743369930376
test,38.0,32.59571883606473
test,18.0,17.028276169249374
test,36.0,32.11441122466396
test,59.0,53.74115636954206
test,44.0,39.958982132358415
test,68.0,48.07243907799943
test,24.0,25.31276677714133
test,24.0,25.352927070350628
test,61.0,55.65225737115921
test,24.0,23.491175615701195
test,48.0,52.73053739437236
test,54.0,59.278381695697945
test,34.0,41.88169466259245
test,50.0,42.128291345752416
test,54.0,58.03007704846433
test,61.0,59.01606087353221
test,63.0,53.94574396771297
test,50.0,55.76779981112283
test,24.0,22.397231192609457
test,38.0,35.700602136964704
test,44.0,33.83252877817799
test,15.0,26.739142937118853
test,50.0,48.16265198067479
test,46.0,49.153089692438094
test,36.0,39.09025495329482
test,52.0,55.560178974005964
test,36.0,24.213980070111113
test,68.0,58.399326300814366
test,24.0,25.125282328159138
test,54.0,61.12808575440605
test,50.0,53.685956642780816
test,34.0,32.40219030980603
test,54.0,41.37810022834693
test,38.0,36.908401276676216
test,61.0,58.949253001717636
test,24.0,20.967406284791764
test,59.0,45.94768123119917
test,59.0,51.93468890177418
test,24.0,26.550450679308664
test,48.0,51.815616782259
test,24.0,19.745036079142576
test,18.0,16.088385893166816
test,61.0,56.91495741074697
test,59.0,50.05397904170748
test,63.0,51.34807871597897
test,46.0,50.68783627148268
test,68.0,59.391494917792215
test,68.0,48.976304480036205
test,48.0,50.34333261468541
test,54.0,61.16030671506507
test,38.0,30.98506464896166
test,15.0,31.641355341160693
test,18.0,36.14854561057741
test,61.0,58.389629961039354
test,38.0,37.31079519054888
test,46.0,46.774874653796346
test,18.0,18.902500607573174
test,15.0,25.749734361177435
test,44.0,40.61678433268763
test,50.0,37.93356431510996
test,42.0,52.93274436811578
test,50.0,54.80813363628991
test,50.0,50.46611500216895
test,42.0,39.596196320646996
test,24.0,21.246493819875553
test,34.0,35.44150223280304
test,50.0,49.806952614486185
test,24.0,19.085781904277564
test,61.0,58.754392872154476
test,48.0,51.94507196751511
test,50.0,41.58250257291236
test,24.0,23.178219058014786
test,34.0,28.117591512326783
test,59.0,59.22025561522261
test,50.0,52.290473802323966
test,36.0,40.808966108289745
test,63.0,51.83281657062499
test,24.0,21.206384358331665
test,68.0,57.82438932152432
test,68.0,45.71207784713889
test,63.0,49.10267721039598
test,15.0,32.24928920210607
test,50.0,49.805260760046515
test,61.0,58.023233833300765
test,56.0,44.271006516418765
test,30.0,38.16640102849017
test,24.0,16.65588833356606
test,40.0,45.914024290327006
test,18.0,17.255091202256267
test,24.0,23.460616583818556
test,38.0,36.16834989870834
test,36.0,34.16410932295759
test,34.0,33.29123052483058
test,56.0,54.06554976807814
test,34.0,36.19759335127442
test,44.0,42.49793048187411
test,46.0,47.43902517568847
test,38.0,35.61840308303681
test,30.0,45.152658930481735
test,15.0,27.230561130781304
test,63.0,53.52097625445696
test,59.0,62.063242861177315
test,59.0,53.336295470313146
test,48.0,39.850650451256264
test,18.0,17.888368041529375
test,46.0,47.34684804720313
test,50.0,47.65380579797472
test,40.0,35.68833878751852
test,46.0,49.58350186649458
test,18.0,24.42767867371108
test,50.0,55.06650029361246
test,42.0,40.159585433524505
test,48.0,52.330316436367006
test,34.0,39.93565557843954
test,30.0,38.8350444144004
test,61.0,58.758195777903865
test,68.0,62.532443221959
test,40.0,43.561501648554035
test,30.0,38.06472815151921
test,50.0,50.10406177444246
test,44.0,43.74910341371943
test,63.0,49.32651578218171
test,46.0,46.83764785722762
test,61.0,58.264800109559054
test,15.0,26.3709093753523
test,42.0,48.04459505956792
test,63.0,49.364400830356125
test,24.0,24.11968484303894
test,52.0,56.11289389428468
test,52.0,49.330073244601984
test,40.0,44.7998189706581
test,63.0,50.19188151560492
test,15.0,25.715323697928355
test,54.0,59.94861240520634
test,36.0,24.38111386568315
test,34.0,45.59148552903886
test,50.0,34.86514938302738
test,56.0,56.640090728966854
test,44.0,44.16915672547319
test,18.0,42.02314247036655
test,42.0,41.20983656911493
test,34.0,32.05649688965403
test,38.0,41.37610281727833
test,48.0,50.49478833219837
test,63.0,53.58079797034151
test,56.0,51.95229101338731
test,59.0,41.21682952498681
test,15.0,40.99905889333676
test,63.0,47.82462049949875
test,56.0,55.21145166073424
test,54.0,64.33357318625491
test,63.0,58.47493094820619
test,15.0,31.192341815583898
test,50.0,50.345148572673494
test,54.0,60.69021714842053
test,34.0,42.7091339816735
test,54.0,60.27123131284263
test,59.0,40.86467315773634
test,50.0,51.04181651075806
test,52.0,55.10129918946551
test,50.0,53.25943671887818
test,36.0,45.99900511500075
test,24.0,26.14480489021666
test,24.0,24.451627506963444
test,15.0,24.407006061318366
test,52.0,56.712808387975656
test,52.0,54.38377715229579
test,46.0,50.24986110317792
test,68.0,57.872705744944625
test,15.0,29.24380737772802
test,48.0,53.280260563918425
test,63.0,46.18568177934333
test,40.0,51.006225823052645
test,18.0,13.827110643511379
test,48.0,50.92233333946724
test,42.0,48.97455366971901
test,61.0,59.5076031556451
test,46.0,41.96924949413321
test,52.0,58.21047780439615
test,18.0,24.117737052064676
test,59.0,57.78338093060992
test,61.0,58.49634214149941
test,56.0,51.07057510162143
test,38.0,32.61380745724345
test,61.0,58.72568040811113
test,61.0,59.40365451165204
test,24.0,23.033321841044827
test,68.0,57.04599539127912
test,68.0,58.60940418659528
test,40.0,46.002038356375245
test,38.0,34.296148830679385
test,54.0,58.85885017074272
test,48.0,53.445484469997226
test,61.0,57.606961983251814
test,34.0,38.27488726855992
test,24.0,25.473798626287937
test,63.0,52.340843290744864
test,50.0,51.16397539227176
test,38.0,35.42192466556901
test,63.0,51.07431031947755
test,24.0,24.032066257261988
test,30.0,37.46248665966253
test,15.0,20.98768262506077
test,30.0,39.4609831388589
test,56.0,54.88679222331113
test,30.0,40.60860762599169
test,54.0,58.432741378731485
test,68.0,58.34832813938417
test,61.0,56.380881430707895
test,24.0,18.981425511537186
test,44.0,40.227813512450005
test,46.0,50.16400597651241
test,48.0,51.3437070109954
test,30.0,38.00732209449813
test,48.0,52.82652622945344
test,46.0,42.98833078125258
test,30.0,36.385072643095555
test,30.0,47.02017182052616
test,15.0,24.7708799598424
test,44.0,41.497213641471276
test,56.0,56.0099024196904
test,56.0,51.82536346229025
test,24.0,25.052494959146944
test,24.0,24.876814939543035
test,36.0,30.5393623883244
test,48.0,51.08035692572271
test,36.0,18.70539702010061
test,30.0,35.674407860989575
test,68.0,56.753227595785376
test,50.0,51.58607819881526
test,38.0,32.87527291037135
test,61.0,59.57819787856886
test,48.0,52.481366337402875
test,40.0,46.13563958807652
test,59.0,59.39257275595086
test,48.0,56.805254635889185
test,54.0,39.54386450463227
test,15.0,19.285352455263897
test,50.0,53.516145647350804
test,18.0,20.243665458659155
test,18.0,40.238870044014426
test,44.0,45.399856710965544
test,34.0,39.56558074140572
test,36.0,34.16595265213218
test,18.0,20.994179577028365
test,18.0,22.12794567638127
test,42.0,38.85020371177214
test,61.0,48.677783232199275
test,34.0,40.30615538408171
test,44.0,44.566107301628925
test,63.0,53.104814841306464
test,24.0,23.66637607298099
test,24.0,25.04032857715371
test,59.0,58.07105428035086
test,15.0,31.784234526448166
test,50.0,55.50059420572377
test,56.0,55.02277280814402
test,46.0,45.238549066456564
test,61.0,59.46536909843017
test,63.0,52.39949307128774
test,46.0,48.36380274573986
test,40.0,41.374327256815455
test,34.0,31.790347817592046
test,50.0,34.58773156389949
test,18.0,27.91778642176994
test,42.0,29.96643131364271
test,52.0,56.998591731142504
test,48.0,51.64760498276165
test,54.0,62.82418281653071
test,34.0,34.98387047051866
test,50.0,50.49417359989818
test,50.0,56.24377055226982
test,30.0,35.75174797884303
test,54.0,58.99891863707559
test,54.0,62.09013637891805
test,38.0,34.04313801026649
test,50.0,44.72333855462444
test,56.0,54.4194399653267
test,61.0,56.717204632738834
test,24.0,22.890604028265493
test,42.0,41.129438524927785
test,59.0,56.63712845902745
test,68.0,59.79173061089188
test,24.0,20.484700591221554
test,30.0,35.122753675634655
test,63.0,48.02562142269512
test,59.0,60.0418978040219
test,34.0,33.641096566319035
test,48.0,54.88574375715788
test,40.0,45.7099047822153
test,54.0,62.74058352788038
test,44.0,52.09925003948081
test,36.0,29.780174301905298
test,61.0,57.70578348085911
test,46.0,50.242597606038345
test,52.0,53.73511242208252
test,48.0,51.58768385808116
test,50.0,52.44883596294627
test,24.0,28.163313653274862
test,61.0,58.56086113515617
test,44.0,42.28547610348476
test,68.0,58.444706353076576
test,56.0,55.897645362356016
test,44.0,42.98935077307433
test,42.0,46.886983040673414
test,24.0,25.00726630885643
test,44.0,42.40514183115144
test,52.0,50.95907130074963
test,61.0,58.57666473549677
test,68.0,58.20553293678593
test,50.0,54.87534001979758
test,38.0,32.917577487520745
test,48.0,43.454218638380354
test,63.0,47.96342423857881
test,24.0,25.716455394444434
test,61.0,58.10387640061326
test,48.0,55.78715248268056
test,36.0,44.477247807142795
test,68.0,57.826662746405646
test,38.0,44.12869453373233
test,61.0,59.516548200652174
test,42.0,48.5086650316681
test,63.0,51.07920709334592
test,40.0,40.362435294111016
test,24.0,20.5750188932846
test,18.0,27.282760219624784
test,54.0,59.96732057146735
test,48.0,49.14420319901312
test,54.0,64.22040705156955
test,34.0,34.63627511017144
test,52.0,37.97584877898297
test,18.0,48.72850844369083
test,46.0,49.24018574451835
test,42.0,28.6920798708073
test,61.0,56.59371698217028
test,40.0,41.312549484564556
test,56.0,59.22223293977451
test,42.0,44.24460008646026
test,61.0,59.036154151408596
test,56.0,55.1054372010655
test,50.0,52.71563911808763
test,18.0,34.189122663683
test,56.0,47.89338870826329
test,38.0,41.63289315898812
test,63.0,52.22613854601576
test,24.0,20.025029979398543
test,63.0,51.38694441994669
test,50.0,46.106405863044024
test,24.0,23.821858922694492
test,50.0,47.23982073489042
test,30.0,35.89723661158122
test,40.0,43.02219677211641
test,63.0,48.681709339212794
test,24.0,27.334421480603787
test,61.0,57.77242915992667
test,50.0,54.25383732216149
test,59.0,60.05788991765807
test,48.0,48.92910039997649
test,61.0,56.48872944854826
test,54.0,51.021489633076094
test,54.0,60.405768238620524
test,50.0,53.573213836611004
test,30.0,36.9585289604627
test,24.0,18.986165374454323
test,46.0,44.598840627156285
test,52.0,36.08439608533201
test,63.0,50.03700693230107
test,56.0,54.752764576265136
test,54.0,61.70847213527292
test,15.0,17.36613350049472
test,54.0,61.56539277754341
test,46.0,48.405312529816456
test,15.0,32.819433196023574
test,48.0,53.86828006545878
test,61.0,61.25095590774096
test,18.0,14.943866716261436
test,44.0,39.88730836234116
test,61.0,58.01586117901376
test,18.0,14.687988135430349
test,30.0,55.46549921513108
test,56.0,54.83267173494705
test,56.0,57.21464815859782
test,34.0,45.567858042623776
test,50.0,47.43488930980282
test,59.0,54.632846578842184
test,61.0,58.75536537101717
test,56.0,52.041243316334246
test,40.0,34.011690009474634
test,44.0,41.10170986228979
test,50.0,53.81789793022749
test,48.0,44.655465482055135
test,52.0,48.23462707579871
test,34.0,37.714004721954325
test,15.0,29.343971897555743
test,15.0,33.064122573771094
test,15.0,27.50460473133265
test,38.0,38.085131038303444
test,38.0,38.735293027773906
test,61.0,59.11239429824789
test,34.0,37.05617060420381
test,59.0,59.43554000417811
test,59.0,63.47682625087536
test,50.0,53.69877199907383
test,50.0,56.485920566314775
test,18.0,20.75890272274354
test,59.0,60.35290640955728
test,30.0,44.32882267725977
test,44.0,47.04022287097749
test,44.0,45.210555696528886
test,15.0,46.244746054650406
test,50.0,51.359738201452174
test,59.0,50.59056739631345
test,24.0,23.728395728762347
test,36.0,46.45556718253801
test,50.0,52.33390956296876
test,34.0,30.975834798264586
test,48.0,52.22993579440923
test,48.0,42.045273745337916
test,61.0,51.306178549963725
test,52.0,43.72838744248919
test,44.0,44.412428140140484
test,40.0,41.176627083084846
test,48.0,52.27913508117067
test,54.0,46.91387976416416
test,18.0,23.062198150637464
test,24.0,24.103047636812033
test,15.0,37.378294682897376
test,61.0,59.18419751849799
test,34.0,36.79293148513987
test,68.0,61.562177624651255
test,63.0,50.73332976098264
test,18.0,30.90889236749729
test,30.0,35.34479745113198
test,56.0,54.48909729173823
test,59.0,48.644024097772515
test,50.0,50.055108457490576
test,68.0,59.70233901279964
test,63.0,48.65176137074547
test,36.0,32.29024831746628
test,50.0,53.71723403198705
test,24.0,21.0384209710302
test,68.0,60.78046854526228
test,61.0,59.056542312662714
test,61.0,56.890553190850184
test,52.0,54.56194590048305
test,42.0,31.270789202562742
test,18.0,43.142850133009766
test,30.0,33.38444123548446
test,46.0,51.47720761477321
test,18.0,25.865706211950677
test,61.0,56.926352193413805
test,61.0,56.51431891197937
test,52.0,52.90033027855574
test,18.0,18.504696721547948
test,48.0,51.0617953772936
test,24.0,22.763277165059552
test,34.0,33.988946408463036
test,59.0,46.21389279992024
test,63.0,51.8235840247341
test,61.0,58.669198220692245
test,38.0,37.89270074632286
test,30.0,35.01014219895109
test,50.0,49.06218437510417
test,56.0,52.34834791252403
test,42.0,25.022657561063813
test,18.0,18.40513037581957
test,68.0,57.78111128100875
test,18.0,19.939549755111244
test,63.0,43.82056699498576
test,52.0,56.28574130580571
test,68.0,59.4111541490119
test,18.0,50.408474646179016
test,59.0,57.38950086810431
test,24.0,27.109142479821088
test,24.0,26.14417579094447
test,36.0,38.944106090263176
test,48.0,52.76216231229736
test,30.0,39.30519230736111
test,48.0,44.407184742572994
test,59.0,41.65614626390437
test,42.0,39.41417369480673
test,46.0,48.8528547565945
test,63.0,52.03681855894659
test,59.0,40.6584537209541
test,54.0,55.44296556113831
test,54.0,53.50425638971907
test,56.0,54.39884548598938
test,50.0,55.00087385431901
test,44.0,44.70279983576492
test,63.0,52.446356181926134
test,46.0,45.60722658071824
test,18.0,18.291728214889236
test,18.0,31.43189566146
test,38.0,46.96461793992002
test,24.0,24.62914756387525
test,61.0,58.47191325514453
test,24.0,19.500874531390544
test,42.0,45.650638547711296
test,15.0,22.69380446063091
test,61.0,58.23316800352747
test,52.0,52.12119885167666
test,63.0,52.17222774225725
test,18.0,21.491886211789826
test,34.0,33.970733178493134
test,68.0,58.19800358433166
test,40.0,44.349072992579295
test,59.0,57.678916166572485
test,24.0,26.292242310279395
test,50.0,46.25881939500191
test,30.0,38.48072854394016
test,24.0,26.336331367822822
test,34.0,43.77339563638352
test,52.0,52.201089806125374
test,40.0,41.170153179777756
test,18.0,17.310909364515226
test,50.0,51.379320851243236
test,42.0,23.4101990241322
test,56.0,57.23289349095572
test,36.0,15.146168427323353
test,52.0,56.82769219247453
test,24.0,18.6603122583235
test,36.0,42.80480189946899
test,46.0,45.3473896210401
test,42.0,54.583293849311744
test,54.0,62.837568308442386
test,56.0,54.95130335198013
test,50.0,47.19924930547268
test,30.0,35.65529787483783
test,54.0,61.682246458519856
test,34.0,35.628264254317706
test,15.0,23.39983297149845
test,46.0,53.08611126345602
test,68.0,61.773980280155904
test,48.0,53.70100336293379
test,15.0,28.379465342199218
test,38.0,38.30553829391865
test,52.0,55.3084581674085
test,54.0,61.93734870098411
test,50.0,47.79667062399379
test,54.0,49.44647627555026
test,24.0,21.401719928686923
test,61.0,59.137235914961366
test,38.0,44.53956032403501
test,30.0,34.00584395980964
test,18.0,24.121253932623056
test,50.0,44.95402388119014
test,59.0,45.439444155698574
test,15.0,30.648982271111002
test,36.0,21.800005734069583
test,50.0,54.800579155909396
test,52.0,50.742829303860994
test,24.0,25.52614921937093
test,61.0,58.002013696352115
test,56.0,53.134536210415895
test,54.0,62.042173940476495
test,50.0,54.31851115603218
test,24.0,26.99213155080574
test,59.0,59.45811140549117
test,50.0,47.86791258567564
test,46.0,48.8480158012328
test,15.0,27.46963509960824
test,24.0,17.78829178390419
test,30.0,43.89236289940295
test,46.0,47.24083290845539
test,18.0,21.024655090317744
test,40.0,32.99409978130423
test,34.0,35.661782703892456
test,24.0,22.427657589640287
test,36.0,38.23690966548092
test,50.0,54.26064218772768
test,61.0,58.16584080639778
test,44.0,40.51846312651085
test,46.0,50.59214381447554
test,44.0,44.06303811117615
test,24.0,27.87955119043503
test,46.0,47.063226816676725
test,68.0,61.1489650883744
test,56.0,55.38767641798816
test,24.0,22.95653141571251
test,42.0,52.68854058943645
test,48.0,50.8523795124147
test,24.0,25.937600147294493
test,18.0,48.909720171854076
test,30.0,40.36355230224095
test,34.0,36.96255428633999
test,68.0,60.40630822298857
test,48.0,49.37203652936694
test,63.0,52.13534279541181
test,38.0,40.17206665438214
test,15.0,23.212793341792846
test,38.0,27.86203987103925
test,48.0,53.83325042328739
test,44.0,42.780723216061745
test,48.0,48.13276193600497
test,68.0,61.0826333951245
test,30.0,38.692072929318336
test,68.0,58.942722508853464
test,18.0,18.056002882881607
test,61.0,57.222049094880234
test,18.0,23.834125188803466
test,18.0,41.9689403364113
test,40.0,47.49276421786061
test,61.0,57.822372269560574
test,18.0,44.956631534469736
test,56.0,51.13934340693065
test,18.0,26.617696504774443
test,42.0,30.261692303869566
test,42.0,47.52906461065094
test,63.0,48.35874706911584
test,61.0,58.46333552661153
test,24.0,27.04939240219521
test,56.0,53.73677708426154
test,63.0,49.61934482073289
test,56.0,54.09903181813188
test,52.0,53.61650979510776
test,48.0,51.61777445689649
test,44.0,46.32341149483268
test,46.0,42.7178551739592
test,24.0,26.385919066738072
test,46.0,42.93187396264002
test,24.0,20.45508413973955
test,18.0,13.65311831308519
test,63.0,51.18774318066009
test,30.0,41.59635231209014
test,40.0,42.87836195967507
test,48.0,57.15728818575694
test,38.0,37.209457890459
test,36.0,45.25242380482917
test,42.0,41.00021339111268
test,36.0,52.26259898549547
test,50.0,57.10470606037772
test,44.0,37.83842663792394
test,61.0,56.04189274996297
test,50.0,52.10511872801479
test,36.0,39.83234821534831
test,59.0,47.09955111508295
test,59.0,42.08316873172238
test,46.0,46.62683133519896
test,52.0,54.670684539651575
test,50.0,42.03119028100628
test,38.0,37.37537314249876
test,48.0,49.215069078913984
test,44.0,40.897635641970076
test,36.0,46.430492880405694
test,63.0,50.932879135643276
test,44.0,42.17601308484521
test,52.0,52.792046045482635
test,48.0,55.26003380986779
test,61.0,55.96077901248884
test,34.0,37.124204661942045
test,68.0,58.00109346400858
test,52.0,49.94185805886853
test,59.0,62.57887275112828
test,50.0,37.81202840589727
test,44.0,41.53125110266477
test,34.0,40.16650663490827
test,40.0,47.23745900660681
test,36.0,46.420683809997264
test,56.0,54.83455002000171
test,18.0,27.274239285602796
test,15.0,58.83165811550212
test,38.0,34.47512887089713
test,59.0,59.65628607792845
test,44.0,45.76023149885053
test,36.0,30.208386470185285
test,30.0,37.490594745379056
test,52.0,54.32059064923065
test,48.0,49.0463740475788
test,54.0,61.77273822824504
test,24.0,20.868966883422832
test,18.0,21.74909387490915
test,68.0,45.82464178855446
test,15.0,31.527825636385536
test,36.0,34.79135154035789
test,24.0,26.03247805726055
test,30.0,36.47346945129242
test,24.0,19.672916544032784
test,50.0,54.83050992387386
test,48.0,53.59733827596323
test,18.0,15.554805361685123
test,24.0,28.21587518760634
test,46.0,49.28163718296675
test,61.0,58.1898095636766
test,63.0,56.765913524545454
test,38.0,35.12308696912572
test,50.0,56.2168583162162
test,44.0,42.18136549486544
test,36.0,26.366623850088867
test,59.0,46.64227157423372
test,63.0,48.583864505855836
test,54.0,63.779517983415566
test,36.0,50.34044931185429
test,54.0,50.904234853187035
test,54.0,44.65527728040653
test,36.0,50.137127640170874
test,56.0,48.29407217999582
test,46.0,47.49510790577327
test,50.0,39.59694159753492
test,56.0,56.63785860435973
test,61.0,59.26720057572229
test,68.0,41.49346536775958
test,38.0,40.53462589348517
test,63.0,40.70937392593896
test,34.0,34.80470361691656
test,34.0,38.62450696456871
test,24.0,22.900534627900683
test,68.0,61.839371047589374
test,56.0,48.681780021299325
test,24.0,22.887557628095713
test,42.0,47.1502931347997
test,46.0,49.08546327536102
test,54.0,61.96048318401218
test,40.0,43.010992698553444
test,48.0,51.72659488348117
test,63.0,50.48399271968715
test,63.0,49.61681534245534
test,15.0,28.196764467463545
test,50.0,48.6897858674993
test,15.0,30.810595123361836
test,56.0,33.06583749716859
test,15.0,29.23521241177449
test,30.0,37.15833350362626
test,48.0,51.72356660563385
test,44.0,42.86541891170596
test,61.0,58.021632276448145
test,54.0,55.45226400966668
test,68.0,48.64517795182417
test,61.0,60.19078372012494
test,50.0,50.79881686724355
test,24.0,24.4956693480132
test,34.0,35.87481764355753
test,15.0,23.015729165434582
test,24.0,26.620354365712426
test,24.0,22.88256187458628
test,61.0,59.10546596309724
test,44.0,39.44038413873338
test,59.0,61.98137815747185
test,18.0,22.91497584395443
test,34.0,44.87522078728503
test,50.0,48.539565808948886
test,48.0,51.22662810341872
test,63.0,61.36379444794822
test,24.0,28.49695018073227
test,48.0,53.56405892745621
test,50.0,47.592134363675186
test,24.0,43.7895030031514
test,63.0,41.618085841436454
test,52.0,49.410192458412865
test,50.0,53.44145484908442
test,24.0,27.547841250396225
test,48.0,54.24271607991538
test,38.0,38.51863098825408
test,18.0,52.06914052221308
test,50.0,54.49562796253788
test,61.0,57.740242442725695
test,59.0,62.210838595173364
test,50.0,40.977008550864895
test,38.0,34.93084428383208
test,46.0,47.628645033362645
test,24.0,25.861886087241384
test,40.0,42.97806589620208
test,68.0,58.56387451394679
test,63.0,48.94280265451961
test,61.0,60.116416162110745
test,50.0,48.47808766436768
test,63.0,51.638061773544614
test,46.0,51.58764674332657
test,18.0,49.43199337382451
test,48.0,53.55864519246448
test,59.0,62.743404406066645
test,56.0,42.99730831677161
test,59.0,44.04042276195499
test,24.0,23.24214045295478
test,54.0,61.6393981813562
test,68.0,55.361265733318945
test,30.0,38.42194884096449
test,63.0,51.97134625297188
test,59.0,39.850027777220106
test,36.0,42.64512661462597
test,63.0,52.6735909329653
test,61.0,59.70834807814858
test,30.0,35.12900294798995
test,40.0,42.740626117878335
test,50.0,53.19227405107236
test,48.0,53.91718417696775
test,61.0,58.17980100598693
test,18.0,19.76963613257689
test,63.0,51.98849536599641
test,36.0,42.45207833422138
test,48.0,51.05673761683341
test,42.0,39.26500644806349
test,18.0,51.82173516102602
test,24.0,22.70443671185414
test,63.0,45.75095290673311
test,50.0,53.59441684378113
test,40.0,43.040628068197336
test,24.0,25.805911983439394
test,36.0,29.203745139981244
test,54.0,59.591616714981505
test,44.0,47.25676230612926
test,38.0,43.09378346843833
test,61.0,55.664361161097716
test,15.0,30.929021102240647
test,30.0,39.242705070572
test,38.0,36.27943628312805
test,18.0,16.21520408817819
test,34.0,35.654721411834984
test,61.0,57.62724473627656
test,24.0,24.66114788180026
test,68.0,57.106862959415494
test,18.0,50.27355689297421
test,38.0,56.60768312027342
test,24.0,24.532753481819743
test,54.0,61.30254316113233
test,44.0,43.29249580292759
test,63.0,48.94490855139987
test,46.0,48.26530721735295
test,68.0,57.60501021384674
test,63.0,54.33002571620813
test,56.0,53.215596818406404
test,68.0,57.62931640096844
test,40.0,33.0633501387164
test,24.0,28.074300685383985
test,68.0,60.93891381138223
test,63.0,38.242455714981126
test,36.0,47.42188521903582
test,52.0,53.12208865632395
test,48.0,50.597542660203295
test,46.0,48.63101650896377
test,15.0,34.03855511612071
test,15.0,31.66008014143455
test,30.0,40.05110300960147
test,68.0,56.739579389438745
test,63.0,51.61121168958586
test,15.0,30.031110226850526
test,24.0,17.254380364490327
test,61.0,59.64139082990253
test,38.0,34.39298323339611
test,18.0,51.90461929975529
test,54.0,62.5196420850375
test,18.0,20.603791751558582
test,40.0,42.72663783853146
test,42.0,46.30391619702842
test,24.0,24.96582524909444
test,56.0,51.810642955999036
test,18.0,23.775843961572043
test,44.0,39.79964101108093
test,42.0,37.60070557384534
test,44.0,38.26027150149235
test,24.0,22.936776060419533
test,63.0,46.650291902179816
test,24.0,22.998837823317537
test,54.0,59.78942600676557
test,40.0,42.65026432101099
test,38.0,39.17000357115728
test,38.0,36.10474275158543
test,36.0,42.231383320897415
test,15.0,29.88212342512064
test,54.0,45.40686631794989
test,42.0,39.43487620816798
test,36.0,36.06044385012967
test,24.0,24.40344101289216
test,18.0,53.3857234825027
test,46.0,48.32252271248901
test,63.0,52.40784569322724
test,24.0,25.29321255126766
test,61.0,56.64257225062279
test,30.0,48.78521873811224
test,56.0,54.32824144845329
test,15.0,33.34228522162775
test,52.0,52.577908521570436
test,18.0,48.47216520650074
test,30.0,35.14567758627056
test,63.0,47.48913050405022
test,68.0,45.89752524173562
test,24.0,24.360088192629558
test,46.0,41.89233737748572
test,56.0,52.400612466513124
test,36.0,32.93962985883364
test,50.0,53.99133641436095
test,56.0,53.41896231967168
test,56.0,57.56447126214663
test,18.0,22.998187795500964
test,61.0,57.487255767811696
test,48.0,52.24968075702685
test,50.0,52.86680889039725
test,34.0,38.09042550317919
test,54.0,43.1603055376718
test,30.0,32.5660595556924
test,36.0,52.54383198085732
test,24.0,24.46594577953936
test,30.0,40.9637731185496
test,56.0,56.35885111532148
test,18.0,20.121630671267532
test,34.0,35.09539920282635
test,34.0,35.698146132667745
test,30.0,38.576906187492305
test,61.0,41.66240492331715
test,59.0,59.662820703430896
test,46.0,48.55733389669252
test,50.0,51.28859525870094
test,50.0,52.604403470821424
test,68.0,60.975628368203935
test,18.0,17.64547356742229
test,63.0,49.57312787108315
test,18.0,15.729299856394114
test,59.0,57.22001533478838
test,34.0,36.00422093361548
test,24.0,22.9760423657023
test,59.0,60.71751432391552
test,36.0,30.202120133228547
test,38.0,35.40284016320423
test,18.0,36.87106413654001
test,36.0,35.723894259993784
test,48.0,39.70794335160924
test,44.0,43.18341031226773
test,50.0,52.39833400832737
test,46.0,49.63223150499053
test,24.0,28.592673868037757
test,30.0,33.668810183933616
test,52.0,49.39885664937508
test,36.0,33.04891733827271
test,18.0,20.115277594754406
test,50.0,51.619991878916494
test,30.0,41.913200917705986
test,56.0,55.50161567449422
test,40.0,45.969138125819434
test,54.0,61.314917295206875
test,56.0,57.3007377110209
test,48.0,49.56905868683741
test,54.0,31.879425786796578
test,40.0,37.60258751295642
test,24.0,28.36574502568074
test,24.0,28.412211923529632
test,24.0,22.15050289575811
test,44.0,41.534916703899064
test,46.0,48.834801740686885
test,59.0,43.79255256292189
test,42.0,51.005254926097564
test,56.0,56.65253632003275
test,59.0,46.504479404372
test,52.0,54.756864639420854
test,48.0,53.00095042568239
test,30.0,36.53306216438422
test,34.0,32.95672607418673
test,50.0,56.8781331102373
test,38.0,45.31972376103363
test,24.0,22.350083882442917
test,54.0,61.11330360364177
test,46.0,38.44254434459875
test,44.0,45.47693090736884
test,46.0,47.42413078981542
test,59.0,60.43263081489093
test,30.0,34.50295817762723
test,24.0,27.80603109834655
test,24.0,25.93883857588746
test,52.0,54.32785008175705
test,24.0,22.35566021365118
test,18.0,18.528744815144275
test,30.0,35.781590258677994
test,50.0,42.888472478090286
test,36.0,35.5671071821259
test,50.0,56.019446455881365
test,56.0,53.39840569135737
test,46.0,48.19926027658469
test,38.0,35.016728592821295
test,63.0,49.00099738707533
test,18.0,18.678696755315556
test,68.0,57.45765872160446
test,40.0,43.56892872230391
test,56.0,54.412497436273206
test,56.0,49.471203428529726
test,59.0,61.06022795971806
test,59.0,54.960349855692655
test,52.0,51.27789327133952
test,24.0,20.313662966959797
test,56.0,56.385413285355845
test,56.0,55.08134006844564
test,68.0,58.556926148280866
test,61.0,56.157013829987854
test,38.0,44.672454595631635
test,46.0,47.78060380926837
test,30.0,40.290599850942954
test,56.0,55.9264740936095
test,63.0,50.88674267636079
test,30.0,36.83224542836841
test,40.0,43.024541123984136
test,24.0,23.943131135038893
test,68.0,59.90366941587189
test,38.0,32.71488784438075
test,46.0,46.39217485736321
test,38.0,42.54479564774317
test,46.0,42.9985301544819
test,24.0,25.321343299851865
test,59.0,44.9459336927169
test,54.0,62.18271551322406
test,48.0,51.893565378642734
test,18.0,21.190421470968275
test,24.0,26.091701711264278
test,59.0,60.56300387705002
test,24.0,21.314123415351418
test,18.0,19.79724983558525
test,24.0,24.034720127114046
test,61.0,59.73987879586174
test,59.0,60.41059730425276
test,59.0,50.86699951193182
test,59.0,60.82214489602558
test,50.0,55.217634662686336
test,56.0,56.39147643591902
test,24.0,22.939318140648222
test,38.0,44.45862152100925
test,44.0,39.94455015625432
test,18.0,46.46844229030305
test,18.0,16.904912210152737
test,50.0,57.25538559727061
test,50.0,57.023946098514685
test,44.0,43.8558877355021
test,42.0,44.16193510233552
test,38.0,40.603246103950966
test,48.0,55.90421253191026
test,38.0,38.693306067834975
test,24.0,23.50798859900772
test,15.0,49.98084220626945
test,15.0,49.67568912239921
test,24.0,29.929042506607438
test,48.0,50.28985721000771
test,18.0,22.470717655700668
test,24.0,26.95604482336764
test,59.0,58.5998227454169
test,38.0,33.94622625000372
test,59.0,60.90557267851601
test,24.0,22.309097514896667
test,50.0,55.74173324633082
test,68.0,60.1476997104225
test,68.0,59.683850962153755
test,18.0,15.533251548353611
test,59.0,35.74396550421105
test,18.0,21.673169093281928
test,36.0,32.1620201666757
test,30.0,41.33691907287063
test,61.0,57.57712342812535
test,44.0,44.18237127075035
test,61.0,58.966065676886814
test,15.0,31.89722233028465
test,54.0,59.20208285528491
test,48.0,49.04627111026761
test,15.0,31.91133755814372
test,42.0,36.942048631909465
test,59.0,47.076639277839234
test,61.0,55.63885992123197
test,61.0,59.1016094053899
test,30.0,33.37579233052655
test,68.0,57.68821241069448
test,56.0,54.93844254607946
test,59.0,57.151058704161855
test,44.0,42.59714098931572
test,24.0,23.60916232060109
test,59.0,61.26329647069529
test,36.0,29.846632407389237
test,42.0,39.601073492136855
test,34.0,31.64182879623159
test,68.0,57.4144272260505
test,24.0,21.86706381242545
test,18.0,45.165054176872886
test,48.0,55.05649958355015
test,24.0,20.528637772104947
test,42.0,36.8640457947305
test,46.0,40.40916143386148
test,56.0,56.91842591862272
test,24.0,24.841476459398173
test,46.0,46.8291821273847
test,63.0,51.17273323502189
test,59.0,59.56272359433705
test,38.0,35.35215939537156
test,38.0,40.90243134717703
test,54.0,55.82018114902066
test,44.0,41.03663873098118
test,40.0,42.950517563800176
test,44.0,43.4008613274001
test,18.0,48.45394088022956
test,59.0,58.35804068858593
test,15.0,30.597207023267472
test,68.0,57.287583059895994
test,48.0,44.80925086251244
test,54.0,49.71054884423068
test,48.0,50.905276676145974
test,63.0,49.527081043999736
test,44.0,42.93456775892607
test,61.0,42.502430346371746
test,38.0,34.93546703468722
test,52.0,52.47437210074305
test,34.0,29.81672485513913
test,52.0,53.813163869253465
test,46.0,50.18559069770656
test,63.0,50.60179059084627
test,18.0,32.18337843025334
test,38.0,33.75370789098795
test,36.0,53.50917239312283
test,34.0,31.12647040280752
test,59.0,48.72894815073204
test,40.0,49.271078215821355
test,63.0,49.34213311912254
test,54.0,58.67946435022792
test,40.0,47.763582075942146
test,34.0,53.64644092162882
test,52.0,51.844705621308776
test,24.0,28.557122957437933
test,63.0,52.42768193672222
test,54.0,61.416783620641475
test,24.0,29.21179168306545
test,40.0,42.79449541665095
test,63.0,36.0059395612232
test,50.0,57.918134012288945
test,18.0,23.913486310660502
test,30.0,36.439098087697644
test,30.0,33.868413097772105
test,30.0,37.04928376677894
test,52.0,44.72611837801971
test,38.0,42.89428460290902
test,40.0,44.70115405197666
test,59.0,60.3698434125699
test,44.0,44.89387939840663
test,63.0,54.590161536941665
test,44.0,42.745880166905714
test,42.0,38.52376304637544
test,46.0,45.81694105374601
test,34.0,38.06358328257035
test,68.0,47.85419613101821
test,50.0,53.723217067593175
test,30.0,40.049961035377954
test,61.0,55.565633983153695
test,56.0,56.97013533447682
test,24.0,27.828220404378794
test,24.0,24.085431040379476
test,54.0,53.90746272344352
test,30.0,36.74975493391105
test,61.0,56.39714062669134
test,52.0,55.55231983713722
test,50.0,41.21742544483078
test,46.0,48.9109194612926
test,36.0,39.43783028698592
test,54.0,59.610891507401305
test,38.0,37.95401348451672
test,44.0,42.06743302097311
test,61.0,59.83001006598566
test,56.0,54.082919667606255
test,18.0,18.987939612261293
test,48.0,50.55250906071606
test,68.0,57.979448318684575
test,36.0,31.34077589590528
test,38.0,36.127564071528695
test,36.0,46.14848420182255
test,61.0,57.37441243695537
test,63.0,51.427086878990494
test,15.0,43.34791421354883
test,63.0,54.79000747765877
test,24.0,23.431248729157794
test,52.0,50.87481534334518
test,61.0,58.18790833510999
test,18.0,14.089960687259019
test,30.0,39.16880774112322
test,61.0,57.70449795645284
test,36.0,28.29649721267617
test,24.0,40.15952150842478
test,24.0,23.49224327553734
test,44.0,38.81544510803462
test,44.0,39.50499406531064
test,24.0,25.705474521334214
test,61.0,59.54443355840913
test,59.0,57.59447199785447
test,61.0,60.34291717799384
test,63.0,50.304297585551744
test,44.0,41.140173848521954
test,59.0,53.480115895959926
test,54.0,60.64883285501017
test,30.0,40.94687468030784
test,46.0,47.834720355772326
test,30.0,39.09283519079496
test,36.0,37.642233723668454
test,48.0,51.873428203690075
test,54.0,60.31327759649871
test,44.0,45.13088763359644
test,38.0,37.492487059284045
test,56.0,50.6226422565137
test,46.0,45.64069458939989
test,34.0,41.249080071969935
test,40.0,41.61397044333711
test,56.0,58.447564992692534
test,15.0,19.438714878497226
test,54.0,58.00442683698435
test,44.0,42.670346806030985
test,42.0,42.467005569286115
test,61.0,60.90282195954459
test,38.0,37.35652260791538
test,38.0,34.03733593011801
test,46.0,49.989432046934056
test,24.0,26.873043702158117
test,46.0,39.143494113159115
test,18.0,28.146582047287787
test,61.0,59.537227611896284
test,52.0,47.396651561288905
test,30.0,39.25990628343159
test,30.0,37.756337188405304
test,68.0,59.455781195606626
test,24.0,26.802349103276473
test,52.0,53.316439160090596
test,56.0,51.78970807688903
test,68.0,57.85621007076533
test,52.0,48.24143789438665
test,68.0,57.30254676287149
test,52.0,50.64555618110546
test,44.0,40.40279679954664
test,54.0,62.98780894230205
test,61.0,56.277261068596395
test,40.0,47.00513564819872
test,44.0,36.949134058196265
test,54.0,60.421949913553746
test,63.0,54.39050678709957
test,46.0,47.33202542575896
test,61.0,60.25133906582879
test,34.0,45.43280137816443
test,44.0,37.45649486189646
test,56.0,56.54007527185516
test,54.0,49.85081090393829
test,68.0,60.22443169741099
test,30.0,41.63301897014983
test,40.0,43.72198769063749
test,61.0,58.479166421746314
test,15.0,29.891749387701502
test,44.0,42.6569602167134
test,63.0,9.656358379171834
test,24.0,21.789461725054277
test,34.0,31.71748906340261
test,34.0,32.66835608655459
test,63.0,46.83711863770826
test,34.0,31.06467223623894
test,54.0,58.31379716429294
test,54.0,52.44995385415754
test,36.0,36.57841653785131
test,61.0,60.14023872641449
test,18.0,15.642547824975711
test,48.0,52.326293466462225
test,18.0,22.419086903059238
test,46.0,46.51977888363929
test,24.0,23.895949719988966
test,50.0,46.93037581080436
test,44.0,43.91824131002186
test,68.0,58.36319140602439
test,40.0,41.57749111066744
test,59.0,59.04535199326469
test,63.0,49.14472660341109
test,42.0,41.98366774758195
test,38.0,35.67233799342219
test,54.0,44.31801626435608
test,59.0,43.360200443266876
test,68.0,39.4765727828873
test,54.0,58.36061057217367
test,30.0,41.52792850726731
test,15.0,30.991587013198988
test,24.0,27.855273938956984
test,52.0,52.70971804857974
test,50.0,50.78809151882846
test,42.0,30.277567600449668
test,18.0,19.80966406378266
test,56.0,54.26386584509861
test,36.0,29.01465323575752
test,68.0,58.56194927358315
test,42.0,39.18740480033911
test,56.0,54.05900248524488
test,63.0,52.2419842527692
test,44.0,41.0912670397059
test,63.0,51.82587452669327
test,68.0,58.45478911810619
test,36.0,29.572899881400843
test,56.0,53.42424774889616
test,24.0,28.672005919243826
test,50.0,48.478054493115756
test,18.0,12.470726443661782
test,38.0,38.19913096545065
test,38.0,34.67287536596314
test,30.0,39.15503422676712
test,48.0,50.62703553488624
test,46.0,51.08160413681638
test,59.0,57.07915748164448
test,61.0,59.20684344775708
test,68.0,59.06353180601151
test,54.0,61.09364755984316
test,18.0,20.405724585885007
test,40.0,40.759724311201154
test,56.0,55.241559455899434
test,63.0,52.91042705726252
test,15.0,28.10033478149856
test,48.0,56.30614601696158
test,34.0,31.155523918223906
test,24.0,28.800361965296595
test,48.0,52.44188388907489
test,59.0,54.07801874165986
test,42.0,47.8736335162845
test,24.0,22.704522568863716
test,18.0,15.444840833417803
test,42.0,23.145405643439396
test,30.0,39.02001488254318
test,30.0,39.489376134523
test,15.0,28.25276377147437
test,18.0,37.47527166550443
test,36.0,21.379023637712915
test,30.0,48.13132253737409
test,63.0,47.50644726727457
test,61.0,59.72521971118071
test,61.0,57.411338421475335
test,24.0,22.991608673367114
test,59.0,33.0737914968042
test,42.0,40.78577738419604
test,50.0,51.06246485335747
test,63.0,53.59609337520387
test,34.0,41.15857628753695
test,15.0,26.755792516027828
test,24.0,24.798860695730106
test,59.0,57.9666703514266
test,56.0,55.50165988227652
test,50.0,52.73003505448638
test,36.0,35.888634220716916
test,52.0,52.545997158876425
test,24.0,22.77119696046819
test,61.0,58.36086473740303
test,38.0,34.92489147069557
test,68.0,59.19832480177182
test,54.0,59.319166702868046
test,48.0,53.800622909234434
test,34.0,33.886600378254045
test,50.0,54.05406164744902
test,50.0,50.56613749113752
test,24.0,20.297888416256633
test,54.0,41.967265686047355
test,48.0,48.82135983967575
test,50.0,47.12757174733753
test,24.0,24.932303828619496
test,50.0,52.002486172390654
test,18.0,16.47979451515675
test,24.0,22.239686254599615
test,30.0,35.081724312785134
test,50.0,52.801703042029864
test,50.0,50.637175416314086
test,18.0,22.786567336282268
test,56.0,40.660293208767406
test,63.0,52.008459174412955
test,48.0,52.246677087512346
test,56.0,56.047994999474085
test,30.0,37.53797880846797
test,50.0,44.63625619881368
test,61.0,57.74783618377644
test,42.0,35.04828114168948
test,50.0,49.48774666510423
test,54.0,44.670348773674036
test,56.0,52.040672027456054
test,46.0,47.607006398312095
test,42.0,40.979528759304664
test,68.0,60.45752930125251
test,18.0,17.774705301110103
test,24.0,22.991867797026387
test,63.0,49.722763223538514
test,38.0,37.97768288590503
test,15.0,27.536618779329707
test,52.0,46.161311151655475
test,46.0,47.75825711182647
test,15.0,45.08191936140725
test,36.0,47.99037864059378
test,40.0,43.69377319769321
test,50.0,54.968149826195194
test,68.0,59.53816627757909
test,59.0,41.48221876578469
test,24.0,24.09962743023176
test,18.0,27.00308712700715
test,59.0,55.07504017563047
test,50.0,29.828209441681224
test,63.0,50.383610232525754
test,46.0,49.48645951912816
test,54.0,45.93541736284338
test,18.0,19.360269062372314
test,44.0,39.959582949873656
test,24.0,21.854219110328778
test,52.0,50.92850526129232
test,56.0,54.512921801726264
test,18.0,16.69038388533848
test,24.0,22.884937981869754
test,18.0,25.93923090417281
test,24.0,26.81380082839926
test,61.0,35.213783413950864
test,52.0,38.39066796665859
test,50.0,50.45811316768683
test,44.0,39.2657487554216
test,54.0,59.28183985225927
test,46.0,50.768708249861234
test,15.0,28.037126483558037
test,36.0,31.177316634981125
test,24.0,26.489282476407688
test,44.0,41.189137517710556
test,52.0,49.53652239786053
test,63.0,55.16164708996188
test,61.0,57.67204373422729
test,42.0,41.81022115873975
test,52.0,54.51099398777984
test,61.0,60.749833668699935
test,15.0,25.76887133677832
test,18.0,22.05017400669197
test,50.0,13.379727821729798
test,63.0,53.64603062814244
test,56.0,52.134642939509476
test,36.0,32.61304897852693
test,52.0,58.2375850853027
test,52.0,53.09266669033332
test,54.0,62.598525741936506
test,24.0,25.810864747437453
test,68.0,43.567918525144634
test,56.0,54.234387871685435
test,24.0,22.159370233308554
test,18.0,54.9508135295939
test,36.0,39.05517393011834
test,34.0,32.54443152307431
test,24.0,23.53307853449503
test,61.0,55.70990300155125
test,38.0,54.89722742125768
test,54.0,61.18682203856139
test,24.0,29.98210508633845
test,54.0,61.15803028511289
test,48.0,49.32822049093512
test,68.0,56.561491532723295
test,24.0,22.516802643262636
test,54.0,64.27570465703835
test,24.0,25.604413076673552
test,44.0,42.70270216846411
test,56.0,53.0521843878476
test,34.0,29.86574708464157
test,52.0,52.26820992112587
test,15.0,31.417138037925508
test,42.0,49.42244376720711
test,40.0,43.04693338505938
test,44.0,43.11181879539154
test,46.0,43.36362527951724
test,50.0,52.35202832715338
test,61.0,56.93842431877434
test,50.0,47.874999489310866
test,54.0,60.97214699284817
test,44.0,33.42039256124382
test,68.0,58.80373181447506
test,42.0,35.82922666317228
test,44.0,45.05688494573122
test,61.0,59.14128370930844
test,48.0,45.782129933843905
test,48.0,52.892757733570626
test,68.0,59.82420431762403
test,44.0,37.90946729136181
test,24.0,25.811455869427782
test,52.0,55.07266326037966
test,50.0,53.284903778568406
test,46.0,44.5708796058889
test,24.0,29.45953100228539
test,30.0,34.98507217173155
test,24.0,18.737615587611515
test,61.0,58.442355575229556
test,48.0,52.47156466126334
test,54.0,60.488302101867816
test,52.0,52.77070466678387
test,24.0,25.104650787301612
test,24.0,23.864462329892692
test,15.0,33.30292283620205
test,59.0,62.59185782016567
test,59.0,58.97658811707721
test,52.0,48.557172695081505
test,61.0,59.45089877156647
test,44.0,38.332868464750156
test,15.0,31.549515392957936
test,15.0,33.666299134451364
test,61.0,57.480937669381504
test,68.0,59.494243309456635
test,42.0,37.98819625655764
test,38.0,34.647772080580296
test,34.0,31.235726176175483
test,42.0,46.44165204851689
test,30.0,35.46052288892792
test,68.0,59.462857523271225
test,48.0,52.87928168534398
test,59.0,47.06155955811099
test,50.0,49.89257134066643
test,68.0,59.220387438075605
test,59.0,57.99827129941602
test,48.0,54.04015323841742
test,36.0,38.06328560065827
test,30.0,33.829255122187746
test,46.0,46.458738211085304
test,15.0,27.806965761088936
test,24.0,22.289417912671944
test,46.0,48.84205882263947
test,44.0,41.30956975894815
test,48.0,43.50446222411579
test,24.0,26.421485086576418
test,24.0,21.240638003872718
test,56.0,55.42041791513769
test,68.0,51.58649197231213
test,44.0,41.13303810522159
test,38.0,30.20308960202659
test,24.0,28.482234031369693
test,54.0,63.37086270350713
test,50.0,52.93777145378423
test,50.0,50.82466830454697
test,52.0,54.10436310149524
test,63.0,56.279727403131965
test,68.0,56.93702137414682
test,68.0,57.18518344100682
test,38.0,35.13648616811447
test,46.0,44.56057506836087
test,63.0,50.21447004356556
test,44.0,40.26425094168323
test,44.0,41.0570196781484
test,56.0,55.202677357628914
test,63.0,46.07301224349309
test,24.0,24.684315280800746
test,24.0,25.869529087454538
test,50.0,54.69281941342688
test,59.0,52.929171251233825
test,24.0,30.2546545067058
test,40.0,44.77409830339874
test,24.0,23.826339969995836
test,48.0,52.39317665463911
test,44.0,41.63898294144414
test,24.0,21.149892326322725
test,44.0,35.520223470152736
test,50.0,48.79591031642636
test,30.0,43.385459466789634
test,52.0,41.033292457124325
test,42.0,32.6812736817977
test,44.0,42.22221065496935
test,56.0,55.871632259439274
test,42.0,44.6991655732222
test,54.0,42.96242423549455
test,34.0,35.60053814046958
test,30.0,31.82099668017981
test,50.0,51.41396155661683
test,59.0,41.83461994052948
test,44.0,46.695771344513076
test,52.0,53.46731772656578
test,56.0,56.96506388766919
test,24.0,29.330353596225923
test,63.0,50.342155386687736
test,46.0,51.95905069224277
test,61.0,50.55594922140042
test,61.0,45.998015645108005
test,24.0,20.530885855973434
test,38.0,46.74560775453917
test,38.0,46.770356644922
test,34.0,30.644882887071567
test,44.0,39.308420396929165
test,56.0,53.910955884863704
test,44.0,46.38786208240199
test,30.0,39.34616504822236
test,30.0,35.44582743771443
test,34.0,40.26035035349384
test,30.0,35.63434010262934
test,68.0,58.548362693430015
test,38.0,39.89893483082757
test,61.0,58.963351669827844
test,63.0,52.30251450654152
test,52.0,53.41587505257462
test,68.0,55.13490840257716
test,18.0,17.302945029898112
test,38.0,37.9708476919339
test,63.0,47.40592391558954
test,63.0,49.009649729700335
test,30.0,35.15623542820458
test,42.0,43.20842035850525
test,24.0,26.651712250292544
test,18.0,18.000418791412113
test,15.0,23.215304369384942
test,48.0,49.39471578764669
test,44.0,42.26880985944535
test,56.0,56.150191856406565
test,44.0,45.64997835774231
test,40.0,45.37869809178232
test,50.0,28.18821153832213
test,50.0,54.16857493875196
test,48.0,50.83001216003789
test,46.0,48.18025528466718
test,24.0,22.482643271011472
test,15.0,29.75814825901388
test,34.0,31.846681056480804
test,50.0,53.207953360648254
test,63.0,51.330926422924655
test,24.0,24.857654549637093
test,59.0,47.67543130412183
test,68.0,46.71804167056489
test,63.0,50.60173978547121
test,24.0,23.177496864981652
test,38.0,40.21605247715869
test,63.0,48.95263636835895
test,24.0,23.644489100651523
test,24.0,23.317302185282383
test,24.0,14.698949989429359
test,59.0,43.54996326198159
test,44.0,38.49072782707091
test,38.0,33.55138971898099
test,59.0,59.41337785505969
test,50.0,48.83903207661047
test,24.0,25.536119828149815
test,63.0,50.89558675363046
test,48.0,54.807538327280156
test,48.0,53.66992051491158
test,54.0,62.06613774467261
test,52.0,46.67142063618269
test,61.0,57.60098330573466
test,15.0,34.34827421360361
test,50.0,40.73207360925818
test,42.0,38.723552855499165
test,46.0,45.00573388775037
test,68.0,49.14215406736686
test,24.0,23.914062458838874
test,24.0,29.364687229591972
test,15.0,26.162096759762218
test,46.0,41.678266071051304
test,46.0,47.075437305503556
test,68.0,57.96960539547449
test,44.0,41.810307926799545
test,48.0,44.14697766024737
test,15.0,32.396351296024875
test,24.0,24.5797002966735
test,44.0,44.298594414235644
test,34.0,31.647925609925515
test,15.0,28.100259356670357
test,63.0,57.64223055973602
test,63.0,49.07785568610066
test,68.0,56.607731623196386
test,34.0,31.918033954121206
test,38.0,31.965834285650956
test,54.0,62.50315603936427
test,30.0,43.02282958278567
test,36.0,33.21958089070334
test,56.0,44.65086414716714
test,48.0,51.451883851950925
test,44.0,46.09858056099559
test,44.0,43.62540276782709
test,30.0,39.81472138089387
test,48.0,49.67629389576955
test,63.0,49.24336978396138
test,44.0,43.22276488277652
test,63.0,51.21412695007621
test,50.0,51.470803309141004
test,24.0,28.77645574312556
test,54.0,47.19125673965375
test,48.0,53.763999851017715
test,68.0,60.092591081352765
test,44.0,44.705102444359056
test,38.0,33.794077538059994
test,15.0,30.50809154912131
test,30.0,38.627767043074236
test,68.0,59.17967154270505
test,34.0,43.64743630592513
test,30.0,39.038758749737774
test,15.0,30.850638351122264
test,68.0,59.347051513238966
test,42.0,54.63207057030721
test,30.0,38.52198381313909
test,50.0,46.332695567464675
test,63.0,51.80876972645642
test,44.0,46.25744053439913
test,63.0,50.82962426948462
test,44.0,46.01255384681679
test,36.0,17.564521403312632
test,54.0,58.015775747518425
test,54.0,40.20299849196747
test,54.0,34.9618372370272
test,38.0,31.002523671845378
test,63.0,57.99812834220532
test,61.0,57.33898718055323
test,38.0,39.72928937223362
test,15.0,28.26173206975983
test,46.0,49.51526121000672
test,68.0,57.954902458665515
test,34.0,34.9763315679061
test,61.0,57.181355737455284
test,36.0,37.680431066721304
test,63.0,49.720577044836645
test,46.0,50.929128243109
test,48.0,50.334883566209356
test,24.0,26.981852647313893
test,24.0,24.943147528622568
test,48.0,50.397647219127336
test,42.0,25.499591925099036
test,56.0,55.731601056488614
test,56.0,52.84469168757452
test,50.0,40.78002911367348
test,24.0,27.646542084695877
test,42.0,32.19322594378639
test,63.0,49.425398959442674
test,38.0,33.37354362863876
test,24.0,27.459558137089402
test,50.0,38.52080463822279
test,56.0,49.76581107081625
test,34.0,44.735144379031745
test,24.0,25.734060017042903
test,50.0,48.531646842371345
test,54.0,61.11576752977602
test,68.0,49.77051420771242
test,59.0,54.35610427005714
test,30.0,37.39050978183968
test,54.0,62.674159635412835
test,59.0,38.58943854866079
test,63.0,46.352552313698084
test,59.0,62.84208722107601
test,30.0,38.41798244826947
test,40.0,42.30981855515717
test,50.0,47.29703969930577
test,50.0,44.92845256773259
test,61.0,42.87330786197244
test,56.0,57.2457564170853
test,24.0,45.41126929869314
test,42.0,44.48077532098983
test,30.0,37.9382205618435
test,50.0,51.016386573673
test,48.0,54.886293658064446
test,24.0,25.479834066592304
test,61.0,58.87043094856174
test,54.0,59.07722960572366
test,68.0,57.041302422615075
test,30.0,38.587276467145394
test,15.0,23.405071142985836
test,24.0,20.996817834122194
test,54.0,63.10027423345488
test,48.0,55.78650910253878
test,50.0,49.92578388175432
test,44.0,40.52750671687108
test,36.0,48.757038925681634
test,48.0,55.51403225461262
test,63.0,48.3170291508801
test,42.0,41.48436458376371
test,30.0,37.75412518241467
test,59.0,62.9034480737142
test,46.0,45.80418109953315
test,24.0,21.74013458894171
test,50.0,49.097847120895324
test,38.0,34.194208988098595
test,40.0,44.99074963209348
test,34.0,32.03253851262383
test,34.0,32.8550761619738
test,54.0,40.16067033871107
test,15.0,21.32157574687882
test,18.0,14.011266448619658
test,61.0,62.3041862775761
test,52.0,55.522280025522356
test,68.0,57.79760902238057
test,24.0,22.44129269843052
test,34.0,35.33087624754451
test,34.0,35.58400676583949
test,36.0,34.22917162907388
test,30.0,39.87885566800573
test,52.0,31.85130844577921
test,18.0,23.96130823412018
test,59.0,38.94261476759769
test,50.0,49.57158730145122
test,34.0,40.6049341964323
test,68.0,50.42724682533725
test,59.0,61.53208076473851
test,61.0,57.46439622164001
test,30.0,37.07019261545482
test,36.0,42.238483914812676
test,68.0,59.02796960470216
test,40.0,46.41430629441001
test,34.0,34.5103262415359
test,15.0,30.752723515428933
test,61.0,59.376951959328245
test,56.0,51.808076205350915
test,15.0,25.504699186210264
test,59.0,31.589277223102794
test,50.0,42.44367787795776
test,63.0,51.29859877946555
test,18.0,42.25373532178207
test,42.0,31.034408855694995
test,56.0,51.39998446267852
test,18.0,58.65638643991574
test,52.0,54.75153693899132
test,59.0,56.56969491903628
test,50.0,47.836238785399516
test,42.0,42.495931213030794
test,18.0,28.880153232505513
test,48.0,53.280026577646964
test,36.0,44.5917553274226
test,30.0,40.24980931798913
test,56.0,57.12411963368942
test,52.0,43.361265416374856
test,50.0,57.40961730834491
test,50.0,53.88222810077639
test,50.0,40.24262288344617
test,50.0,53.286889566418665
test,44.0,44.644696170359026
test,30.0,43.047441927528766
test,36.0,25.469429827971396
test,50.0,46.82139535334893
test,42.0,39.90895394046076
test,48.0,49.69802890038841
test,50.0,53.1107410418076
test,56.0,56.415763790634685
test,56.0,41.53154111659464
test,59.0,59.26819812031125
test,24.0,22.296922349933848
test,50.0,55.46754419180991
test,56.0,49.392327247989115
test,44.0,39.50947876729995
test,42.0,36.517600846207344
test,59.0,57.365666477982664
test,36.0,46.41884417060104
test,38.0,44.4721454308767
test,24.0,28.3966379789294
test,59.0,55.181239414610715
test,38.0,39.26203015109341
test,30.0,42.0644368613589
test,44.0,49.579020375562855
test,44.0,44.735995088572416
test,48.0,42.887715548121506
test,61.0,59.59176889407946
test,63.0,36.71023093971806
test,50.0,47.78073759344595
test,42.0,39.46985732965708
test,50.0,51.29098528615715
test,46.0,46.836608314981376
test,44.0,44.96250075806251
test,61.0,56.88696487396718
test,52.0,57.9044858023984
test,63.0,51.03204135847811
test,34.0,38.46058697420263
test,30.0,38.87307651634144
test,48.0,53.73316156856484
test,24.0,25.64023070206234
test,30.0,37.587825580707836
test,52.0,53.04233302561417
test,50.0,51.21014846121357
test,24.0,22.8536924353583
test,30.0,30.753534347393895
test,61.0,59.023834125845475
test,52.0,52.54424883205603
test,54.0,63.672541629682684
test,59.0,34.870623786279765
test,59.0,59.970846980177555
test,61.0,59.635364392726984
test,30.0,25.048429114393628
test,63.0,34.36249129397649
test,63.0,53.97912494980234
test,52.0,52.13736155163207
test,18.0,16.884848477977087
test,50.0,45.787279918112816
test,48.0,40.51558575921085
test,34.0,38.83191811557147
test,36.0,48.616241212508704
test,18.0,20.23144502979572
test,36.0,53.31207459141545
test,48.0,54.62199265292695
test,34.0,36.46249661766034
test,63.0,51.43828095115846
test,50.0,52.62725595720521
test,36.0,22.806480723070088
test,36.0,34.75397836534928
test,48.0,52.89410886999373
test,38.0,42.17209290761629
test,24.0,25.29231889092236
test,46.0,50.68339596886307
test,61.0,58.9482740370717
test,38.0,37.00386621061003
test,61.0,60.09035985841084
test,46.0,41.448206516388964
test,24.0,26.99951846388279
test,50.0,49.24999466809267
test,61.0,57.70279985208598
test,63.0,48.08972533757555
test,15.0,22.398486644995685
test,56.0,54.740774947493776
test,30.0,39.17596003393364
test,68.0,58.744347271249914
test,44.0,42.25542326847504
test,52.0,55.119754836761444
test,52.0,51.9679991481907
test,56.0,50.35793091290858
test,36.0,23.146172147893076
test,30.0,36.070741132148605
test,59.0,55.973467634679984
test,54.0,63.13062742341985
test,52.0,57.41665754803141
test,38.0,38.21935044300037
test,15.0,29.218034837046527
test,56.0,53.686522058391716
test,50.0,49.86762469234081
test,44.0,42.06255562049607
test,68.0,58.16749862915377
test,61.0,59.63653831255044
test,50.0,53.35984612289833
test,42.0,46.49091409140102
test,48.0,50.64251761937137
test,46.0,51.58164189027147
test,61.0,58.291952073073986
test,61.0,59.066214058861036
test,24.0,19.189748581093067
test,24.0,25.721504667563984
test,38.0,34.94142822805787
test,18.0,21.746884271828108
test,42.0,43.38392525141681
test,18.0,18.25987290575722
test,30.0,38.18080633172794
test,63.0,52.04096646578108
test,24.0,29.048373392527868
test,63.0,49.3697288976051
test,56.0,54.2405338999586
test,68.0,45.00467393037873
test,56.0,53.24341545039955
test,61.0,57.27792923958858
test,46.0,48.31414306042991
test,24.0,25.497970037603913
test,24.0,23.505768795492994
test,34.0,31.706378485009374
test,54.0,65.1264239177537
test,40.0,45.369630168773554
test,44.0,43.31657597372518
test,18.0,23.822710021967577
test,18.0,20.446592136209496
test,34.0,34.03531947909196
test,36.0,47.5326348333858
test,61.0,58.40206424639518
test,18.0,18.39507002840129
test,24.0,23.01020624864626
test,15.0,47.93286836296948
test,50.0,47.823735210253034
test,30.0,38.245818960232114
test,30.0,39.937183305551365
test,63.0,53.117634041195245
test,34.0,45.661194774482915
test,54.0,57.94123586374307
test,40.0,43.00438538040625
test,30.0,38.614577387956594
test,61.0,56.63504951111804
test,68.0,46.023752020789054
test,30.0,39.72125264303532
test,24.0,23.417351609311908
test,24.0,28.247417122004254
test,30.0,38.397856757775806
test,48.0,49.14569757769641
test,15.0,28.079342831411623
test,48.0,52.60429096575522
test,34.0,35.795064736196494
test,34.0,34.39793593981488
test,48.0,51.82358135080532
test,50.0,50.28951159808897
test,15.0,29.076768714798447
test,63.0,48.36584558796216
test,50.0,41.1337313005223
test,24.0,23.75673106136421
test,48.0,54.232455460944344
test,46.0,49.048252029688456
test,24.0,22.384109748298695
test,50.0,47.46516564973001
test,15.0,32.907329566915706
test,63.0,51.01832673003663
test,36.0,47.923320434134915
test,40.0,33.703864996427015
test,18.0,19.491187227407035
test,15.0,25.740219694322143
test,30.0,37.891293088437635
test,63.0,41.92963083324617
test,50.0,46.77058340087301
test,52.0,52.02677028394112
test,24.0,26.351851419220914
test,24.0,29.131387312080854
test,63.0,51.97166441047846
test,56.0,51.96150204013784
test,61.0,59.25673753167117
test,30.0,39.05977235419603
test,63.0,47.82598414537963
test,42.0,41.241072720890905
test,38.0,35.209720195819635
test,59.0,56.62826797733621
test,63.0,50.52683203788228
test,50.0,49.330217093829326
test,56.0,56.43098775802395
test,50.0,48.814574124885574
test,68.0,60.209811069795336
test,61.0,58.52311565312167
test,40.0,47.27291750288091
test,24.0,25.00012804457773
test,42.0,45.125898590565306
test,68.0,59.116072678422775
test,50.0,49.3542457850983
test,50.0,50.74236358773774
test,44.0,40.398827305685224
test,40.0,36.96693758289737
test,61.0,48.80598771134465
test,15.0,34.01063513579038
test,30.0,38.903860560170145
test,63.0,43.68351961027496
test,24.0,22.578884582907104
test,63.0,53.5522334624987
test,30.0,38.63228869222296
test,59.0,42.74998896245817
test,46.0,45.83199593376937
test,30.0,43.639948389254734
test,68.0,38.63311009162007
test,36.0,43.31373080744628
test,61.0,57.10785286478214
test,36.0,50.360136876863315
test,30.0,36.25299224415709
test,50.0,54.405885751591676
test,15.0,30.133335714162165
test,52.0,50.777169009855136
test,56.0,54.69269594086508
test,46.0,51.365321782315455
test,50.0,44.97288444532254
test,68.0,46.54642921832836
test,50.0,54.63232162702871
test,18.0,28.42797895087462
test,42.0,45.67726713065852
test,61.0,56.67202511073578
test,50.0,47.86076974600411
test,50.0,35.25690398524785
test,61.0,47.72492667299136
test,46.0,50.75753835173399
test,48.0,57.36099704800665
test,68.0,51.499463424921416
test,61.0,58.41009619586674
test,30.0,38.888712186363804
test,18.0,24.08451282183794
test,48.0,52.288912515782414
test,52.0,54.20469981919756
test,44.0,35.76651969586223
test,30.0,34.51219834461911
test,15.0,29.135664866435675
test,34.0,38.84380464049778
test,46.0,45.36011925726551
test,42.0,41.12427748178934
test,30.0,39.97037077304503
test,30.0,34.732603534067266
test,24.0,24.1611020878444
test,56.0,52.013059191364974
test,38.0,43.75209407747336
test,24.0,23.74009915376445
test,50.0,52.341989684371114
test,18.0,14.978033861687845
test,54.0,33.83833015823771
test,44.0,41.813291306172594
test,30.0,41.46853891301899
test,48.0,46.43212043815489
test,59.0,57.221257739057485
test,24.0,22.540558479442637
test,44.0,43.17793702285261
test,50.0,49.82632315800214
test,56.0,52.487510824141665
test,24.0,21.121122742807792
test,44.0,44.638823313129166
test,18.0,17.552153802086202
test,42.0,23.69060331019777
test,38.0,44.16205179840431
test,46.0,47.606778250512214
test,54.0,65.93473701831905
test,42.0,41.64851560061599
test,59.0,32.050988006680356
test,38.0,37.04743929176267
test,18.0,20.459874091081208
test,56.0,57.42615353958887
test,40.0,35.308483049323115
test,36.0,12.548676481043309
test,56.0,57.828079612689045
test,36.0,43.279401635342715
test,44.0,38.53597396699598
test,54.0,59.23603885380322
test,63.0,49.79572255095079
test,38.0,37.67991497145487
test,68.0,60.01023385982218
test,61.0,58.73746781128539
test,68.0,59.39913795176557
test,18.0,15.702105807427053
test,50.0,49.916270786278986
test,38.0,38.12582581907226
test,56.0,52.411794485076214
test,48.0,49.47487232546549
test,48.0,44.755850315024134
test,36.0,30.12362722203128
test,61.0,59.569028477915836
test,18.0,18.581650522807713
test,50.0,48.949280952399405
test,34.0,30.267801227127695
test,24.0,30.414615454699778
test,52.0,49.67936222891231
test,50.0,52.51519276582968
test,56.0,59.60697507711294
test,24.0,18.413999518573917
test,36.0,29.42597731636661
test,44.0,41.72247075242126
test,42.0,43.52238298214791
test,42.0,43.8074059176835
test,18.0,25.25469927322142
test,36.0,19.977167167868714
test,38.0,47.471962583949704
test,36.0,47.09915747218663
test,34.0,30.805517045313014
test,68.0,59.47339167621718
test,50.0,55.02923830245737
test,24.0,31.443259942033595
test,54.0,53.76378440463748
test,30.0,38.644494469576976
test,30.0,39.89779850913374
test,54.0,56.9237869128169
test,63.0,37.333785991646465
test,34.0,49.06976225876164
test,18.0,19.222323619296553
test,18.0,21.65563342804036
test,54.0,60.8448073145
test,36.0,31.654353065268594
test,24.0,23.566149646055543
test,38.0,32.30397271657108
test,42.0,35.23817200612389
test,24.0,30.14329239088871
test,48.0,50.740961581913794
test,63.0,49.85661480522395
test,34.0,31.333616026412372
test,18.0,23.712014889639324
test,34.0,35.65287200557947
test,50.0,54.00753775982936
test,30.0,32.968801334081434
test,68.0,58.222725608015615
test,36.0,25.664814294882355
test,24.0,23.777191265533467
test,50.0,44.89121251414302
test,63.0,46.313124622577405
test,34.0,44.77551527245015
test,50.0,52.57149246364503
test,34.0,31.29626192384601
test,24.0,27.542534682651365
test,40.0,45.416578405888224
test,30.0,39.53196366551503
test,50.0,50.80818272255526
test,30.0,35.88732480644158
test,30.0,32.55952076483051
test,59.0,47.26229562397708
test,24.0,23.021934434308463
test,30.0,36.49924907958655
test,30.0,46.32191711718875
test,44.0,42.07290407190808
test,36.0,31.913975417381312
test,63.0,51.36374921720145
test,61.0,58.76995811916379
test,38.0,32.255331414840356
test,59.0,58.94192297358276
test,18.0,24.978951500160854
test,24.0,20.185149410640115
test,68.0,59.91254106150419
test,54.0,50.019934206926465
test,52.0,35.71069393865652
test,56.0,43.26800514319361
test,42.0,32.28039971413125
test,42.0,37.587737563747154
test,50.0,54.489841247732855
test,38.0,35.485389970181934
test,59.0,45.723966299774695
test,30.0,29.196043901015827
test,34.0,31.330086968328377
test,15.0,34.73306486443627
test,46.0,45.635063401512845
test,61.0,57.33012261848976
test,18.0,34.34444388069555
test,44.0,39.23614617510585
test,36.0,49.451153540789775
test,63.0,37.21949831798545
test,36.0,29.113643154863915
test,48.0,56.46204263168431
test,42.0,42.584216403600614
test,61.0,61.624715154203905
test,34.0,35.49854677038582
test,18.0,28.57225507486585
test,18.0,20.237955243239135
test,46.0,48.38196997909195
test,30.0,43.31327728315163
test,18.0,23.4093372574295
test,24.0,16.79786252045807
test,24.0,21.50707548455768
test,44.0,39.74690356185046
test,46.0,45.29750729146948
test,24.0,23.026193725739624
test,61.0,55.978872119461954
test,52.0,49.58709571264599
test,24.0,25.905677808700567
test,68.0,59.101796830138575
test,30.0,33.92886762402717
test,59.0,42.687660595727834
test,24.0,24.793194314612354
test,56.0,52.357072470698164
test,50.0,42.91878691785421
test,30.0,36.41988619752716
test,18.0,18.459471108142377
test,24.0,26.72949490210964
test,44.0,47.262527815753565
test,46.0,45.951424061470114
test,52.0,44.28742973530564
test,15.0,32.58360328863188
test,63.0,53.11891041833088
test,63.0,52.44430182209361
test,18.0,16.10613527699791
test,54.0,46.1769168397916
test,61.0,58.67029605626557
test,44.0,43.43497941916939
test,24.0,27.214942593086356
test,24.0,27.03981535130055
test,18.0,32.55178134110756
test,61.0,58.35854527409612
test,30.0,36.321530683780495
test,42.0,37.188616611845646
test,68.0,59.55895286927004
test,63.0,49.76197862924499
test,30.0,39.7708081559054
test,24.0,26.292057791729597
test,40.0,48.38914666060624
test,44.0,42.84502534615831
test,24.0,25.653772172157822
test,18.0,16.438873126285205
test,15.0,29.792000028418762
test,48.0,51.65281157159649
test,48.0,54.02310518001846
test,24.0,22.884180781689686
test,46.0,50.923501520384576
test,59.0,61.54070952396171
test,15.0,28.700361291450648
test,30.0,29.631976778431877
test,48.0,54.45343796610251
test,48.0,55.24830969337509
test,61.0,50.16461995584526
test,46.0,46.79694803728513
test,30.0,35.516989026496084
test,56.0,54.27648208583423
test,38.0,37.89825417680332
test,34.0,35.1839061618033
test,42.0,43.80214860481989
test,44.0,41.368185109165324
test,44.0,43.37772992720172
test,59.0,60.356525017890675
test,24.0,25.069352020984624
test,24.0,22.98569968337234
test,56.0,54.860745874795505
test,59.0,39.35463705573808
test,15.0,47.388624321870886
test,61.0,58.150804684577025
test,52.0,52.73307374325722
test,59.0,52.52201309513739
test,54.0,60.83172051370377
test,50.0,40.08756631002085
test,38.0,38.330066426101766
test,63.0,50.29551442468427
test,15.0,37.039539171661914
test,63.0,50.546842014123854
test,24.0,23.14970912790841
test,56.0,50.37513738233039
test,24.0,22.366727410632414
test,44.0,40.943510934781976
test,44.0,31.693981000286843
test,24.0,28.450635465930862
test,63.0,49.54663391160123
test,24.0,26.069450367679057
test,46.0,45.43281107669835
test,50.0,51.251424719208636
test,18.0,23.298709957383068
test,50.0,52.180512862416215
test,63.0,50.16326201913408
test,61.0,59.74822629407828
test,50.0,49.968770454165586
test,54.0,61.934070508626306
test,54.0,57.09595443746712
test,36.0,28.108239242994273
test,36.0,28.259124330341777
test,38.0,57.07770705155951
test,56.0,56.596828711427406
test,61.0,57.98301523895422
test,63.0,53.509360087304174
test,61.0,58.878946173394674
test,24.0,23.16580954687781
test,44.0,44.161117498545266
test,34.0,33.99366555895908
test,44.0,42.42793803589587
test,48.0,55.159247339657654
test,44.0,43.706085299237394
test,63.0,50.58312719393675
test,18.0,15.194950223700875
test,63.0,43.93388356720173
test,36.0,43.4011104989693
test,38.0,35.96541125543205
test,15.0,23.872691467780772
test,48.0,51.55363683933532
test,52.0,56.07430121114312
test,18.0,22.063601199398274
test,15.0,23.24282722209226
test,68.0,58.15402308545481
test,42.0,35.9447336002905
test,18.0,12.974369579845273
test,59.0,49.69032434711724
test,68.0,35.151369004026066
test,56.0,46.47191442682529
test,24.0,22.863279974920385
test,68.0,58.45878251932507
test,44.0,42.62686391500556
test,30.0,37.81438165020487
test,59.0,40.55206013590613
test,68.0,59.09179370961654
test,44.0,34.259437692400404
test,59.0,56.5964101647353
test,50.0,32.688162557667184
test,24.0,25.89169954950944
test,50.0,56.84330982236196
test,36.0,29.411979120985592
test,44.0,41.779096610917136
test,56.0,48.47991152277517
test,61.0,56.5704831514678
test,24.0,29.914784115699604
test,50.0,29.80164312839024
test,24.0,23.30633868471709
test,30.0,40.753546143037454
test,46.0,46.90796081347919
test,50.0,56.16135372358097
test,34.0,35.446844284973835
test,50.0,52.94213915599251
test,44.0,42.1211170936183
test,34.0,33.86429975881808
test,18.0,47.647624688876064
test,52.0,49.88693100426534
test,63.0,54.367093241402685
test,42.0,38.261854771228336
test,54.0,48.44817185620931
test,54.0,61.59510568969242
test,15.0,24.533427275678882
test,44.0,43.43557883257877
test,30.0,41.2812914424121
test,54.0,61.600237481169756
test,63.0,50.124223473200935
test,24.0,26.96439735623828
test,38.0,52.3195862116966
test,18.0,14.07943293873921
test,61.0,41.813599872007494
test,36.0,46.890400439326534
test,56.0,51.73525828972332
test,46.0,50.122530814489
test,15.0,32.26279561390089
test,24.0,22.638412841566407
test,24.0,21.663754758528658
test,68.0,58.590931227094586
test,54.0,65.39438059583888
test,68.0,53.113974071237514
test,34.0,43.02763605195471
test,34.0,48.41624952640471
test,30.0,36.60292505146504
test,52.0,52.07160068474887
test,56.0,55.84700555660291
test,63.0,43.55266367380703
test,24.0,23.495216622986277
test,59.0,57.95376208386995
test,38.0,35.28414783110674
test,59.0,45.57211641557911
test,48.0,49.7644809403642
test,46.0,49.770333427365486
test,15.0,41.818590594925766
test,30.0,38.16315373243556
test,34.0,35.66478062253395
test,18.0,28.979029453975265
test,48.0,54.10655927612367
test,48.0,42.163791225306994
test,18.0,22.40383851300793
test,56.0,56.173356227935
test,54.0,56.9703581203684
test,24.0,27.175228942774822
test,24.0,25.787326718865465
test,18.0,28.38540961238151
test,59.0,60.573544412245184
test,68.0,58.86813127773537
test,61.0,59.794261537086065
test,24.0,24.317541840070213
test,30.0,37.64815828810205
test,18.0,25.94334158838884
test,54.0,63.662916086294494
test,61.0,61.3942301644295
test,68.0,46.28361760349018
test,38.0,38.89276697083891
test,36.0,37.49052691227055
test,63.0,49.6460202410148
test,18.0,21.338718907681287
test,52.0,45.52850398604649
test,18.0,29.35665449202194
test,54.0,52.2690296694681
test,42.0,40.26627576375084
test,18.0,21.24898257203044
test,52.0,43.196927825606586
test,30.0,37.560101500560314
test,15.0,31.2029837970026
test,34.0,38.30518656416982
test,48.0,51.312010020299766
test,46.0,44.62681835082875
test,38.0,37.67778793068456
test,48.0,51.443167242271755
test,48.0,51.302590456166854
test,50.0,48.92282353389779
test,24.0,25.48027696033487
test,24.0,22.02175641820148
test,34.0,31.47416870541737
test,30.0,34.2323249639406
test,68.0,60.29756629687382
test,61.0,57.53285227318503
test,24.0,27.897705291583186
test,63.0,47.16255652681644
test,30.0,41.029324574132765
test,52.0,52.13071480199307
test,59.0,61.079000273593756
test,48.0,50.898621246915766
test,24.0,23.119671329398734
test,59.0,56.71495506541902
test,59.0,61.90317123376698
test,34.0,33.59310610778084
test,44.0,44.60753708674702
test,15.0,22.891452622381713
test,30.0,35.155341216352255
test,46.0,45.907337376992565
test,36.0,48.02704418800903
test,36.0,39.11539917906681
test,63.0,50.284132696720945
test,54.0,62.492832861126345
test,24.0,30.249480452035517
test,56.0,51.576610679780444
test,24.0,23.043546417018113
test,59.0,60.01380237525978
test,52.0,54.75774343298296
test,24.0,23.563847584908366
test,61.0,59.85097523970184
test,15.0,30.514608159307684
test,63.0,48.552735048006724
test,36.0,18.55367531584242
test,40.0,42.20503017548134
test,30.0,41.87839962961633
test,50.0,48.89127277624178
test,42.0,41.06237285615765
test,34.0,32.634959399289286
test,68.0,51.7048236772501
test,52.0,55.41067769725512
test,50.0,49.059011490062346
test,48.0,50.96054379617516
test,54.0,58.054947411406715
test,42.0,45.99727624798153
test,44.0,49.60148267562444
test,38.0,33.88752029220574
test,59.0,42.87558821982202
test,56.0,54.16817432518171
test,56.0,57.581282009581045
test,40.0,45.43221967200532
test,24.0,25.43341998560548
test,40.0,42.71907219993181
test,50.0,54.62695597855559
test,59.0,47.44222044216603
test,44.0,41.39987708560793
test,63.0,52.05342666997943
test,30.0,32.76021285331417
test,30.0,42.11520589643226
test,40.0,45.39229048786652
test,48.0,54.555391045266866
test,54.0,59.55376912618127
test,40.0,44.322861659068124
test,24.0,27.183114423629195
test,42.0,49.184316216638706
test,50.0,37.409228362801855
test,50.0,49.07018565220391
test,61.0,61.93027806491628
test,24.0,24.80652188191266
test,61.0,59.667336674682716
test,46.0,45.84965087931623
test,59.0,45.42895582062176
test,50.0,54.88819707945469
test,24.0,26.351935201511647
test,54.0,62.37330631050972
test,40.0,42.79386277665184
test,48.0,54.40492033317999
test,24.0,26.656054361936093
test,59.0,58.659458192514236
test,34.0,32.50440853902789
test,48.0,51.86680779747948
test,56.0,55.382343730005985
test,34.0,45.43555451606903
test,59.0,59.20235829775558
test,42.0,41.700978916064685
test,50.0,35.00848860333786
test,61.0,57.85008665421411
test,52.0,54.75770957907279
test,44.0,41.522526033457744
test,36.0,44.84906988650988
test,24.0,24.474168863339536
test,34.0,37.1192452355874
test,46.0,44.03176170947264
test,68.0,57.85326005867525
test,46.0,49.115594824332376
test,24.0,40.73459574238294
test,46.0,50.263968234982066
test,36.0,41.4587155735475
test,38.0,44.86190824381308
test,18.0,15.84818704161128
test,61.0,58.72816857981068
test,30.0,38.2852500456912
test,52.0,52.192263393621836
test,34.0,30.115978183479662
test,36.0,31.078982921054646
test,18.0,20.15771031749761
test,24.0,21.31249265218345
test,59.0,60.90349603876974
test,59.0,50.559413907943615
test,50.0,51.81099900882001
test,48.0,54.74373233128468
test,24.0,18.593516298831776
test,15.0,29.83117501566621
test,48.0,51.17687039498773
test,61.0,59.357308087337955
test,46.0,47.44506500989607
test,48.0,40.70650830414834
test,24.0,25.48736972680663
test,42.0,34.08325042829603
test,59.0,58.077717409869706
test,36.0,37.785661180984434
test,30.0,38.81025765116503
test,54.0,62.11438887770687
test,63.0,50.41318935925006
test,15.0,26.587312594031978
test,18.0,14.290965147716022
test,63.0,50.24637716730469
test,61.0,57.42163060571862
test,50.0,48.412966387356214
test,18.0,25.7353143941353
test,30.0,41.52086196831984
test,63.0,52.235300496409835
test,63.0,45.987702458070295
test,59.0,42.77903299571115
test,34.0,34.97703516397238
test,18.0,26.199024770711354
test,54.0,59.2298389512678
test,44.0,53.34620688208757
test,18.0,18.99349394012057
test,24.0,26.256163911842535
test,50.0,37.91543999088639
test,42.0,38.79674004832624
test,30.0,39.94431939114206
test,48.0,54.28006494031116
test,61.0,59.59701369994012
test,48.0,55.70632968154671
test,52.0,50.34180102587332
test,48.0,53.30849036795439
test,52.0,55.08696368476894
test,61.0,58.00572894500333
test,40.0,41.98783605975826
test,48.0,54.9257964637499
test,59.0,50.37999820425061
test,42.0,36.624819685008546
test,30.0,38.254525964889595
test,61.0,57.49317411679062
test,59.0,61.61356927375459
test,18.0,26.613592261602772
test,63.0,48.93499636735814
test,15.0,29.321021043593944
test,24.0,29.71558775041732
test,50.0,50.815613791754316
test,61.0,60.51171648373288
test,61.0,59.64023348500467
test,30.0,33.90437128325004
test,42.0,42.076433116189165
test,50.0,51.872453815459764
test,59.0,59.706815504012205
test,61.0,60.47075532658425
test,42.0,40.1096062725369
test,54.0,62.24449077724354
test,46.0,43.61921046542978
test,63.0,55.14706636409762
test,68.0,61.061037677065876
test,15.0,28.96948123327997
test,36.0,23.64946748176515
test,46.0,50.249617698415534
test,68.0,44.852239235932856
test,68.0,57.26371411363803
test,63.0,50.31795487877416
test,36.0,41.07452744659513
test,44.0,38.49630384769188
test,59.0,61.37840104702264
test,34.0,34.86461552481843
test,40.0,46.13274180239518
test,59.0,62.30055609790865
test,46.0,49.9553572882119
test,24.0,25.50595112754642
test,30.0,44.008478828577935
test,18.0,15.634896702610192
test,24.0,22.434665011555488
test,50.0,57.39587226519554
test,30.0,39.91299403795765
test,52.0,54.93134594052937
test,63.0,36.09102306837497
test,36.0,39.14779836397733
test,18.0,37.699523564186016
test,44.0,38.837315385002206
test,44.0,44.879015633303766
test,48.0,51.782909409664605
test,48.0,51.633262512445995
test,68.0,56.51777239200068
test,50.0,54.35525206926659
test,68.0,59.96604651473096
test,56.0,56.70511625456123
test,56.0,51.18296681323167
test,34.0,31.00922744689647
test,54.0,40.17280192504032
test,34.0,32.538029480543685
test,24.0,17.20669358073004
test,34.0,33.70411509912168
test,61.0,50.39537433118422
test,59.0,59.82778493644647
test,46.0,49.71825867678247
test,63.0,51.13872893883692
test,68.0,58.57708259756268
test,63.0,47.661537094669015
test,24.0,26.06439754627999
test,24.0,20.771537578111957
test,42.0,43.781853256149695
test,50.0,55.02938983439348
test,18.0,28.672089500028697
test,52.0,41.37512052777444
test,50.0,53.2960781218328
test,48.0,50.59201727048338
test,44.0,39.07677852459435
test,54.0,58.454014890131916
test,38.0,35.895500559850674
test,18.0,19.52481744819303
test,63.0,45.49016395386648
test,50.0,58.213410760759885
test,24.0,21.73483818612262
test,61.0,56.75056067323882
test,18.0,19.595694628974492
test,59.0,60.844960226499325
test,36.0,44.74278642664672
test,24.0,19.113834478266877
test,44.0,46.90632778371122
test,68.0,62.267523565924165
test,52.0,32.77225649322677
test,24.0,24.511334825422036
test,68.0,54.924438952268254
test,56.0,56.38200602342939
test,44.0,41.29773379235588
test,48.0,52.625023001855695
test,56.0,55.704663037375134
test,54.0,63.00011813016711
test,50.0,51.44544861100764
test,61.0,57.088258666707176
test,63.0,60.85796997826289
test,52.0,52.21168719128005
test,68.0,57.82897508360191
test,36.0,38.65208853483665
test,50.0,33.36904210461373
test,59.0,62.61927435694143
test,68.0,60.18046464926573
test,36.0,33.79389174210769
test,38.0,37.764689599107065
test,46.0,50.17931281262906
test,56.0,53.878624737229636
test,61.0,58.44068211773051
test,50.0,37.70017899814343
test,48.0,45.83579526055829
test,34.0,52.40268290590633
test,30.0,38.2622072428598
test,52.0,53.01562211025022
test,56.0,56.873456832928866
test,54.0,57.70982846032256
test,61.0,60.85907376824254
test,30.0,35.60301138339032
test,30.0,38.346463202628044
test,44.0,46.07968782253988
test,42.0,39.61350776213273
test,42.0,38.06230437854056
test,24.0,24.69303241861954
test,46.0,47.13881053267576
test,15.0,30.24084401050755
test,52.0,50.59619599773296
test,40.0,32.44250088851901
test,18.0,14.817875644899107
test,18.0,16.94254037468916
test,24.0,23.637947126187882
test,68.0,58.27637048167272
test,44.0,46.78437236853948
test,59.0,48.17477654869541
test,38.0,37.08489427075697
test,34.0,34.1280203711559
test,46.0,46.252674143922405
test,48.0,56.13027199527127
test,24.0,24.315821377717086
test,61.0,56.44317772146788
test,68.0,57.802810023429274
test,30.0,40.59525176381755
test,50.0,50.53273270122233
test,38.0,39.7602670811686
test,24.0,21.524695293996853
test,30.0,51.67747886470194
test,52.0,55.163815858838284
test,50.0,55.831697612550656
test,38.0,33.76857128707532
test,15.0,26.786958242488577
test,61.0,59.39592068135663
test,68.0,57.53745093196553
test,68.0,57.89601864365699
test,50.0,49.52579039126966
test,56.0,52.029414713622444
test,61.0,56.65831061296326
test,18.0,21.19787722644579
test,50.0,48.02838577283673
test,59.0,59.745192835827815
test,59.0,60.22308630196149
test,46.0,47.83580968267047
test,63.0,49.68054878539685
test,59.0,46.85031813130483
test,68.0,58.670828773211724
test,40.0,45.75753416661979
test,42.0,49.60449654471728
test,24.0,26.698003579033795
test,38.0,44.94602530171386
test,24.0,26.29206819074054
test,30.0,39.72573028291866
test,46.0,49.14041487293113
test,24.0,24.85831857782216
test,59.0,56.56580061063906
test,54.0,44.90337142255159
test,42.0,39.333665378539095
test,38.0,34.684505243853565
test,44.0,43.820336944138354
test,59.0,57.33536609529586
test,46.0,45.827545400229134
test,54.0,63.426881390114126
test,24.0,26.28858077805979
test,44.0,37.60907116776514
test,50.0,13.205346562856597
test,61.0,47.439507884125334
test,42.0,49.73023336232913
test,59.0,51.41738783216756
test,68.0,59.664400121921936
test,56.0,55.67302787895692
test,50.0,54.15859822312751
test,38.0,33.74017549502469
test,46.0,41.423073815063894
test,59.0,59.42184422527022
test,52.0,48.25953429435758
test,48.0,48.882087576714504
test,36.0,22.612965981669493
test,54.0,61.652845402816496
test,30.0,42.14631460227399
test,38.0,36.10557291468236
test,56.0,52.36653440692146
test,59.0,58.66025433297526
test,46.0,48.65766383163585
test,30.0,34.964248017717104
test,42.0,45.39230312120528
test,48.0,54.04900406562818
test,48.0,53.877369295815676
test,42.0,44.13823424915264
test,15.0,47.21876224384219
test,30.0,40.34010130820714
test,44.0,43.17531002981649
test,34.0,39.424271944638654
test,54.0,60.90290545817284
test,61.0,57.4450613962167
test,46.0,49.14870528606159
test,48.0,54.5502771135733
test,59.0,59.761842123231496
test,48.0,43.81693958253729
test,30.0,47.8178693691387
test,36.0,42.109297525394915
test,50.0,40.21270901384062
test,24.0,20.91149156243911
test,24.0,20.153247498307728
test,63.0,52.821503453750914
test,61.0,58.50335124943698
test,15.0,27.109609240134347
test,63.0,52.176654821590006
test,15.0,27.529245980924788
test,50.0,49.349380104965924
test,30.0,38.81824076005597
test,30.0,36.70440912410338
test,46.0,48.94367796739954
test,54.0,61.467758075598745
test,44.0,40.82188483913066
test,30.0,37.70117200405474
test,54.0,60.34480847683699
test,52.0,46.932187314736204
test,36.0,26.323040086381255
test,44.0,45.33366326332284
test,59.0,44.271726051138415
test,63.0,50.52713502636291
test,48.0,51.12568876858499
test,68.0,60.70014927217194
test,44.0,36.54972283247319
test,54.0,62.58148911523392
test,15.0,26.88853013340015
test,15.0,23.562271241384167
test,59.0,61.93392135425741
test,46.0,49.95188504025986
test,56.0,50.19414626128687
test,68.0,55.59136089472503
test,24.0,18.423942218366907
test,54.0,61.9604620246491
test,18.0,16.010484870313924
test,50.0,49.80350669573232
test,24.0,23.952346430564607
test,30.0,38.9505064125503
test,34.0,41.17591793445999
test,52.0,52.94184138957006
test,68.0,55.73723762339068
test,46.0,50.172467363524106
test,44.0,47.5231593592539
test,54.0,51.95459034858639
test,36.0,39.88755823819102
test,68.0,58.80723973201271
test,15.0,28.520009144768874
test,59.0,41.59815963782639
test,34.0,44.953926387189334
test,24.0,26.252119678186382
test,48.0,54.28841180669252
test,50.0,40.36147006555134
test,24.0,24.205236993855134
test,15.0,30.32455141381659
test,63.0,47.84672180609577
test,59.0,61.3869369807654
test,42.0,45.31621182672989
test,30.0,34.89647280157042
test,68.0,59.820575648786594
test,40.0,43.23156816907078
test,42.0,42.3711671468593
test,46.0,40.8215678500478
test,48.0,57.22953834423596
test,63.0,52.96362189764753
test,50.0,50.01785163319663
test,38.0,33.7437574847975
test,38.0,51.25475862566257
test,46.0,46.82424382963523
test,40.0,45.644884965563534
test,50.0,57.76390723456263
test,24.0,21.289474332448766
test,24.0,28.432164812268297
test,44.0,40.09056101036594
test,36.0,39.55615825225944
test,46.0,44.96688494991685
test,59.0,49.603857727778056
test,24.0,19.326169571764673
test,24.0,19.465567674161903
test,24.0,23.683643777774645
test,63.0,47.53064329900338
test,61.0,58.38254791800614
test,30.0,35.26400645362276
test,40.0,34.234445344439436
test,52.0,52.501340615308735
test,30.0,33.95337176051177
test,56.0,55.0372998215925
test,50.0,51.90140788738576
test,24.0,23.99174738585505
test,18.0,41.32726794557963
test,68.0,59.646963719109195
test,24.0,28.455428934923795
test,42.0,37.098346165330945
test,48.0,43.759547475223904
test,40.0,40.99835858183476
test,61.0,60.08090798250585
test,36.0,31.07402773106167
test,36.0,36.87195441761021
test,59.0,60.08907414667829
test,44.0,49.891353992209496
test,59.0,59.489634228461284
test,42.0,26.768114959308562
test,61.0,53.2832873199344
test,61.0,59.69695523409339
test,40.0,42.01863783488829
test,56.0,39.119718349489204
test,18.0,20.812003554696698
test,68.0,42.604907007055914
test,52.0,53.709672225257385
test,63.0,50.03689684654095
test,24.0,32.46143518901779
test,44.0,46.386408699530094
test,54.0,58.027975205333426
test,18.0,23.900679437893842
test,24.0,20.063575434915677
test,68.0,58.93996661065323
test,38.0,32.197185800113246
test,46.0,53.595120804077766
test,63.0,52.36223303913548
test,46.0,48.15062665786273
test,52.0,56.16410865243982
test,54.0,42.648583252424224
test,59.0,33.22974773836948
test,56.0,54.865353536553926
test,30.0,46.5719602257887
test,42.0,31.06621617835379
test,56.0,53.04281628627211
test,40.0,45.51892463998052
test,59.0,63.44941009278955
test,36.0,24.904312245020016
test,36.0,24.181086946425676
test,24.0,27.793950783319527
test,24.0,24.291899148788872
test,50.0,55.527614362932916
test,40.0,46.702505688373336
test,63.0,48.30798781083902
test,44.0,41.68911059600499
test,38.0,35.028969354909435
test,15.0,36.008292713446195
test,44.0,46.90368264571024
test,38.0,33.04830586654601
test,50.0,47.07173824807003
test,24.0,23.159392503249705
test,50.0,56.47931693865407
test,52.0,54.142132177024315
test,56.0,58.02198238763054
test,30.0,39.27143511154708
test,50.0,47.827902978985904
test,52.0,54.212829770284856
test,34.0,45.88025030702826
test,30.0,36.85060683486384
test,50.0,57.78904168826827
test,68.0,59.09720087970835
test,44.0,42.44766439347005
test,54.0,59.31895748979517
test,38.0,47.470335726333175
test,61.0,57.63104230578564
test,34.0,42.264452070978564
test,24.0,24.498149627802473
test,50.0,54.48272024836517
test,34.0,35.00587175908175
test,56.0,47.01715197916987
test,48.0,51.52506801070493
test,50.0,52.06344211774393
test,68.0,60.88435897762872
test,36.0,42.43204581765383
test,59.0,37.933059731568605
test,56.0,53.74225066070688
test,44.0,44.1115076941994
test,61.0,60.501322709685
test,15.0,45.19242463160396
test,68.0,50.051999748031456
test,48.0,52.10339822532639
test,36.0,39.99621221384277
test,36.0,46.84829195521847
test,30.0,39.81272993610102
test,52.0,51.91524844366317
test,30.0,36.915665440913315
test,46.0,48.38478280190082
test,24.0,19.220597953698583
test,36.0,47.823583541477475
test,42.0,38.063991595080886
test,52.0,54.07531034574146
test,15.0,33.12376246697666
test,68.0,59.547385941172486
test,52.0,50.157497154782426
test,48.0,53.436327759202044
test,61.0,58.12866656834801
test,36.0,24.73512042109502
test,36.0,47.76017618415179
test,48.0,50.46526081336288
test,63.0,51.93376687126408
test,61.0,33.10394554068715
test,44.0,42.31276078795446
test,54.0,56.935723464439434
test,61.0,59.445511397750806
test,54.0,60.62938825073925
test,50.0,35.35400163563608
test,52.0,51.3768372230931
test,34.0,34.433695353137594
test,42.0,34.305915811764805
test,68.0,59.09211884240856
test,46.0,47.35612171942876
test,59.0,57.43262688982152
test,68.0,57.461945193476105
test,61.0,58.11459147324794
test,56.0,56.084124165129836
test,52.0,41.40552939968075
test,34.0,35.22991505330761
test,18.0,29.6219912084748
test,40.0,37.437966587135286
test,44.0,44.65395786686312
test,44.0,48.36233680689388
test,56.0,54.695080398610685
test,38.0,34.099391766627974
test,46.0,44.44484768734038
test,50.0,56.541315694775214
test,48.0,51.15893848346522
test,48.0,49.232232701667776
test,18.0,20.715755538793214
test,59.0,29.123587622215638
test,56.0,54.75170737364317
test,68.0,60.820269615460056
test,36.0,43.59798231173157
test,68.0,60.07220144091333
test,63.0,50.79690132518544
test,61.0,58.6745788379531
test,38.0,38.66044054632809
test,46.0,48.69477767362241
test,24.0,26.461252712302034
test,56.0,55.22728135104355
test,24.0,17.49883001308099
test,68.0,59.053428567576596
test,30.0,46.505291429485844
test,15.0,34.74167968536657
test,68.0,55.5691624733656
test,50.0,50.58763894449712
test,63.0,61.502302174138556
test,36.0,30.252087424852874
test,30.0,36.273229557386955
test,68.0,55.9639387453482
test,59.0,35.437557464671116
test,63.0,50.90608841375426
test,50.0,52.14180240817484
test,56.0,53.0181614000476
test,24.0,26.284307943648304
test,24.0,23.11986942782551
test,38.0,43.30503862261443
test,63.0,51.107622458173054
test,61.0,58.56787970261832
test,68.0,46.76534858015496
test,52.0,50.9859695271095
test,54.0,57.6273908249204
test,52.0,52.23024530060866
test,59.0,28.561043423422333
test,61.0,60.13595372950233
test,56.0,38.44390341012991
test,40.0,41.489839462016675
test,54.0,61.61501836979545
test,44.0,44.696438262149385
test,15.0,26.72484307263059
test,36.0,39.64394728905359
test,36.0,48.88110927346936
test,24.0,21.232240698104615
test,63.0,52.24374122153389
test,44.0,41.91333963848704
test,15.0,44.51604725260763
test,15.0,27.080558016490524
test,56.0,49.70545716500776
test,52.0,50.97370954109067
test,48.0,51.609043989764416
test,34.0,45.20139353699751
test,15.0,45.847469469768626
test,44.0,44.150183164541474
test,61.0,59.519833096523264
test,61.0,58.821763658889466
test,18.0,21.873567863613836
test,59.0,58.79909967195563
test,36.0,31.004184608477104
test,15.0,22.46898942060244
test,30.0,43.116971064213516
test,56.0,54.52602435557335
test,56.0,54.81029604782901
test,50.0,51.719581694704864
test,48.0,50.370736075912944
test,30.0,37.019501001423144
test,30.0,42.64410413679498
test,63.0,48.27061153392168
test,36.0,44.445777963234214
test,61.0,57.42270439771184
test,48.0,54.819151483967396
test,30.0,38.37896065788788
test,30.0,38.270660262190034
test,61.0,60.32160089184367
test,24.0,24.399410553356578
test,24.0,26.730362477219796
test,30.0,37.47464401336097
test,15.0,25.80526152877957
test,24.0,21.503039802852392
test,36.0,30.74127802694789
test,44.0,42.59773632424512
test,34.0,29.9987268996407
test,68.0,48.98322351840606
test,34.0,37.82230448278427
test,68.0,40.460301733869365
test,52.0,54.35634402168558
test,24.0,19.98809729530598
test,34.0,27.14091989678592
test,59.0,61.08208057428691
test,44.0,43.94574448715908
test,68.0,57.350135572945916
test,38.0,32.78968543330047
test,34.0,38.13117697359751
test,42.0,37.17730849233285
test,24.0,23.13702270700611
test,68.0,60.20159409739326
test,44.0,44.88111152600591
test,54.0,59.56704177783759
test,34.0,43.33109738079458
test,61.0,53.50729856367559
test,30.0,35.85875120839687
test,56.0,52.42501091751369
test,38.0,39.503896138332685
test,46.0,47.54737761369705
test,24.0,22.23041252589493
test,59.0,44.9852757066076
test,50.0,49.38587073742022
test,54.0,61.38412274673966
test,61.0,59.0663522061262
test,44.0,42.434360530603776
test,34.0,33.26578492519454
test,52.0,41.58757705090623
test,46.0,53.79367618932706
test,61.0,56.247006395178055
test,50.0,51.30026369469194
test,30.0,49.27292924271743
test,63.0,51.57427385247881
test,68.0,58.86372624191685
test,50.0,45.21094093398644
test,52.0,54.347780280986846
test,59.0,60.878731398692324
test,59.0,58.031719460783734
test,50.0,55.55627367349335
test,30.0,38.31450017949567
test,38.0,47.897795270132974
test,44.0,42.51201237091552
test,38.0,45.082975398114414
test,50.0,54.82748455374795
test,50.0,44.87361507930361
test,30.0,39.35639054619017
test,38.0,37.38767722363771
test,50.0,53.7396282399781
test,48.0,52.6234145718176
test,61.0,59.21502384862172
test,18.0,16.156858518631182
test,59.0,61.11352617518517
test,30.0,39.40026820358507
test,30.0,34.636105555860425
test,38.0,35.23654430424334
test,15.0,28.546759703866844
test,52.0,36.153297802512796
test,59.0,59.73007688016336
test,18.0,42.00110007023973
test,56.0,51.18661538607715
test,30.0,32.281584296953724
test,50.0,48.1824451600557
test,30.0,44.63442713217574
test,59.0,58.971191306808564
test,63.0,53.73178045695537
test,61.0,57.190489848720965
test,40.0,47.075063456244344
test,38.0,46.009208888282835
test,54.0,39.559530042454305
test,68.0,59.496964575351875
test,40.0,46.21898589703331
test,68.0,59.42552430430847
test,46.0,48.55376607800558
test,30.0,42.00906572324543
test,30.0,33.85449063132425
test,61.0,59.67109312034781
test,38.0,37.769442699296214
test,18.0,31.330698566803235
test,40.0,43.07616615393838
test,18.0,19.597080460712817
test,56.0,52.26552163510382
test,44.0,43.68072387954152
test,56.0,57.638011298914265
test,48.0,52.92709468389059
test,42.0,40.37935614636727
test,15.0,33.13002171750492
test,59.0,28.220645548305086
test,61.0,55.02371654767434
test,42.0,44.470715111004154
test,24.0,24.383362701321193
test,36.0,27.826033314724903
test,68.0,44.097313490299406
test,38.0,37.163802916204006
test,59.0,41.63770778447057
test,50.0,47.7922301805512
test,18.0,15.96686971311216
test,42.0,43.101845606081795
test,56.0,58.23211890032465
test,34.0,35.32887143409675
test,42.0,36.326872738868076
test,63.0,44.763813025695
test,15.0,28.62450290140196
test,30.0,37.76144939347373
test,24.0,22.799884861439793
test,54.0,59.87480607076813
test,63.0,46.083758926220035
test,59.0,48.78900042319003
test,15.0,33.40044086050751
test,38.0,38.992179642542425
test,40.0,45.1606937242363
test,56.0,52.944806126528306
test,30.0,39.944407382429944
test,61.0,58.09542581207718
test,59.0,58.87847586993652
test,44.0,40.18903578709792
test,40.0,43.2938143052451
test,30.0,34.810063008459494
test,50.0,50.14083087048064
test,24.0,19.50552750563731
test,18.0,17.503858926712933
test,63.0,54.267083869822514
test,48.0,53.84826439045484
test,34.0,36.076132428093146
test,68.0,60.242889689352374
test,38.0,36.650745712576885
test,68.0,57.312599463776984
test,34.0,34.438750046738264
test,54.0,36.69381714188788
test,18.0,17.028722955203808
test,54.0,61.416136118429115
test,56.0,56.83469488069886
test,50.0,36.1544643439632
test,36.0,52.08012119897306
test,59.0,59.60516841841124
test,18.0,32.36398363297158
test,63.0,59.31428786186578
test,30.0,37.049100872979174
test,50.0,51.780061752316236
test,18.0,26.464525520494348
test,34.0,30.594575521420182
test,24.0,21.970002245208335
test,15.0,29.310491424103077
test,50.0,40.27053285554195
test,44.0,46.11065263388843
test,50.0,41.426830286489576
test,18.0,20.035494716967982
test,30.0,38.79226783127985
test,54.0,57.17265908074464
test,24.0,21.851849866284944
test,56.0,53.71729173924275
test,48.0,53.26379434037841
test,18.0,20.833908871237824
test,50.0,45.44446246644357
test,44.0,44.0419440622613
test,30.0,38.390490763920994
test,50.0,54.01887247369463
test,36.0,29.474213581805706
test,36.0,39.11935735303254
test,52.0,53.76234215117642
test,59.0,48.61792876467474
test,68.0,57.98574270760788
test,63.0,32.1601060697091
test,42.0,27.927693997940167
test,15.0,23.07408850986894
test,61.0,46.955711092452745
test,46.0,48.35094481846262
test,61.0,58.209778863027225
test,18.0,17.191932722274963
test,18.0,17.386612076976554
test,61.0,55.24276292055275
test,24.0,21.502054161153048
test,68.0,61.10208193053839
test,63.0,47.88137867831587
test,38.0,33.662088186342544
test,59.0,65.04806727462957
test,30.0,36.216149639587606
test,59.0,59.76963355005432
test,63.0,53.817666297277164
test,63.0,48.458387314374555
test,15.0,31.19979955717212
test,38.0,28.69530508096911
test,42.0,39.17769676801776
test,46.0,47.302441912012185
test,59.0,51.5523498256208
test,44.0,44.00617082222037
test,18.0,20.609777186046202
test,68.0,45.474062897717246
test,18.0,20.37779498712734
test,48.0,50.7997211479292
test,61.0,59.338410700218866
test,59.0,60.639146853276735
test,61.0,60.95039698190618
test,24.0,21.502398221438604
test,54.0,38.27482417263865
test,30.0,33.313908572155334
test,59.0,31.622599939783186
test,50.0,51.84120199615314
test,24.0,15.281414257985446
test,30.0,49.27846810803945
test,18.0,14.2015582198486
test,42.0,40.517871370427265
test,34.0,35.69274141753499
test,50.0,49.06522672595469
test,50.0,46.55345166520869
test,24.0,28.577036972164507
test,15.0,30.641027912128486
test,38.0,36.644235986197536
test,63.0,55.894930500122896
test,63.0,53.00240096759348
test,50.0,46.08385300395102
test,50.0,51.15412237659348
test,15.0,28.797687311079272
test,15.0,29.629070519276503
test,44.0,39.4229194417714
test,46.0,46.42705849789713
test,61.0,58.43413189801916
test,54.0,52.930216464593755
test,30.0,40.65126377922027
test,38.0,55.04606929132449
test,46.0,50.93938632879034
test,48.0,57.66674807364611
test,34.0,32.70477905898948
test,52.0,43.18304032033955
test,40.0,41.81254591833819
test,50.0,50.46706368288588
test,56.0,54.87305117630383
test,54.0,59.562889243515855
test,61.0,58.742351820956536
test,54.0,60.17554326366075
test,44.0,45.64880859631101
test,42.0,36.11451796670946
test,15.0,30.058819405118776
test,46.0,48.03703143188981
test,44.0,41.13426363616123
test,30.0,39.41463117333066
test,40.0,45.95449727564836
test,61.0,60.25610381639804
test,59.0,52.232564305583836
test,56.0,51.09691381839968
test,15.0,30.158707730049045
test,54.0,59.197187481107136
test,46.0,43.822691424220025
test,46.0,46.1511677494936
test,38.0,37.43549596497675
test,36.0,38.01673102166036
test,30.0,42.99168929067382
test,30.0,37.778846011094736
test,18.0,57.61882077782503
test,52.0,52.427778016139094
test,63.0,50.88530302817419
test,40.0,45.16791624395759
test,18.0,21.475195816047865
test,54.0,57.41625027110919
test,24.0,22.40720639222863
test,50.0,50.8945651189881
test,56.0,55.49091850622082
test,42.0,44.08213855472393
test,18.0,22.338353778813225
test,34.0,34.22394820764457
test,15.0,30.682643165931694
test,30.0,38.047792545306606
test,68.0,61.14270503925396
test,44.0,45.25507985607666
test,61.0,43.39972597489775
test,56.0,55.678596357976446
test,30.0,39.66667110663131
test,56.0,54.707616018808906
test,61.0,59.14861048038393
test,36.0,30.392934003814574
test,36.0,49.04443092447489
test,50.0,52.51406300156839
test,40.0,43.63792266871256
test,40.0,43.59698305624552
test,59.0,63.88604941347336
test,54.0,64.90429384806691
test,54.0,58.73642109966512
test,52.0,55.124426077391064
test,68.0,55.92975191698968
test,48.0,50.14410971296575
test,56.0,55.799891987054934
test,38.0,45.53713764660017
test,59.0,43.741281796642006
test,24.0,27.182384524066624
test,24.0,29.05808730102656
test,54.0,60.03686230085803
test,30.0,42.994574854265096
test,44.0,39.22398868543556
test,40.0,40.958262022116074
test,38.0,37.02992214929954
test,54.0,58.91211698562874
test,59.0,60.94803718377877
test,54.0,52.958045554026455
test,63.0,49.54555780322417
test,50.0,49.8351204849114
test,24.0,25.19148663522088
test,48.0,53.618985956101355
test,61.0,57.526051478677005
test,52.0,54.2224800126973
test,15.0,38.59376972249488
test,34.0,37.84907009158841
test,52.0,52.253286387961396
test,30.0,34.34618981382305
test,15.0,21.30323963542271
test,54.0,61.68363095548074
test,59.0,57.93566937805132
test,24.0,23.726451257445852
test,48.0,51.306153123621
test,36.0,31.158096408865156
test,63.0,43.5920825196613
test,61.0,58.242087884125155
test,15.0,29.01736046159271
test,48.0,50.147090117974386
test,68.0,59.048211996395395
test,24.0,23.871410291653152
test,68.0,58.423308109732595
test,36.0,36.57153901529759
test,46.0,45.48665742108727
test,50.0,44.6212477413336
test,30.0,38.60168561223844
test,24.0,23.567723973214147
test,44.0,43.35132423633665
test,54.0,41.23157684377711
test,50.0,57.15436253038676
test,38.0,39.008660406732766
test,15.0,24.455312303296807
test,48.0,55.06159321773471
test,54.0,63.31923005732962
test,34.0,28.895377156846145
test,68.0,56.10614079726672
test,59.0,56.02637249575034
test,61.0,57.14174625913511
test,54.0,62.20641109952869
test,34.0,32.37873998110122
test,34.0,32.573537562013044
test,18.0,37.08264907641369
test,52.0,39.51122722463977
test,40.0,48.00854558342765
test,36.0,32.663896528602436
test,68.0,60.31505434595075
test,40.0,39.73195250364228
test,48.0,54.00492408648155
test,50.0,57.4626599063555
test,61.0,58.04290271736775
test,36.0,27.856131777707606
test,61.0,58.82473473927339
test,36.0,47.62845157355535
test,44.0,40.50329474518085
test,18.0,21.115067098813057
test,61.0,58.42951150243625
test,52.0,49.72351692000072
test,54.0,61.83892788049561
test,44.0,42.19738346012828
test,63.0,51.488113414949254
test,54.0,59.4151143762693
test,50.0,44.94618113692732
test,44.0,40.93598439335754
test,46.0,44.67555037875195
test,38.0,37.49719918486503
test,18.0,26.274661801416435
test,15.0,45.008965266802576
test,50.0,48.76495885859667
test,56.0,54.58257415881617
test,56.0,52.85392317432993
test,30.0,37.08418509325083
test,24.0,21.601333805879893
test,24.0,21.995312961222357
test,50.0,53.851990310076395
test,59.0,48.60367913704655
test,63.0,47.83653128411335
test,38.0,33.53518296766268
test,56.0,57.075167629614356
test,44.0,32.00248289775905
test,24.0,22.18253026180415
test,63.0,46.48947073310648
test,24.0,24.75090988823689
test,44.0,49.405253727413076
test,56.0,53.068933051969935
test,18.0,29.957468265476713
test,24.0,23.300002120838876
test,68.0,57.12235763240027
test,63.0,46.91050889761003
test,30.0,38.615376337423534
test,44.0,43.81902634142313
test,59.0,58.359083981441906
test,50.0,51.84221785617864
test,54.0,63.421058031184096
test,18.0,59.438178504783345
test,15.0,22.282191750319313
test,52.0,53.99771178595958
test,50.0,52.39053546443459
test,59.0,33.48869662771874
test,61.0,59.23544878554284
test,59.0,61.2707403960663
test,63.0,52.064318479220375
test,30.0,32.18017653655037
test,38.0,38.519976910528015
test,50.0,52.205790495382956
test,18.0,42.870761280008956
test,15.0,29.419792833841385
test,30.0,38.320795732443685
test,36.0,45.80246039717056
test,24.0,26.282694065227098
test,24.0,27.555086810797395
test,36.0,39.11696780241364
test,24.0,27.691982380157697
test,63.0,50.392204363538255
test,59.0,44.90672715300164
test,61.0,55.47094636900172
test,61.0,58.21447740992623
test,36.0,47.532734833828044
test,68.0,60.21397408714549
test,30.0,37.60427704790864
test,50.0,49.23115422815224
test,34.0,36.1643796665227
test,46.0,50.2137760299539
test,56.0,56.7786733701342
test,59.0,59.71132877940416
test,15.0,30.9307549720269
test,56.0,53.89940606194946
test,15.0,31.19645072013939
test,54.0,57.36348749015172
test,36.0,36.56367412831615
test,46.0,40.19952966112332
test,30.0,35.446904161463735
test,30.0,39.11618093184211
test,44.0,43.19870597001802
test,34.0,52.63868249957811
test,61.0,59.50950096920377
test,15.0,33.57076324362492
test,52.0,44.87677508996768
test,54.0,58.43667477443884
test,15.0,28.744565364305956
test,42.0,37.55298255714436
test,42.0,40.65031787611136
test,56.0,42.378782306810926
test,59.0,49.07646314168301
test,54.0,58.5106943057576
test,18.0,16.741958191906516
test,63.0,47.8458804278363
test,46.0,46.35510100866431
test,61.0,58.18558693633285
test,42.0,35.26287349873536
test,63.0,20.80524640075653
test,54.0,43.37761582630807
test,18.0,21.320322936965667
test,40.0,41.4661042781022
test,61.0,46.036292089454605
test,42.0,38.59833965116375
test,15.0,26.44772118971232
test,50.0,48.012966337239774
test,46.0,45.42810976338873
test,68.0,59.189708336230716
test,24.0,25.673512247296237
test,54.0,60.956276013240185
test,34.0,29.680745340677966
test,24.0,25.60298469977844
test,56.0,53.05144095417771
test,52.0,51.911108627143754
test,54.0,59.19479537735681
test,40.0,41.83035915782368
test,44.0,44.828135293279075
test,68.0,60.05530678087179
test,63.0,54.85004286231656
test,59.0,57.134901175906734
test,50.0,57.036469069564745
test,46.0,50.31709225942492
test,48.0,38.51828718830495
test,56.0,57.58479821505372
test,30.0,39.205788165957465
test,36.0,42.62131499033476
test,46.0,46.27362127877777
test,24.0,23.649833447768927
test,24.0,25.427976481867336
test,61.0,57.950201548243385
test,54.0,61.783500910714864
test,24.0,22.35530770269786
test,48.0,51.110723199679356
test,34.0,27.450040709380982
test,24.0,23.384617024440775
test,61.0,58.510617106354715
test,38.0,36.04033872059965
test,56.0,40.93395784594966
test,18.0,20.184224467066034
test,50.0,41.9459615589753
test,56.0,57.929309600867995
test,56.0,53.503870788178716
test,44.0,43.256206029734834
test,15.0,49.71794491564194
test,30.0,36.643543733500046
test,30.0,34.60057096841625
test,61.0,57.74983154357973
test,56.0,52.83098015840195
test,30.0,35.02902594678569
test,61.0,60.13998640207287
test,54.0,40.22270925794139
test,68.0,58.98974346461344
test,46.0,48.08002371891483
test,24.0,26.21284323897411
test,44.0,39.80566521147055
test,54.0,61.75641351129876
test,61.0,57.97207341008996
test,61.0,56.3143759120359
test,38.0,34.360325315575544
test,15.0,32.82395393244529
test,15.0,26.81075572981053
test,42.0,48.67715184167479
test,24.0,18.5739170517343
test,24.0,28.419408776760168
test,30.0,41.01596670771266
test,30.0,40.03812025713237
test,30.0,40.36323841971327
test,38.0,53.198392318490164
test,36.0,31.250904357971297
test,50.0,50.44133999072918
test,59.0,58.47429793340362
test,30.0,41.19701881655505
test,63.0,47.805679688017165
test,63.0,52.85505710762517
test,15.0,25.92123869508007
test,63.0,51.78964285308492
test,36.0,37.92021971930339
test,59.0,54.51008337031821
test,15.0,32.20390920301992
test,34.0,32.818569838667635
test,38.0,35.15002727421793
test,18.0,27.54265436674781
test,46.0,39.78742326214191
test,36.0,31.359071238331154
test,18.0,17.274751971450915
test,52.0,55.53622186472213
test,15.0,27.422836590235885
test,68.0,47.058287778805294
test,54.0,46.57898055238724
test,24.0,23.204749065228913
test,42.0,43.28121460360199
test,52.0,52.831222984453554
test,63.0,50.50659680280609
test,24.0,16.18283838841122
test,30.0,46.82436485974966
test,15.0,21.76645823909539
test,18.0,26.64406765723409
test,18.0,16.55322814149442
test,59.0,59.98924254130783
test,63.0,47.92733964096506
test,15.0,29.11186319618931
test,56.0,50.926459725806616
test,54.0,59.20113259096791
test,38.0,34.63091913926823
test,59.0,61.14928031360913
test,24.0,25.90607720632055
test,36.0,27.89323003421351
test,50.0,47.15539466815781
test,59.0,44.1724159447581
test,63.0,50.1500417539835
test,15.0,25.083980781352867
test,63.0,48.41652647878433
test,38.0,36.16208096988931
test,59.0,53.95225378795057
test,24.0,17.113509400825535
test,56.0,56.07101356472022
test,54.0,61.27313549451468
test,24.0,20.921423941706713
test,44.0,43.35844658854831
test,63.0,51.566946408666894
test,52.0,41.72165005423273
test,24.0,23.973295928410444
test,59.0,59.736286747482765
test,59.0,62.05493854319708
test,50.0,52.915517684632334
test,54.0,57.59268242802262
test,54.0,61.29208302522629
test,44.0,42.94503820704046
test,30.0,35.88169506418618
test,68.0,58.756068627986195
test,30.0,33.87993851789529
test,18.0,27.550663944416435
test,30.0,49.796307572315
test,63.0,52.10909791020306
test,42.0,31.53497242080512
test,24.0,26.864661795057312
test,59.0,62.04596816001945
test,50.0,52.022173354265924
test,44.0,45.30484145549051
test,61.0,58.752105012317934
test,50.0,50.148892687835314
test,36.0,52.97826679659342
test,15.0,30.294293536561028
test,46.0,51.046493203184504
test,50.0,58.24826011258857
test,68.0,57.49142973845902
test,59.0,62.32916627508835
test,56.0,45.14184851610962
test,38.0,35.3299961647579
test,56.0,52.0152559342458
test,42.0,36.11670057770573
test,63.0,50.20437155912956
test,42.0,43.24193394775834
test,44.0,32.54949795956549
test,50.0,45.1758049969035
test,18.0,20.563752790840198
test,24.0,30.995777500220935
test,56.0,55.61622735454536
test,52.0,52.922896078696716
test,36.0,32.47393899817817
test,68.0,60.47139446908835
test,44.0,46.90054164470644
test,18.0,30.34669091055295
test,44.0,44.06972200233623
test,68.0,47.42198896360212
test,38.0,35.05632606983045
test,34.0,35.81666155065178
test,54.0,36.678319506456965
test,44.0,40.86229540030451
test,46.0,51.3351310166043
test,38.0,35.30178576988081
test,30.0,41.5105172573143
test,36.0,25.647528554211814
test,52.0,51.45284707401791
test,24.0,26.967562451298825
test,50.0,43.1551187839592
test,40.0,45.058180872714416
test,36.0,26.42286621199714
test,61.0,58.526913062080425
test,40.0,44.26055736508228
test,24.0,19.166485544477137
test,48.0,55.27558568118608
test,48.0,53.393386756254046
test,63.0,49.21627797756601
test,54.0,65.16053219784125
test,52.0,54.91382275820526
test,18.0,24.434191170003015
test,50.0,54.76942865230838
test,61.0,54.720725477709934
test,46.0,46.992625159650906
test,54.0,60.85005439291094
test,48.0,56.32825979427881
test,50.0,46.52908690687897
test,46.0,45.62085687930954
test,44.0,44.988266472238294
test,54.0,62.534607780005686
test,48.0,48.98739138856932
test,40.0,46.619598933508655
test,56.0,44.15336257342487
test,50.0,39.596179275686076
test,38.0,37.14411507968353
test,63.0,51.2553605696485
test,30.0,34.946983445046655
test,40.0,43.29587011226328
test,50.0,55.51706747739049
test,24.0,20.81493060448768
test,50.0,54.063506599852
test,50.0,53.60616153667165
test,48.0,51.455065233644056
test,52.0,52.61439640607753
test,50.0,44.952114278910976
test,61.0,52.14236201214486
test,56.0,56.39910193871812
test,18.0,27.581993709948325
test,42.0,23.115527401129395
test,50.0,54.75516914226194
test,59.0,41.184662056156114
test,50.0,50.24473114141941
test,42.0,41.640999160094744
test,24.0,23.212956578711005
test,52.0,45.35960644554285
test,59.0,54.58344388138731
test,34.0,35.63345959977444
test,40.0,45.7022432299598
test,24.0,24.225656087075414
test,54.0,60.61646454281926
test,18.0,18.02835401436857
test,54.0,59.276071252827215
test,34.0,30.48622108457308
test,48.0,57.451981704649626
test,24.0,24.61738376933052
test,56.0,39.09111081724021
test,34.0,35.05316956611826
test,59.0,62.69545024989246
test,59.0,61.168939179578246
test,24.0,22.58302333138029
test,48.0,52.474191208832565
test,61.0,57.382136441146784
test,50.0,47.579116658552564
test,59.0,55.822803205754994
test,46.0,48.629907174234276
test,44.0,38.993725132586114
test,24.0,25.46959824307499
test,38.0,32.87863934227647
test,18.0,44.96538132459478
test,46.0,37.632175639826606
test,48.0,53.358508079317744
test,15.0,26.844202197548036
test,54.0,62.276796958532714
test,36.0,49.851010353644575
test,42.0,41.10869789874868
test,63.0,48.71761877935305
test,56.0,53.154667414537755
test,50.0,52.527215609361065
test,40.0,52.66982833731031
test,63.0,50.953305755008586
test,24.0,22.42691178724448
test,30.0,30.70461778397064
test,30.0,29.45916648131753
test,34.0,33.72837216121861
