poly_feature,x_poly_scaled,coef_standardized_poly,contribution,abs_contribution
mag_skewness phase_jump_k_max_abs,-1.833493049908938,5.165847434336599,-9.471545367746073,9.471545367746073
mag_skewness phase_jump_m_max_abs,-1.8284947363422979,4.9224467847457225,-9.000668035832621,9.000668035832621
phase_jump_k_max_abs pdp_los_peak_power,3.499654663220798,-2.1111865044275993,-7.388423695148863,7.388423695148863
mag_max mag_entropy,-5.2605241029942444,-1.3214905303782885,6.9517327869336345,6.9517327869336345
mag_max mag_entropy_normalized,-5.260524102994256,-1.3214905303777966,6.951732786931062,6.951732786931062
mag_dynamic_range_linear mag_entropy,-5.278104115964637,-1.1546875258718385,6.094560982957174,6.094560982957174
mag_dynamic_range_linear mag_entropy_normalized,-5.278104115964646,-1.154687525871705,6.09456098295648,6.09456098295648
mag_percentile_1 mag_entropy,-4.228004569293818,1.3378128458454053,-5.656278825094339,5.656278825094339
mag_percentile_1 mag_entropy_normalized,-4.228004569293828,1.337812845844595,-5.6562788250909275,5.6562788250909275
phase_jump_m_max_abs pdp_los_peak_power,3.489741432505722,-1.592912950604779,-5.558854322100438,5.558854322100438
mag_percentile_5 mag_entropy_normalized,-5.036938075684869,1.0641875088424868,-5.36024658295695,5.36024658295695
mag_percentile_5 mag_entropy,-5.0369380756848585,1.0641875088419939,-5.360246582954456,5.360246582954456
mag_percentile_50 phase_jump_k_max_abs,3.5090328787614053,-1.3667134850666662,-4.795842554945517,4.795842554945517
mag_percentile_25 phase_jump_k_max_abs,3.7924379733362743,-1.2587031568081086,-4.773553649037314,4.773553649037314
mag_var mag_entropy_normalized,-3.858450412593467,-1.1775590957655793,4.543553378909889,4.543553378909889
mag_var mag_entropy,-3.858450412593465,-1.1775590957654358,4.543553378909333,4.543553378909333
mag_percentile_1 doppler_spread,3.149191539169562,1.3281936147753797,4.1827360940296625,4.1827360940296625
mag_percentile_50 phase_jump_m_max_abs,3.4818951111413745,-1.135115204279625,-3.952352080363469,3.952352080363469
mag_percentile_25 mag_entropy,-5.051697165308439,0.7412627065235461,-3.744634713293859,3.744634713293859
mag_percentile_25 mag_entropy_normalized,-5.05169716530845,0.7412627065232199,-3.74463471329222,3.74463471329222
mag_dynamic_range_db phase_jump_m_max_abs,2.050275861547622,1.7239965729208933,3.5346685588505324,3.5346685588505324
mag_entropy_normalized pdp_los_peak_power,-5.632810723192708,0.6106584833070648,-3.43972365298063,3.43972365298063
mag_entropy pdp_los_peak_power,-5.632810723192697,0.6106584833060513,-3.4397236529749144,3.4397236529749144
mag_percentile_25 phase_jump_m_max_abs,3.7637885025349167,-0.9066684418358756,-3.4125082569931164,3.4125082569931164
mag_mean phase_jump_k_max_abs,3.5626295093033997,-0.8679855091254521,-3.092310788458071,3.092310788458071
mag_rms phase_jump_k_max_abs,3.5213045962191467,-0.8559458684657332,-3.0140461207431755,3.0140461207431755
mag_entropy^2,2.166168476763317,-1.3904546939719815,-3.0119591264496917,3.0119591264496917
mag_entropy_normalized^2,2.166168476763326,-1.3904546939718938,-3.011959126449514,3.011959126449514
mag_entropy mag_entropy_normalized,2.1661684767633216,-1.3904546939715259,-3.0119591264487107,3.0119591264487107
mag_skewness,0.7299744129901344,-4.072400675723696,-2.9727482927220317,2.9727482927220317
mag_dynamic_range_db phase_jump_k_max_abs,2.0461459018805384,1.3989923419391352,2.8625424472210184,2.8625424472210184
phase_jump_k_max_abs svd_sigma_1,3.5105530627261055,-0.8080376564755131,-2.836659069738137,2.836659069738137
mag_percentile_5 doppler_spread,4.42946959125661,0.626824509236426,2.776500102717097,2.776500102717097
mag_entropy svd_sigma_2,-3.3297396978016174,-0.8145657747945756,2.7122919968040304,2.7122919968040304
mag_entropy_normalized svd_sigma_2,-3.3297396978016165,-0.814565774794424,2.712291996803525,2.712291996803525
pdp_total_energy,-1.6273587332182966,1.6059247245684807,-2.6134156254177046,2.6134156254177046
mag_energy_total,-1.6273587332182964,1.605924724568272,-2.6134156254173644,2.6134156254173644
mag_percentile_25,-1.700813966349594,1.5313326544895176,-2.6045119658829687,2.6045119658829687
mag_percentile_50,-1.577129736706172,1.6488760251527514,-2.6004914114102786,2.6004914114102786
mag_energy_total phase_jump_k_max_abs,3.1455742793300465,-0.8169138194774391,-2.569663098977501,2.569663098977501
phase_jump_k_max_abs pdp_total_energy,3.145574279330046,-0.8169138194766437,-2.5696630989749987,2.5696630989749987
mag_entropy_normalized pdp_total_energy,-5.431652771858863,-0.47001802754719046,2.5529747221503323,2.5529747221503323
mag_energy_total mag_entropy,-5.431652771858856,-0.4700180275469938,2.5529747221492607,2.5529747221492607
mag_energy_total mag_entropy_normalized,-5.431652771858863,-0.47001802754679806,2.552974722148201,2.552974722148201
mag_entropy pdp_total_energy,-5.431652771858855,-0.4700180275467715,2.552974722148053,2.552974722148053
phase_jump_m_max_abs svd_sigma_ratio,-1.0044816265798,-2.508413013280064,2.5196547837134964,2.5196547837134964
mag_entropy_normalized phase_jump_m_max_abs,-4.507119208690096,-0.5328283859492292,2.401521053247111,2.401521053247111
mag_entropy phase_jump_m_max_abs,-4.507119208690091,-0.5328283859487749,2.401521053245061,2.401521053245061
mag_percentile_5 svd_sigma_2,1.2356984135026552,1.9027841701023829,2.3512673802334807,2.3512673802334807
mag_entropy svd_sigma_ratio,2.640758413501357,0.8903757344922933,2.3512672120379743,2.3512672120379743
mag_entropy_normalized svd_sigma_ratio,2.640758413501362,0.8903757344922354,2.3512672120378255,2.3512672120378255
mag_percentile_5 mag_dynamic_range_db,2.7995898650991338,0.8114034479213859,2.2715968693072046,2.2715968693072046
mag_mean phase_jump_m_max_abs,3.5359850443924645,-0.6366856129096199,-2.251310805228266,2.251310805228266
mag_rms phase_jump_m_max_abs,3.495118165096172,-0.6392194293363841,-2.234147438956005,2.234147438956005
mag_dynamic_range_db svd_sigma_ratio,-0.8827864620944721,-2.4210157255508706,2.1372399070341346,2.1372399070341346
phase_jump_m_max_abs svd_sigma_1,3.484073186421397,-0.5956395872902401,-2.0752519148490327,2.0752519148490327
phase_circular_variance,0.8946687703264564,2.3125635561233064,2.068978393058616,2.068978393058616
phase_coherence,-0.8946687703264433,-2.312563556121619,2.0689783930570758,2.0689783930570758
phase_jump_m_max_abs^2,1.6255175048589197,1.2714134122779903,2.066704757570284,2.066704757570284
mag_percentile_1 phase_jump_m_max_abs,3.152486484885477,0.6417294654472663,2.0230434667752886,2.0230434667752886
mag_var mag_energy_total,1.0941071899141472,-1.7972910728772227,-1.966429085203481,1.966429085203481
mag_var pdp_total_energy,1.0941071899141466,-1.797291072877015,-1.9664290852032527,1.9664290852032527
mag_skewness svd_sigma_ratio,1.1544854000075084,-1.69674867164774,-1.9588715688994498,1.9588715688994498
mag_percentile_99 mag_entropy,-4.71664394425928,-0.4135423627641906,1.950532081026394,1.950532081026394
mag_percentile_99 mag_entropy_normalized,-4.716643944259289,-0.4135423627634347,1.9505320810228324,1.9505320810228324
mag_entropy,2.9266609044508884,-0.6497318124693943,-1.9015446939321925,1.9015446939321925
mag_entropy_normalized,2.9266609044508884,-0.6497318124692631,-1.9015446939318088,1.9015446939318088
mag_var pdp_los_peak_power,1.1710705069901766,-1.5735197521544562,-1.842702573914576,1.842702573914576
phase_jump_k_max_abs svd_sigma_ratio,-0.9859482782768205,-1.8664793283891765,1.840252080264585,1.840252080264585
mag_dynamic_range_db mag_skewness,-1.1872055525970906,1.493732315981772,-1.7733672996272716,1.7733672996272716
mag_var phase_jump_m_max_abs,2.1181064902752333,-0.8250553830486338,-1.74755516167183,1.74755516167183
svd_sigma_1,-1.5725823987249492,1.0979814608084346,-1.726666319393652,1.726666319393652
mag_mean,-1.6007799573978536,1.077662692640788,-1.7251008392147769,1.7251008392147769
mag_percentile_95 mag_entropy_normalized,-4.701573475368178,-0.3656221431778852,1.7189993703724116,1.7189993703724116
mag_percentile_95 mag_entropy,-4.701573475368168,-0.3656221431776821,1.7189993703714526,1.7189993703714526
mag_percentile_50 mag_entropy,-4.792204223617468,0.35731692684063643,-1.7123356859757115,1.7123356859757115
mag_percentile_50 mag_entropy_normalized,-4.792204223617477,0.3573169268403927,-1.7123356859745469,1.7123356859745469
mag_rms,-1.5857536240514136,1.0625841288237676,-1.6849966331418036,1.6849966331418036
mag_percentile_1 svd_sigma_ratio,-1.4879262278811318,-1.1239327105013148,1.6723289583284375,1.6723289583284375
mag_entropy_normalized svd_spectral_flatness,-2.611411869580089,-0.6302962689849156,1.6459631581792533,1.6459631581792533
mag_entropy svd_spectral_flatness,-2.611411869580082,-0.6302962689848707,1.6459631581791314,1.6459631581791314
mag_percentile_1,-1.4272150052054902,-1.1504743349765874,1.641974233982393,1.641974233982393
phase_circular_mean pdp_los_peak_power,1.1497380998990605,-1.4212494988510702,-1.6340646982915215,1.6340646982915215
phase_circular_mean^2,-0.6054418518301912,-2.6883982135053843,1.6276687928416775,1.6276687928416775
phase_jump_k_max_abs svd_spectral_flatness,1.271011984495312,-1.2727535217018349,-1.6176849793916463,1.6176849793916463
mag_percentile_99 phase_jump_k_max_abs,3.249648176079601,-0.4843471581839822,-1.5739578591819159,1.5739578591819159
mag_var mag_dynamic_range_db,1.7726469012111594,-0.8869171029686512,-1.5721908542085583,1.5721908542085583
dH_dt_max doppler_spread,1.6039226598661733,-0.9687573942352204,-1.553811936526778,1.553811936526778
mag_percentile_5 svd_spectral_flatness,1.6768798278157986,0.8848803430836092,1.4838379973476274,1.4838379973476274
mag_percentile_25 svd_sigma_2,1.1477965106906718,1.2873919691756324,1.4776640101109837,1.4776640101109837
mag_var phase_jump_k_max_abs,2.130501154876764,-0.6857942754886474,-1.4610854959364368,1.4610854959364368
mag_percentile_5 svd_sigma_ratio,-1.8008636719059519,-0.8063238743281903,1.452079373068098,1.452079373068098
mag_energy_total phase_jump_m_max_abs,3.1380705659682446,-0.4459348321171203,-1.3993749710067258,1.3993749710067258
phase_jump_m_max_abs pdp_total_energy,3.1380705659682446,-0.4459348321167179,-1.399374971005463,1.399374971005463
mag_percentile_5 phase_jump_m_max_abs,4.068793006354157,0.334697596512172,1.361815239932271,1.361815239932271
mag_percentile_5 doppler_centroid,4.376505560823312,0.30347334543331284,1.3281527838505476,1.3281527838505476
pdp_total_energy doppler_spread,2.7131030615561587,-0.48706781737559357,-1.321465186507199,1.321465186507199
mag_energy_total doppler_spread,2.71310306155616,-0.48706781737541827,-1.321465186506724,1.321465186506724
mag_energy_total mag_percentile_5,1.5579102176464512,0.8395605360901728,1.3079599375076123,1.3079599375076123
mag_percentile_5 pdp_total_energy,1.5579102176464508,0.8395605360899558,1.307959937507274,1.307959937507274
mag_percentile_75,-1.5274759472836401,0.8514385777314285,-1.300551948074149,1.300551948074149
phase_jump_m_max_abs svd_sigma_2,1.7822206485942411,0.7268686513980226,1.295440319337405,1.295440319337405
mag_mean mag_entropy,-4.857799405129376,0.2617155873802415,-1.2713618246888223,1.2713618246888223
mag_mean mag_entropy_normalized,-4.857799405129386,0.2617155873801995,-1.2713618246886211,1.2713618246886211
mag_rms mag_entropy_normalized,-4.825704659093153,0.2627349376617174,-1.2678812127806989,1.2678812127806989
mag_rms mag_entropy,-4.8257046590931445,0.26273493766154016,-1.2678812127798411,1.2678812127798411
mag_percentile_5 phase_circular_mean,1.2048043842667688,-1.0522349280829069,-1.2677372546329144,1.2677372546329144
mag_energy_total phase_circular_mean,1.0804638334858927,-1.1292302995977914,-1.2200924983918529,1.2200924983918529
phase_circular_mean pdp_total_energy,1.0804638334858925,-1.1292302995974435,-1.2200924983914767,1.2200924983914767
mag_percentile_1 svd_spectral_flatness,1.4295805885242927,0.84228831706921,1.2041190280229372,1.2041190280229372
phase_unwrap_k_mean phase_jump_k_max_abs,0.6911614105194338,-1.6717122153512234,-1.155422972744719,1.155422972744719
mag_min mag_skewness,0.5598221818239335,-2.0332394102916487,-1.1382525228398788,1.1382525228398788
phase_circular_mean doppler_spread,1.100159320909326,1.0327301246126828,1.1361676725764929,1.1361676725764929
phase_jump_m_max_abs svd_spectral_flatness,1.274328545550861,-0.8914040638792939,-1.1359416442214274,1.1359416442214274
svd_sigma_ratio,1.0431674611471793,1.083830413534219,1.1306166208005886,1.1306166208005886
phase_jump_m_max_abs dH_dt_max,1.3146517409906293,0.8598246459385146,1.1303699677297196,1.1303699677297196
mag_percentile_99 phase_jump_m_max_abs,3.2276772871291324,-0.3456179784530802,-1.1155432990764929,1.1155432990764929
mag_min phase_jump_k_max_abs,0.4873749810502707,2.253788279374963,1.0984400199516948,1.0984400199516948
pdp_los_peak_power,-1.7274235913292175,0.6353139798863152,-1.097456356756877,1.097456356756877
mag_var,-1.2172275771200076,0.8894021074670161,-1.0826047723575047,1.0826047723575047
phase_jump_m_max_abs phase_jump_k_max_abs,1.6123936175492486,0.6567593356211064,1.0589545610213569,1.0589545610213569
phase_unwrap_k_mean phase_jump_m_max_abs,0.6832430592725265,-1.5424538075633123,-1.0538708582661143,1.0538708582661143
mag_percentile_1 svd_sigma_2,0.8554208553484519,1.2296142608137026,1.051837682733912,1.051837682733912
svd_spectral_flatness,-1.044300698514381,1.0037924716847697,-1.048261179343882,1.048261179343882
mag_dynamic_range_db,-1.664922633373754,-0.62485457649738,1.0403345269776596,1.0403345269776596
mag_min mag_entropy_normalized,0.6413890047350606,-1.6043822985403005,-1.029033165675312,1.029033165675312
mag_min mag_entropy,0.6413890047350593,-1.604382298540237,-1.0290331656752694,1.0290331656752694
mag_min phase_jump_m_max_abs,0.4884911033748233,2.104706651413337,1.0281304744292306,1.0281304744292306
mag_percentile_50 doppler_spread,2.872812362947307,-0.3544559047282026,-1.0182853052228533,1.0182853052228533
mag_percentile_75 phase_jump_k_max_abs,3.380248433104296,-0.3001761129706093,-1.0146698355242403,1.0146698355242403
mag_energy_total mag_dynamic_range_db,2.499694775242491,0.4052953808510407,1.013114745943262,1.013114745943262
mag_dynamic_range_db pdp_total_energy,2.4996947752424905,0.40529538085055095,1.0131147459420375,1.0131147459420375
mag_percentile_25 pdp_total_energy,1.486207722684438,0.674075932966529,1.001816857250573,1.001816857250573
mag_energy_total mag_percentile_25,1.4862077226844383,0.674075932965379,1.0018168572488642,1.0018168572488642
mag_min pdp_los_peak_power,-0.5035132909291743,1.930778991547009,-0.9721728840907469,0.9721728840907469
mag_dynamic_range_db pdp_los_peak_power,2.6761396131832393,-0.3476894099596577,-0.930465403077347,0.930465403077347
mag_var mag_dynamic_range_linear,0.7641953366866803,-1.2141287306104456,-0.9278315140698212,0.9278315140698212
phase_coherence phase_jump_k_max_abs,1.598902378653158,0.5791672609304661,0.9260319111397565,0.9260319111397565
phase_circular_variance phase_jump_k_max_abs,-1.5989023786530057,-0.5791672609303691,0.9260319111395131,0.9260319111395131
phase_jump_k_max_abs dH_dt_max,1.3175845058050726,0.7015942546140803,0.9244097192413713,0.9244097192413713
pdp_total_energy svd_sigma_ratio,-1.487242512397942,-0.6212158787635857,0.9238986642738506,0.9238986642738506
mag_energy_total svd_sigma_ratio,-1.4872425123979423,-0.6212158787630937,0.923898664273119,0.923898664273119
mag_var mag_percentile_50,1.0592349629882674,-0.8717809249172083,-0.9234208357385566,0.9234208357385566
mag_energy_total phase_unwrap_k_mean,1.1457414964777328,-0.7932042795599807,-0.9088070582755943,0.9088070582755943
phase_unwrap_k_mean pdp_total_energy,1.1457414964777333,-0.7932042795599226,-0.908807058275528,0.908807058275528
phase_jump_k_max_abs^2,1.5742704131509697,-0.5738546354825419,-0.9034023740897004,0.9034023740897004
doppler_spread,-1.06771571098959,0.8428583604720423,-0.8999331136149269,0.8999331136149269
mag_min mag_percentile_1,-0.7538068078784577,1.1905371218410874,-0.8974349874758365,0.8974349874758365
mag_percentile_95 phase_jump_k_max_abs,3.3000625141110578,-0.27176695307325416,-0.896847934411225,0.896847934411225
mag_var mag_max,0.7566406438707716,-1.1540399846892002,-0.8731935570678518,0.8731935570678518
mag_percentile_25^2,1.30151524055735,0.6591989016963511,0.8579574171164673,0.8579574171164673
mag_var svd_spectral_flatness,1.1901925786454999,-0.7178356619087625,-0.8543626774908892,0.8543626774908892
mag_skewness pdp_los_peak_power,-0.4888898854496215,1.7408876948912109,-0.8511023857360197,0.8511023857360197
mag_var pdp_rms_delay_spread,1.0013775498550257,-0.8277352835406052,-0.8288755301604462,0.8288755301604462
mag_mean svd_sigma_2,1.0358282506630383,0.793796090867361,0.8222364161862967,0.8222364161862967
pdp_los_peak_power svd_sigma_ratio,-1.6007868580112654,-0.5102646736839558,0.8168249837406832,0.8168249837406832
mag_percentile_5 mag_dynamic_range_linear,1.3136527844167283,0.6158937461040073,0.8090705344743786,0.8090705344743786
mag_var svd_sigma_1,0.9915236211340662,-0.8074784434684148,-0.800633950255502,0.800633950255502
svd_sigma_1 doppler_spread,3.037410886509449,-0.2590390889711131,-0.7868081488723486,0.7868081488723486
mag_percentile_5 pdp_los_ratio,-0.9636472376380002,-0.8101767812987407,0.7807246172969777,0.7807246172969777
mag_percentile_5 pdp_papr_linear,-0.9636472223363943,-0.810176581023673,0.7807244119054592,0.7807244119054592
mag_entropy_normalized phase_circular_mean,-1.8527858378093478,-0.4196509527718101,0.7775233421188091,0.7775233421188091
mag_entropy phase_circular_mean,-1.8527858378093434,-0.4196509527717243,0.7775233421186484,0.7775233421186484
mag_max mag_percentile_5,1.2490339696746986,0.6165453024227263,0.7700860265693454,0.7700860265693454
mag_var mag_rms,1.0545569397913475,-0.7256149981272032,-0.7652023318917277,0.7652023318917277
mag_mean mag_var,1.0842502209653018,-0.6983220127183551,-0.7571557965948108,0.7571557965948108
mag_percentile_50 dH_dt_max,0.9462015898682183,-0.7828079527243742,-0.7406941294292879,0.7406941294292879
phase_jump_k_max_abs svd_sigma_2,1.7852524729504644,0.41401990536922867,0.7391300599111328,0.7391300599111328
mag_percentile_1 pdp_rms_delay_spread,1.1223524750039469,0.6527840396773218,0.7326537825749168,0.7326537825749168
mag_dynamic_range_db^2,1.7034958052342066,-0.42694032004965604,-0.7272910442899387,0.7272910442899387
mag_percentile_75 mag_entropy_normalized,-4.685282220707722,-0.15458539700750182,0.724276212180293,0.724276212180293
mag_percentile_75 mag_entropy,-4.6852822207077125,-0.15458539700692822,0.7242762121776041,0.7242762121776041
phase_circular_mean phase_jump_m_max_abs,0.8533375663038125,0.8432559377643006,0.7195819697030275,0.7195819697030275
mag_percentile_75 doppler_centroid,2.7629593551348686,0.25881553131706764,0.7150967935066935,0.7150967935066935
mag_rms svd_sigma_2,1.000609281374308,0.7127651018914916,0.7131993763923308,0.7131993763923308
phase_circular_mean doppler_centroid,0.8628424103928487,-0.8249245285238426,-0.7117798685836966,0.7117798685836966
mag_max phase_jump_m_max_abs,3.1834967761132447,0.22171577921244823,0.7058314683362649,0.7058314683362649
phase_circular_mean svd_sigma_ratio,-0.5176879471914971,-1.3481534490942517,0.6979227915607397,0.6979227915607397
mag_var mag_percentile_95,0.8722171635976808,-0.7998493859140093,-0.697642362687264,0.697642362687264
mag_percentile_25 mag_dynamic_range_linear,1.263109757689528,0.552108581360029,0.6973737364199754,0.6973737364199754
mag_var mag_percentile_75,0.9640331411697804,-0.7191534251689888,-0.693287735448667,0.693287735448667
svd_sigma_2 doppler_spread,1.7537739458115675,-0.3951444568103479,-0.6929940531858523,0.6929940531858523
phase_circular_mean,-0.6524707512653938,1.0591232881814083,-0.6910469675223977,0.6910469675223977
mag_dynamic_range_linear phase_circular_mean,1.0063286697571383,0.6844386678745393,0.6887702541725329,0.6887702541725329
mag_percentile_25 doppler_centroid,3.4818286715973343,0.19710078808414483,0.6862711751458057,0.6862711751458057
mag_max mag_percentile_25,1.2026705998946488,0.5705639060866315,0.6862004352114431,0.6862004352114431
svd_sigma_2 svd_sigma_ratio,-0.8298851641481806,-0.8255803338048021,0.685136870837108,0.685136870837108
mag_var mag_percentile_99,0.8080629950998282,-0.8474551793396526,-0.6847971704300617,0.6847971704300617
mag_min mag_percentile_25,-0.6827807570642968,0.9902000672294629,-0.6760895515480502,0.6760895515480502
mag_percentile_5 pdp_rms_delay_spread,1.261993638175701,0.5343706213984935,0.6743723246328949,0.6743723246328949
mag_dynamic_range_db doppler_spread,1.7643821765839214,-0.3808447414675724,-0.6719556738910962,0.6719556738910962
mag_max mag_dynamic_range_db,2.3616569902186253,0.27995032839280126,0.6611466499628588,0.6611466499628588
mag_min mag_percentile_50,-0.6127880186863577,1.0764548075989246,-0.6596386087539494,0.6596386087539494
mag_var mag_percentile_25,1.2020131226329596,-0.5459736717362902,-0.6562675180391205,0.6562675180391205
pdp_los_peak_power doppler_spread,2.8395598954395367,0.2280997345999004,0.6477028585302793,0.6477028585302793
mag_percentile_99 doppler_centroid,2.533035988495257,0.25369333281799195,0.6426143420692785,0.6426143420692785
mag_max phase_circular_mean,1.0199635788774728,0.6220446829454818,0.6344629210387764,0.6344629210387764
mag_percentile_25 mag_percentile_50,1.156119152887106,0.5452898445454964,0.6304200331538811,0.6304200331538811
mag_percentile_95 doppler_centroid,2.621706353990171,0.23915557139884996,0.626995681128515,0.626995681128515
mag_rms doppler_spread,3.054433551969111,-0.2037006484883065,-0.6221900953005493,0.6221900953005493
mag_var doppler_spread,0.9076899674806344,-0.6820205305872706,-0.6190631932298847,0.6190631932298847
mag_percentile_50 mag_dynamic_range_db,2.4463065950166163,-0.25294480426117133,-0.6187805428392905,0.6187805428392905
mag_entropy_normalized mag_skewness,0.4307436211706669,-1.4140597290335792,-0.6090972082355359,0.6090972082355359
mag_entropy mag_skewness,0.43074362117066617,-1.4140597290332806,-0.6090972082354063,0.6090972082354063
mag_mean mag_percentile_25,1.1812192528043834,0.5121947612106917,0.6050143131276129,0.6050143131276129
mag_percentile_5,-1.7743123608642826,-0.33869026492687654,0.6009423235641557,0.6009423235641557
mag_rms mag_percentile_25,1.166540956520985,0.512526906276145,0.5978836274901154,0.5978836274901154
mag_mean mag_energy_total,1.342593859764501,0.44452032345585807,0.596810256812365,0.596810256812365
mag_mean pdp_total_energy,1.342593859764501,0.444520323455658,0.5968102568120963,0.5968102568120963
mag_percentile_1 phase_jump_m_rms_abs,1.0429470763902202,0.5701952861365185,0.594683506647567,0.594683506647567
mag_percentile_1 phase_unwrap_m_slope_rms,1.0429470763902202,0.5701952861362277,0.5946835066472638,0.5946835066472638
mag_var phase_unwrap_k_mean,0.956546422304106,-0.6201922439995325,-0.593242672138508,0.593242672138508
mag_mean doppler_spread,3.202147853445333,-0.18503767230698315,-0.5925179851843271,0.5925179851843271
mag_percentile_1 phase_jump_m_mean_abs,1.0083373134174995,0.567562752835959,0.5722947013904512,0.5722947013904512
mag_dynamic_range_linear doppler_centroid,2.1615097560566894,0.2644336513354693,0.57157591719131,0.57157591719131
mag_max doppler_centroid,2.325352558928224,0.24486325800113432,0.5693934035804395,0.5693934035804395
phase_unwrap_k_mean pdp_los_peak_power,1.1558824442524016,-0.49230629773311435,-0.5690482067446028,0.5690482067446028
mag_percentile_50 phase_unwrap_k_mean,1.0505096939937226,-0.5388078542267727,-0.5660228740651813,0.5660228740651813
mag_rms mag_energy_total,1.3238516560406703,0.4267260986346152,0.5649220523532098,0.5649220523532098
mag_rms pdp_total_energy,1.3238516560406701,0.42672609863454525,0.5649220523531171,0.5649220523531171
mag_energy_total^2,1.5526641201974938,0.3618616249167425,0.5618495614845895,0.5618495614845895
mag_energy_total pdp_total_energy,1.5526641201974931,0.36186162491658413,0.5618495614843434,0.5618495614843434
pdp_total_energy^2,1.552664120197493,0.3618616249163762,0.5618495614840204,0.5618495614840204
mag_percentile_1 phase_unwrap_k_var,-1.0248047933110018,-0.5480439236925834,0.5616380399451284,0.5616380399451284
mag_var mag_percentile_5,1.2953680433891777,0.43344363049818974,0.5614690275579417,0.5614690275579417
mag_percentile_1 phase_jump_k_var_abs,0.9914620028973882,0.5644229877850273,0.5596039459506712,0.5596039459506712
mag_percentile_99 svd_sigma_ratio,-1.4583643310817043,-0.3818064010258055,0.5568128366347117,0.5568128366347117
mag_percentile_1 phase_circular_mean,1.0053525962911438,-0.5524781316163916,-0.5554353240146196,0.5554353240146196
mag_percentile_1 svd_energy_ratio_mode1,-0.9724172630325495,-0.5709367910713145,0.5551887917381542,0.5551887917381542
mag_dynamic_range_linear phase_unwrap_k_mean,1.0696232355197974,-0.5153305086310961,-0.5512094860040558,0.5512094860040558
mag_rms mag_min,-0.6242164273069674,0.8829841270550718,-0.5511731971590782,0.5511731971590782
mag_percentile_75 phase_jump_m_max_abs,3.3552805282152645,-0.1640958709021509,-0.5505876803985127,0.5505876803985127
mag_mean mag_min,-0.6371784024231242,0.8631826882122982,-0.5500013662744099,0.5500013662744099
svd_spectral_flatness doppler_spread,1.348135762870308,0.40768555893833563,0.549615482010541,0.549615482010541
mag_percentile_50 svd_sigma_2,1.0156900376556512,0.5402293748684331,0.5487055941028078,0.5487055941028078
mag_percentile_5 phase_jump_m_rms_abs,1.1523004949491165,0.47482673337800296,0.547143079886545,0.547143079886545
mag_percentile_5 phase_unwrap_m_slope_rms,1.1523004949491165,0.47482673337793563,0.5471430798864674,0.5471430798864674
mag_dynamic_range_linear phase_jump_k_max_abs,3.0899166645324474,-0.1760357696828909,-0.5439358582969603,0.5439358582969603
mag_percentile_25 mag_percentile_75,1.1044902832467607,0.48756074947109523,0.538506110283333,0.538506110283333
mag_percentile_95 svd_sigma_ratio,-1.4760057628746832,-0.36259156004409243,0.5351872321948021,0.5351872321948021
mag_entropy_normalized pdp_rms_delay_spread,-1.6087070406053463,-0.33162399193826353,0.5334858506647352,0.5334858506647352
mag_entropy pdp_rms_delay_spread,-1.6087070406053423,-0.33162399193796976,0.5334858506642612,0.5334858506642612
phase_jump_m_max_abs doppler_spread,1.3625834065932914,0.39110727890703684,0.5329162884365828,0.5329162884365828
mag_mean doppler_centroid,3.203618145199055,0.1647054864322963,0.5276534849483412,0.5276534849483412
mag_energy_total mag_skewness,-0.4985543772671166,1.0455001187365565,-0.5212386606294004,0.5212386606294004
mag_skewness pdp_total_energy,-0.4985543772671162,1.0455001187359707,-0.521238660629108,0.521238660629108
mag_entropy_normalized phase_jump_k_max_abs,-4.500567972209537,0.11564384347837171,-0.5204629781419725,0.5204629781419725
mag_entropy phase_jump_k_max_abs,-4.500567972209527,0.11564384347815473,-0.5204629781409948,0.5204629781409948
pdp_los_peak_power dH_dt_max,0.5634376940119957,-0.9208712396532494,-0.5188535677521947,0.5188535677521947
mag_percentile_1 phase_unwrap_m_slope_var,0.9690656050852167,0.5305497808655062,0.5141375444222609,0.5141375444222609
mag_percentile_25 phase_unwrap_k_mean,1.0902589192648549,-0.4715411924090238,-0.5141019908247233,0.5141019908247233
mag_percentile_1 phase_jump_k_rms_abs,0.9701246225490577,0.5274686838559538,0.5117103578322054,0.5117103578322054
mag_percentile_1 phase_unwrap_k_slope_rms,0.9701246225490582,0.5274686838557643,0.5117103578320218,0.5117103578320218
svd_spectral_flatness doppler_centroid,1.0226144285819132,0.5001746700517037,0.51148583440607,0.51148583440607
mag_skewness svd_spectral_flatness,-1.0506820190578863,0.48369478021904744,-0.5082094082883093,0.5082094082883093
pdp_total_energy pdp_rms_delay_spread,1.2413996512464824,-0.40928937776576957,-0.5080916908173162,0.5080916908173162
mag_energy_total pdp_rms_delay_spread,1.241399651246482,-0.4092893777650416,-0.5080916908164123,0.5080916908164123
mag_percentile_1 phase_unwrap_k_slope_mean,0.982179884764736,0.5158498049036231,0.5066573019361521,0.5066573019361521
mag_percentile_1 phase_unwrap_k_slope_var,0.9695970508780374,0.5220904213202272,0.5062173328037644,0.5062173328037644
mag_dynamic_range_linear mag_dynamic_range_db,2.337849005988835,0.21610222081234778,0.505214362118127,0.505214362118127
mag_entropy svd_sigma_1,-4.755537946283525,0.10620043851403303,-0.5050402152654344,0.5050402152654344
mag_entropy_normalized svd_sigma_1,-4.755537946283535,0.10620043851323163,-0.5050402152616245,0.5050402152616245
mag_percentile_1 phase_jump_m_var_abs,0.9884671775535083,0.5061575566942922,0.5003201314629868,0.5003201314629868
mag_percentile_1 pdp_mean_delay,0.970201469978453,0.5133225782089749,0.49802631995147684,0.49802631995147684
mag_percentile_25 svd_sigma_1,1.1490976854576729,0.4333374558925377,0.4979470675882315,0.4979470675882315
mag_percentile_5 mag_percentile_25,1.3326451998141724,0.37313167271322234,0.4972521325399086,0.4972521325399086
mag_min svd_sigma_1,-0.6326730447875551,0.784630058702581,-0.49641428827120004,0.49641428827120004
mag_max phase_unwrap_k_mean,1.0539000732860484,-0.4684392354135342,-0.4936881445323842,0.4936881445323842
doppler_centroid,-0.9519491345561133,0.5127983071214114,-0.48815790466606757,0.48815790466606757
mag_percentile_50 pdp_total_energy,1.3135587630595287,0.37137032809249493,0.48781674880618897,0.48781674880618897
mag_energy_total mag_percentile_50,1.3135587630595291,0.37137032809237114,0.48781674880602655,0.48781674880602655
mag_percentile_75 svd_sigma_2,0.9131657808506232,0.5335447482439154,0.48721480664890415,0.48721480664890415
mag_percentile_75 pdp_total_energy,1.2488624343202699,0.3899227982587697,0.4869599350304186,0.4869599350304186
mag_energy_total mag_percentile_75,1.2488624343202699,0.38992279825813886,0.4869599350296308,0.4869599350296308
pdp_total_energy svd_sigma_1,1.3078932163806087,0.3681294221983768,0.4814739740433701,0.4814739740433701
mag_energy_total svd_sigma_1,1.3078932163806087,0.36812942219826905,0.48147397404322917,0.48147397404322917
mag_excess_kurtosis phase_jump_k_max_abs,0.4951468992196171,-0.968784260054551,-0.47969052237878207,0.47969052237878207
mag_kurtosis phase_jump_k_max_abs,0.495146899219617,-0.9687842600543465,-0.47969052237868076,0.47969052237868076
mag_percentile_1 mag_skewness,-0.22115708217222116,2.168614772885233,-0.47960451552687217,0.47960451552687217
mag_rms doppler_centroid,3.067421009883771,0.15575282963903903,0.47775950198363604,0.47775950198363604
mag_percentile_1 phase_jump_k_mean_abs,0.950880086483399,0.5019262517540467,0.4772716776761762,0.4772716776761762
mag_percentile_1 phase_unwrap_m_var,0.9590370213708489,0.4907079506124536,0.4706070913183611,0.4706070913183611
mag_percentile_50^2,1.0186062196383203,0.45548048112148654,0.4639552509942007,0.4639552509942007
mag_skewness dH_dt_max,-0.38197500397753925,1.2026091877396334,-0.4593666492702717,0.4593666492702717
svd_sigma_1 svd_sigma_2,0.8428360536278021,0.543797703680829,0.45833231054221085,0.45833231054221085
mag_percentile_5 mag_percentile_50,1.1903237923276064,0.38351298359262614,0.45650462903684985,0.45650462903684985
mag_percentile_95 phase_jump_m_max_abs,3.2768934591684564,-0.13869993195805097,-0.4545048998204472,0.4545048998204472
mag_min mag_percentile_99,-0.5259883942794811,0.8616199042822833,-0.45320206993267836,0.45320206993267836
mag_percentile_5 mag_skewness,-0.3276669949024272,1.3781747636766155,-0.45158238326427935,0.45158238326427935
mag_min mag_dynamic_range_db,0.4136170042240271,1.0872642205537892,0.4497109697054302,0.4497109697054302
mag_percentile_1 mag_percentile_5,1.0098842051648977,-0.44191111271036765,-0.4462790528130452,0.4462790528130452
phase_unwrap_m_var svd_sigma_2,0.709123846734115,-0.6291449993689024,-0.44614172210600844,0.44614172210600844
mag_percentile_75 doppler_spread,2.726636031636006,-0.1619207994857779,-0.44149908614923083,0.44149908614923083
mag_max doppler_spread,2.3664932356931945,-0.18598881077919796,-0.4401412626235935,0.4401412626235935
mag_mean mag_percentile_50,1.04217275224939,0.42232895162475337,0.4401397258693687,0.4401397258693687
mag_excess_kurtosis phase_jump_m_max_abs,0.4902900392573855,-0.8904641612238807,-0.43658570856375134,0.43658570856375134
mag_kurtosis phase_jump_m_max_abs,0.4902900392573854,-0.890464161223449,-0.43658570856353957,0.43658570856353957
mag_rms mag_percentile_50,1.0281264711049114,0.4224909976620494,0.4343741784998762,0.4343741784998762
pdp_rms_delay_spread svd_sigma_2,0.7691676833813555,-0.5638475399072055,-0.43369330605070167,0.43369330605070167
mag_var phase_unwrap_m_slope_rms,0.9555731469192832,-0.4510822566459274,-0.4310420915026006,0.4310420915026006
mag_var phase_jump_m_rms_abs,0.9555731469192832,-0.4510822566457203,-0.4310420915024027,0.4310420915024027
phase_jump_k_max_abs pdp_rms_delay_spread,0.8737642866345843,-0.49141884487219667,-0.42938423642854634,0.42938423642854634
mag_percentile_25 mag_percentile_95,1.1122389138077713,0.3856235579684741,0.42890552725354375,0.42890552725354375
mag_percentile_1 pdp_los_ratio,-0.8998431796270965,-0.47630044020188134,0.4285957025690466,0.4285957025690466
mag_percentile_1 pdp_papr_linear,-0.8998431668754577,-0.4763002435922838,0.4285955195776326,0.4285955195776326
phase_circular_mean svd_spectral_flatness,0.5262087459162315,-0.8136097073464255,-0.4281285437680346,0.4281285437680346
pdp_papr_linear,0.394004398604548,-1.0793487228582874,-0.4252681444343665,0.4252681444343665
pdp_los_ratio,0.3940044130616437,-1.0793485766788988,-0.42526810244329005,0.42526810244329005
mag_min mag_percentile_5,-0.8826364170777703,0.4816161541138006,-0.4250919566737802,0.4250919566737802
mag_rms phase_unwrap_k_mean,1.0523512098372534,-0.40276948270682966,-0.4238549524120569,0.4238549524120569
mag_entropy pdp_papr_linear,0.8410090975019325,0.5032618208092233,0.4232477697259442,0.4232477697259442
mag_entropy_normalized pdp_papr_linear,0.8410090975019348,0.5032618208092132,0.4232477697259368,0.4232477697259368
mag_entropy pdp_los_ratio,0.8410091339465751,0.5032617011627332,0.4232476874433503,0.4232476874433503
mag_entropy_normalized pdp_los_ratio,0.8410091339465772,0.5032617011622511,0.42324768744294594,0.42324768744294594
mag_percentile_5 phase_jump_m_mean_abs,1.107890587569161,0.3783215962892398,0.41913893560298876,0.41913893560298876
mag_percentile_5 phase_jump_k_var_abs,1.0854583780816978,0.384748009343174,0.41762795019180354,0.41762795019180354
mag_percentile_95,-1.515396001341665,0.27437968013949054,-0.415793870132789,0.415793870132789
mag_mean^2,1.0658404716420036,0.388202919786178,0.4137623831177028,0.4137623831177028
mag_mean mag_rms,1.0516503701717816,0.3897665292240157,0.40989811473900667,0.40989811473900667
phase_unwrap_k_mean svd_sigma_1,1.050703092991229,-0.389951954885933,-0.409723725116626,0.409723725116626
mag_percentile_50 pdp_rms_delay_spread,1.1722663857741795,-0.34868727260148474,-0.4087543688179986,0.4087543688179986
svd_sigma_2,-1.0753569260606428,0.3792815331787891,-0.40786302363071036,0.40786302363071036
mag_mean phase_unwrap_k_mean,1.0567744065680078,-0.38585311464382366,-0.40775969625014424,0.40775969625014424
pdp_total_energy pdp_mean_delay,1.0951789951662936,-0.370932529272883,-0.4062375146835678,0.4062375146835678
mag_energy_total pdp_mean_delay,1.0951789951662938,-0.37093252927273884,-0.40623751468340996,0.40623751468340996
mag_rms^2,1.037471347129003,0.3906086280469046,0.40524525954003376,0.40524525954003376
phase_coherence doppler_centroid,1.2137718602203433,0.3333783699970064,0.40464528430849234,0.40464528430849234
phase_circular_variance doppler_centroid,-1.2137718602204026,-0.33337836999688475,0.40464528430836444,0.40464528430836444
phase_jump_m_mean_abs svd_sigma_2,0.7269444643701676,-0.5542962946404711,-0.4029426230097859,0.4029426230097859
mag_energy_total phase_jump_m_mean_abs,1.1319877696481413,-0.3531948107079632,-0.3998122060246047,0.3998122060246047
phase_jump_m_mean_abs pdp_total_energy,1.1319877696481415,-0.35319481070723574,-0.3998122060237813,0.3998122060237813
mag_energy_total phase_unwrap_m_var,1.0849485369886498,-0.36748056825518366,-0.39869750490021916,0.39869750490021916
phase_unwrap_m_var pdp_total_energy,1.0849485369886502,-0.36748056825514314,-0.39869750490017536,0.39869750490017536
mag_energy_total phase_jump_m_var_abs,1.112149823419896,-0.358174645819365,-0.3983438691014906,0.3983438691014906
phase_jump_m_var_abs pdp_total_energy,1.1121498234198963,-0.358174645819338,-0.3983438691014607,0.3983438691014607
phase_unwrap_k_slope_mean pdp_total_energy,1.1163950205143327,-0.3546120280380493,-0.3958871023161672,0.3958871023161672
mag_energy_total phase_unwrap_k_slope_mean,1.116395020514332,-0.3546120280366697,-0.39588710231462676,0.39588710231462676
mag_dynamic_range_db mag_entropy,-3.7085351022970814,-0.10512834037941977,0.3898721405433139,0.3898721405433139
mag_dynamic_range_db mag_entropy_normalized,-3.7085351022970894,-0.10512834037940608,0.38987214054326397,0.38987214054326397
mag_percentile_50 mag_percentile_75,0.9690453720039306,0.40187239279681,0.38943258237589445,0.38943258237589445
mag_percentile_5 pdp_los_peak_power,1.576837508102909,0.24422909964581174,0.3851096048917188,0.3851096048917188
mag_min mag_percentile_95,-0.5546013234515451,0.6936103758441219,-0.3846772324028736,0.3846772324028736
mag_percentile_95 mag_dynamic_range_db,2.356212045350096,0.16315186673560722,0.3844203936237914,0.3844203936237914
mag_rms mag_percentile_5,1.2006662393420204,0.32009000191788173,0.38432125885372315,0.38432125885372315
svd_sigma_2 svd_energy_ratio_mode1,-0.7099625113131993,0.5409677928555469,-0.38406685275528263,0.38406685275528263
phase_unwrap_k_mean svd_sigma_2,0.7670603333395984,-0.5002358615150065,-0.3837110866821221,0.3837110866821221
mag_percentile_1 phase_circular_variance,-1.2148428005955243,-0.3137058085440346,0.3811032430147184,0.3811032430147184
mag_percentile_1 phase_coherence,1.2148428005956626,0.31370580854347735,0.38110324301408477,0.38110324301408477
svd_sigma_1 doppler_centroid,3.0611314242451155,0.12335257842063085,0.37759845406505305,0.37759845406505305
dH_dt_max doppler_centroid,1.3461684669070504,0.279757017995423,0.37660007602138673,0.37660007602138673
phase_jump_k_mean_abs svd_sigma_2,0.6914984629861763,-0.5444453855448568,-0.37648314728418464,0.37648314728418464
mag_mean mag_max,1.081452553112572,0.34757036576887207,0.3758808594470172,0.3758808594470172
mag_skewness phase_coherence,-0.6807343369323311,0.5494010202315626,-0.373996139217279,0.373996139217279
mag_skewness phase_circular_variance,0.6807343369322598,-0.5494010202309495,-0.37399613921682245,0.37399613921682245
mag_percentile_5 phase_jump_m_var_abs,1.0806902436929124,0.3449407782318323,0.3727741336869817,0.3727741336869817
mag_percentile_5 mag_percentile_75,1.1399699476754657,0.3266047729849215,0.3723196259701783,0.3723196259701783
mag_dynamic_range_db phase_circular_mean,0.9032491099533849,-0.41186706245464394,-0.37201855758127234,0.37201855758127234
pdp_los_ratio doppler_spread,-0.5792207136634455,0.6419917061680397,-0.371854894212665,0.371854894212665
pdp_papr_linear doppler_spread,-0.5792206887406999,0.6419916758698996,-0.37185486066315937,0.37185486066315937
mag_mean mag_dynamic_range_linear,1.1369311836524632,0.32690358395164676,0.37166687864237813,0.37166687864237813
mag_energy_total phase_jump_k_mean_abs,1.0712437692414645,-0.346746801606315,-0.3714503507251712,0.3714503507251712
phase_jump_k_mean_abs pdp_total_energy,1.0712437692414651,-0.3467468016063024,-0.3714503507251579,0.3714503507251579
mag_mean mag_percentile_5,1.214633882442392,0.3056689754562845,0.37127589440065506,0.37127589440065506
mag_dynamic_range_db svd_sigma_2,1.6560012978723717,0.2240343303889371,0.3710011418920476,0.3710011418920476
mag_energy_total phase_jump_k_rms_abs,1.0904217790553068,-0.34010558594652174,-0.3708585380944538,0.3708585380944538
phase_jump_k_rms_abs pdp_total_energy,1.0904217790553068,-0.3401055859462605,-0.3708585380941689,0.3708585380941689
mag_energy_total phase_unwrap_k_slope_rms,1.0904217790553072,-0.34010558594613366,-0.37085853809403074,0.37085853809403074
phase_unwrap_k_slope_rms pdp_total_energy,1.0904217790553075,-0.3401055859460791,-0.37085853809397135,0.37085853809397135
mag_percentile_25 doppler_spread,3.515240873034849,-0.10527171788304035,-0.37005544547705704,0.37005544547705704
phase_unwrap_k_mean doppler_spread,0.8798764451798283,-0.41932471941820004,-0.36895394349771476,0.36895394349771476
mag_energy_total phase_unwrap_k_slope_var,1.0950917198283807,-0.3364307765249959,-0.3684225576679554,0.3684225576679554
phase_unwrap_k_slope_var pdp_total_energy,1.0950917198283807,-0.33643077652493875,-0.3684225576678928,0.3684225576678928
mag_energy_total phase_unwrap_m_slope_var,1.094630802766183,-0.3364373278295626,-0.3682746622425836,0.3682746622425836
phase_unwrap_m_slope_var pdp_total_energy,1.094630802766183,-0.336437327829021,-0.3682746622419908,0.3682746622419908
mag_percentile_5 dH_dt_max,0.8514656401697439,0.43065516735797704,0.3666880777668681,0.3666880777668681
svd_spectral_flatness dH_dt_max,0.5630287137046627,0.650550319674844,0.3662785096866845,0.3662785096866845
mag_percentile_50 svd_sigma_1,1.0127545393197663,0.36139663888542684,0.36600608652612243,0.36600608652612243
mag_mean mag_percentile_75,0.9918933687240157,0.3672765231092033,0.3642991477600314,0.3642991477600314
mag_percentile_5 phase_unwrap_k_slope_rms,1.057991295044307,0.34258449315814743,0.36245141157848587,0.36245141157848587
mag_percentile_5 phase_jump_k_rms_abs,1.0579912950443067,0.34258449315806616,0.36245141157839983,0.36245141157839983
mag_rms mag_percentile_75,0.977904045071961,0.36939618842834515,0.3612340268982431,0.3612340268982431
mag_var phase_circular_mean,0.7580246120801342,0.47605418125683685,0.36086078607633965,0.36086078607633965
mag_percentile_5 svd_energy_ratio_mode1,-1.059904154976615,-0.3404004429720459,0.3607918438619518,0.3607918438619518
phase_unwrap_k_slope_rms svd_sigma_2,0.698477576015056,-0.5162702876676554,-0.3606032190986996,0.3606032190986996
phase_jump_k_rms_abs svd_sigma_2,0.6984775760150558,-0.5162702876670789,-0.36060321909829685,0.36060321909829685
mag_percentile_5 phase_unwrap_k_var,-1.1215976085847206,-0.32038075737774957,0.3593382913114455,0.3593382913114455
phase_unwrap_m_slope_rms svd_sigma_2,0.7334744212172822,-0.4894478629599169,-0.3589974880005607,0.3589974880005607
phase_jump_m_rms_abs svd_sigma_2,0.7334744212172825,-0.489447862959733,-0.35899748800042597,0.35899748800042597
mag_percentile_25 phase_coherence,1.3259305836895505,-0.2698820868199556,-0.35784491290453774,0.35784491290453774
mag_percentile_25 phase_circular_variance,-1.3259305836893949,0.26988208681973275,-0.3578449129042002,0.3578449129042002
mag_percentile_75 svd_sigma_ratio,-1.5044860304107501,-0.23781341464209368,0.3577869601733093,0.3577869601733093
mag_percentile_25 mag_percentile_99,1.123203501504457,0.3181096763065527,0.3573019022899694,0.3573019022899694
mag_rms mag_max,1.0655157094518084,0.33350141676115896,0.3553509986834495,0.3553509986834495
mag_percentile_75 phase_unwrap_k_mean,1.0349661104999466,-0.34321362091707786,-0.35521446631115117,0.35521446631115117
mag_energy_total svd_energy_ratio_mode1,-1.098222342322655,0.3232000526877285,-0.35494551890152265,0.35494551890152265
pdp_total_energy svd_energy_ratio_mode1,-1.0982223423226551,0.3232000526875202,-0.354945518901294,0.354945518901294
mag_energy_total phase_jump_k_var_abs,1.1150835039225062,-0.3180982253382116,-0.3547060837016639,0.3547060837016639
phase_jump_k_var_abs pdp_total_energy,1.1150835039225067,-0.31809822533742965,-0.35470608370079215,0.35470608370079215
mag_percentile_50 phase_unwrap_m_var,1.0012098366506945,-0.3539565238430942,-0.354384753418392,0.354384753418392
mag_energy_total phase_unwrap_k_var,-1.1715497441486848,0.3018955759208659,-0.3536856847297103,0.3536856847297103
phase_unwrap_k_var pdp_total_energy,-1.1715497441486846,0.3018955759200963,-0.3536856847288086,0.3536856847288086
mag_rms mag_dynamic_range_linear,1.1201749018630296,0.3116353527334686,0.3490861006652638,0.3490861006652638
mag_percentile_95 svd_sigma_2,0.777903212268634,0.4471088462948494,0.34780740776648633,0.34780740776648633
mag_max mag_percentile_50,1.05701828432521,0.3284789033667475,0.34720820687374593,0.34720820687374593
mag_percentile_95 doppler_spread,2.6013638158709473,-0.13326694969332914,-0.3466758207837203,0.3466758207837203
mag_percentile_50 pdp_mean_delay,1.012936366410166,-0.34093255117957233,-0.345342979582784,0.345342979582784
mag_var phase_jump_m_mean_abs,0.9359449745070952,-0.36857591122983335,-0.3449667718399358,0.3449667718399358
phase_unwrap_k_slope_var svd_sigma_2,0.7084081932678032,-0.48574940351725043,-0.3441088573265685,0.3441088573265685
phase_unwrap_m_slope_var svd_sigma_2,0.7000887031291956,-0.4895770252297504,-0.3427473446749454,0.3427473446749454
mag_skewness pdp_los_ratio,0.6626054809122067,0.5165419460279174,0.3422635245591553,0.3422635245591553
mag_skewness pdp_papr_linear,0.6626054745763917,0.5165417812865447,0.34226341212790573,0.34226341212790573
mag_percentile_50 phase_unwrap_k_slope_mean,1.0270207648501632,-0.3327517583451028,-0.34174296536082416,0.34174296536082416
mag_percentile_25 phase_circular_mean,1.1351393480942362,-0.30011035570669714,-0.34066707353322956,0.34066707353322956
mag_percentile_50 doppler_variance_energy,0.37892479760080117,-0.8965659200812653,-0.33973105980256957,0.33973105980256957
mag_percentile_50 dH_dt_mean,0.3792195244012419,-0.894677954645085,-0.339279348452785,0.339279348452785
mag_percentile_50 phase_jump_m_mean_abs,1.0523513571233842,-0.320912018076003,-0.3377121977394858,0.3377121977394858
mag_min mag_percentile_75,-0.5923458566952211,0.5672476031161361,-0.3360067674261384,0.3360067674261384
mag_percentile_50 mag_dynamic_range_linear,1.1113556340021604,0.29961097786451957,0.33297434825863037,0.33297434825863037
mag_percentile_50 phase_jump_m_var_abs,1.0311968232075215,-0.32262789023328026,-0.3326928554867036,0.3326928554867036
mag_dynamic_range_linear pdp_rms_delay_spread,1.1676226373173817,-0.28488953384333426,-0.3326434688502734,0.3326434688502734
mag_dynamic_range_linear doppler_spread,2.2376374267505534,-0.1475532096842455,-0.33017058442664,0.33017058442664
mag_mean svd_sigma_1,1.0360802858490321,0.3185202124754017,0.3300125127902086,0.3300125127902086
mag_percentile_50 phase_jump_k_mean_abs,0.9914789599146366,-0.3327459095132472,-0.3299105682800441,0.3299105682800441
mag_mean phase_circular_mean,1.066900830976784,-0.30906655059000465,-0.32974335965160423,0.32974335965160423
pdp_total_energy doppler_centroid,2.4309272063531413,0.13542827148193187,0.32921626965480744,0.32921626965480744
mag_energy_total doppler_centroid,2.4309272063531417,0.13542827148155592,0.3292162696538936,0.3292162696538936
mag_percentile_5 phase_unwrap_m_slope_var,1.055027115858244,0.3116173032847749,0.3287647047360598,0.3287647047360598
mag_rms svd_sigma_1,1.0221341156741046,0.3213346944487812,0.32844715374581357,0.32844715374581357
phase_jump_m_rms_abs pdp_total_energy,1.1640002765081336,-0.2808322383341141,-0.32688880307330687,0.32688880307330687
mag_energy_total phase_jump_m_rms_abs,1.1640002765081336,-0.2808322383339612,-0.32688880307312895,0.32688880307312895
phase_unwrap_m_slope_rms pdp_total_energy,1.1640002765081336,-0.2808322383338872,-0.3268888030730428,0.3268888030730428
mag_energy_total phase_unwrap_m_slope_rms,1.1640002765081336,-0.28083223833387,-0.32688880307302276,0.32688880307302276
mag_percentile_50 phase_unwrap_k_slope_var,1.012124910793031,-0.3227674302909771,-0.32668095659015106,0.32668095659015106
mag_max mag_min,-0.46275767705666854,0.7048251082908432,-0.32616322984388546,0.32616322984388546
mag_percentile_50 svd_spectral_flatness,1.493321619877929,-0.21738897520670075,-0.32463165659927334,0.32463165659927334
mag_percentile_5 phase_unwrap_k_slope_var,1.0556978621292668,0.3057114638273887,0.32273893879098287,0.32273893879098287
mag_min svd_spectral_flatness,0.44670012029505135,0.7215879351783443,0.3223334174476241,0.3223334174476241
mag_percentile_50 phase_unwrap_k_var,-1.073839744393449,0.2985353485155287,-0.3205791223423246,0.3205791223423246
mag_energy_total mag_percentile_95,1.243394879961673,0.25768446779070514,0.3204035478966114,0.3204035478966114
mag_percentile_95 pdp_total_energy,1.2433948799616723,0.2576844677905695,0.3204035478964426,0.3204035478964426
mag_percentile_50 phase_jump_k_rms_abs,1.0115447524456689,-0.3165713347125975,-0.32022607240324946,0.32022607240324946
mag_percentile_50 phase_unwrap_k_slope_rms,1.0115447524456698,-0.31657133471231036,-0.32022607240295925,0.32022607240295925
mag_percentile_50 phase_unwrap_m_slope_var,1.0116217988944551,-0.3161486998439506,-0.31982291645428046,0.31982291645428046
mag_dynamic_range_db svd_sigma_1,2.4492828575825394,0.13040890214154538,0.31940828849144604,0.31940828849144604
mag_percentile_1 phase_unwrap_k_mean,1.0031600737575117,0.31802696686166454,0.31903195553382513,0.31903195553382513
mag_percentile_5 mag_percentile_95,1.1515505813680573,0.27660701990966985,0.3185269745874661,0.3185269745874661
svd_sigma_ratio^2,0.08942729494006772,3.5394740398949387,0.3165255888983977,0.3165255888983977
mag_percentile_25 svd_sigma_ratio,-1.6642743811855818,-0.1889437591773473,0.31445425788375725,0.31445425788375725
dH_dt_max,-0.7971606982168128,-0.3939907535879382,0.31407394422112905,0.31407394422112905
svd_sigma_1 dH_dt_max,0.5548679897874097,-0.5657004517511451,-0.31388907248498743,0.31388907248498743
mag_percentile_75^2,0.9192474171012415,0.34142164987134893,0.3138509697866819,0.3138509697866819
mag_max pdp_rms_delay_spread,1.1570438795746905,-0.2712366275340391,-0.3138326798047399,0.3138326798047399
svd_sigma_1 svd_sigma_ratio,-1.555377746607773,-0.20117221535907814,0.31289878700529655,0.31289878700529655
phase_circular_variance pdp_total_energy,-1.4563849642617104,0.2102664808482928,-0.3062289411956765,0.3062289411956765
mag_energy_total phase_circular_variance,-1.4563849642617097,0.2102664808479509,-0.30622894119517846,0.30622894119517846
phase_coherence pdp_total_energy,1.456384964261875,-0.21026648084789365,-0.3062289411951298,0.3062289411951298
mag_energy_total phase_coherence,1.4563849642618747,-0.2102664808474719,-0.30622894119451555,0.30622894119451555
mag_percentile_50 svd_energy_ratio_mode1,-1.0154362208692178,0.29989188944086265,-0.3045210868831589,0.3045210868831589
phase_unwrap_k_mean doppler_centroid,0.7732021045942785,-0.39106231813606923,-0.302370207410326,0.302370207410326
mag_max,-1.5381645675344529,-0.19538187297250145,0.3005294741448191,0.3005294741448191
mag_dynamic_range_linear,-1.5440802211964466,-0.19398815074935735,0.29953326671855734,0.29953326671855734
mag_percentile_50 phase_jump_k_var_abs,1.0346344224495065,-0.28916588629132767,-0.2991809797551275,0.2991809797551275
mag_percentile_1 pdp_los_peak_power,1.1633976731345843,0.25561582651166215,0.2973828577800413,0.2973828577800413
phase_circular_mean svd_sigma_1,1.0456634249965013,-0.2842044601787931,-0.29718220922983857,0.29718220922983857
mag_percentile_5 phase_jump_k_mean_abs,1.0323958806165139,0.28779796138076236,0.2971214297793296,0.2971214297793296
mag_min phase_unwrap_k_mean,0.2716717118449107,1.093356439241006,0.29703401550526015,0.29703401550526015
mag_percentile_5 pdp_mean_delay,1.0571808699816334,0.280479951367799,0.296518038999416,0.296518038999416
mag_max pdp_total_energy,1.319696595254242,0.22418316006997072,0.29585375305767714,0.29585375305767714
mag_energy_total mag_max,1.319696595254242,0.22418316006975372,0.29585375305739076,0.29585375305739076
mag_percentile_25 mag_dynamic_range_db,2.625554351709526,0.11221568497930345,0.2946283800274755,0.2946283800274755
mag_percentile_75 mag_dynamic_range_db,2.379993096512379,0.12358392548236474,0.2941288894879283,0.2941288894879283
mag_percentile_5 phase_unwrap_k_slope_mean,1.0695492561944626,0.27405458559634277,0.2931148781812501,0.2931148781812501
mag_percentile_50 phase_jump_m_rms_abs,1.0869009686957052,-0.26803165417685143,-0.29132386456593207,0.29132386456593207
mag_percentile_50 phase_unwrap_m_slope_rms,1.0869009686957052,-0.26803165417635366,-0.29132386456539106,0.29132386456539106
mag_percentile_50 phase_circular_variance,-1.2609508467112156,0.23072381516873708,-0.29093139009346103,0.29093139009346103
mag_percentile_50 phase_coherence,1.2609508467113626,-0.23072381516865526,-0.29093139009339175,0.29093139009339175
mag_percentile_75 svd_sigma_1,0.9633035594429333,0.30200888482845395,0.29092623373864057,0.29092623373864057
mag_percentile_25 phase_unwrap_m_var,1.037232900226902,-0.27988822453131074,-0.29030927486996977,0.29030927486996977
mag_percentile_5^2,1.3485019509794263,-0.21422904613573132,-0.2888882866704952,0.2888882866704952
mag_var pdp_papr_linear,-0.7450964752574499,0.3873034693417267,-0.2885784498615024,0.2885784498615024
mag_var pdp_los_ratio,-0.7450964871515723,0.38730330540655244,-0.2885783323206148,0.2885783323206148
mag_var phase_jump_m_var_abs,0.9206673619975676,-0.31343167529452287,-0.28856631365988655,0.28856631365988655
mag_percentile_5 mag_percentile_99,1.1654890520823573,0.2458204412388737,0.28650103304196173,0.28650103304196173
mag_percentile_1 mag_dynamic_range_db,2.3634207777834386,0.12117060063334362,0.2863771151933434,0.2863771151933434
mag_percentile_50 phase_circular_mean,1.0420262653410823,-0.27478377068360427,-0.2863319063417765,0.2863319063417765
mag_mean dH_dt_max,0.9277849261529718,-0.3059702225934095,-0.2838745603738348,0.2838745603738348
mag_percentile_25 pdp_mean_delay,1.0503733525491723,-0.26841592345626597,-0.2819369333983401,0.2819369333983401
mag_percentile_25 phase_unwrap_k_slope_mean,1.0650232712195262,-0.2638544470400165,-0.28101112631237757,0.28101112631237757
pdp_los_peak_power svd_sigma_2,0.899878260993093,0.3121299082784799,0.2808789190655721,0.2808789190655721
mag_percentile_99 svd_spectral_flatness,1.4316566506437116,0.19613216152961285,0.28079391345899696,0.28079391345899696
pdp_total_energy svd_spectral_flatness,1.5229121005274602,-0.1840263686248755,-0.28025598359494985,0.28025598359494985
mag_energy_total svd_spectral_flatness,1.5229121005274597,-0.18402636862360564,-0.28025598359301584,0.28025598359301584
mag_rms phase_circular_mean,1.0556193316284201,-0.26527779598452805,-0.2800323696930479,0.2800323696930479
mag_percentile_99 svd_sigma_2,0.6905805068973906,0.404287774068943,0.2791932559489484,0.2791932559489484
mag_percentile_25 mag_skewness,-0.3396183651756546,0.811364064395551,-0.27555413711229154,0.27555413711229154
mag_var mag_skewness,-0.5072893126223673,0.5412231987336472,-0.2745567444608708,0.2745567444608708
mag_percentile_1 mag_percentile_25,0.9893987094358553,-0.27589934717866,-0.27297445803276116,0.27297445803276116
mag_dynamic_range_linear pdp_total_energy,1.3740062145708374,0.19861553840420826,0.27289898407771496,0.27289898407771496
mag_energy_total mag_dynamic_range_linear,1.374006214570838,0.19861553840371254,0.272898984077034,0.272898984077034
mag_percentile_5 phase_unwrap_m_var,1.0418059643353852,0.26162605480939755,0.2725635843259668,0.2725635843259668
pdp_papr_linear svd_sigma_2,-0.5752928067827568,0.4732977768406163,-0.27228480648267706,0.27228480648267706
pdp_los_ratio svd_sigma_2,-0.5752928153371035,0.47329764247273937,-0.2722847332305561,0.2722847332305561
mag_percentile_50 mag_percentile_95,0.9746069284302447,0.27689341795341077,0.26986224357412564,0.26986224357412564
mag_max svd_sigma_1,1.047888697687306,0.2563379695565189,0.2686136610863889,0.2686136610863889
pdp_los_ratio svd_sigma_1,-0.9030422601563632,-0.29558535187294727,0.2669260642244602,0.2669260642244602
pdp_papr_linear svd_sigma_1,-0.9030422464213539,-0.2955851547371876,0.2669258821426734,0.2669258821426734
mag_percentile_5 svd_sigma_1,1.1812729863370768,0.2250080170309891,0.26579589222798033,0.26579589222798033
mag_percentile_95 phase_unwrap_k_mean,1.0349793946968462,-0.25556620413730347,-0.26450575526299697,0.26450575526299697
mag_percentile_99 mag_dynamic_range_db,2.3429611823464156,0.11266811096555622,0.26397701048059674,0.26397701048059674
mag_mean svd_sigma_ratio,-1.570435156745981,-0.16719693469565017,0.26257194434621095,0.26257194434621095
mag_percentile_75 mag_dynamic_range_linear,1.0531937985027104,0.24925928466273783,0.2625183328260173,0.2625183328260173
mag_percentile_99 pdp_los_ratio,-0.879440869454087,-0.29848604541501167,0.26250082729968993,0.26250082729968993
mag_percentile_99 pdp_papr_linear,-0.8794408560280863,-0.29848585020415214,0.2625006516158107,0.2625006516158107
mag_max mag_percentile_75,1.0014771682593087,0.26208396459645916,0.2624711067102348,0.2624711067102348
mag_percentile_25 phase_jump_k_mean_abs,1.026869945194534,-0.25502330807774404,-0.2618757703891218,0.2618757703891218
mag_dynamic_range_linear phase_unwrap_m_var,1.0166288703174364,-0.25620798355937013,-0.2604684328922708,0.2604684328922708
mag_percentile_99 phase_circular_mean,1.0079556109502124,-0.25821109632400524,-0.26026532334938685,0.26026532334938685
mag_dynamic_range_linear svd_sigma_1,1.101445537051265,0.23580467383403694,0.2597260056103292,0.2597260056103292
mag_percentile_95 svd_spectral_flatness,1.4407750449937855,0.17931237188915394,0.25834879067653815,0.25834879067653815
phase_unwrap_k_var svd_sigma_2,-0.7845553434382213,0.3273750142664724,-0.2568438167509249,0.2568438167509249
mag_min pdp_papr_linear,-0.4648580802468127,0.5520909618799639,-0.25664394466113627,0.25664394466113627
mag_min pdp_los_ratio,-0.46485807634849335,0.5520908244176712,-0.25664387860845245,0.25664387860845245
mag_mean mag_percentile_95,0.9975712272186636,0.25723266533373357,0.2566079056377004,0.2566079056377004
mag_percentile_25 pdp_los_ratio,-0.9346338748886185,-0.2725127476861978,0.25469964532649547,0.25469964532649547
mag_percentile_25 pdp_papr_linear,-0.9346338599198744,-0.2725125493536493,0.25469945587900655,0.25469945587900655
mag_percentile_25 phase_unwrap_k_slope_var,1.0493628956482672,-0.2425421046843997,-0.25451468528824683,0.25451468528824683
phase_jump_m_var_abs svd_sigma_2,0.6571337881010598,-0.38656974883804385,-0.25402804341921903,0.25402804341921903
mag_rms mag_percentile_95,0.9830800123220556,0.25770362569893374,0.25334328352754615,0.25334328352754615
mag_var phase_jump_k_rms_abs,0.9057364651498991,-0.275661511263852,-0.24967668279000044,0.24967668279000044
mag_var phase_unwrap_k_slope_rms,0.9057364651498998,-0.2756615112637282,-0.24967668278988844,0.24967668278988844
svd_sigma_ratio dH_dt_max,-0.5206506506676536,-0.47917014910321715,0.2494802499111066,0.2494802499111066
mag_percentile_25 phase_unwrap_m_slope_var,1.048788247290938,-0.23766437513572422,-0.2492596034420922,0.2492596034420922
mag_skewness doppler_spread,-0.5916770472030481,0.42122786913622245,-0.24923086181015208,0.24923086181015208
pdp_mean_delay svd_sigma_2,0.7049284374597478,-0.3514909999063255,-0.24777600134513036,0.24777600134513036
pdp_los_peak_idx pdp_total_energy,0.7670718723163825,-0.32233924987900964,-0.2472573719257502,0.2472573719257502
mag_energy_total pdp_los_peak_idx,0.7670718723163823,-0.32233924987899304,-0.2472573719257374,0.2472573719257374
mag_percentile_25 phase_unwrap_k_var,-1.1158167854949224,0.22143078070741223,-0.24707618193857578,0.24707618193857578
svd_sigma_1^2,1.003917773812775,0.24568888345454884,0.246651436928237,0.246651436928237
mag_dynamic_range_db dH_dt_max,0.9222516325425518,0.2658721670211979,0.2452010400829258,0.2452010400829258
pdp_los_peak_idx doppler_spread,0.6886713053294071,0.35591161070355104,0.24510611352510628,0.24510611352510628
mag_percentile_95 pdp_los_ratio,-0.8819151604983947,-0.277693383277117,0.24490200468218087,0.24490200468218087
mag_percentile_95 pdp_papr_linear,-0.8819151471199816,-0.277693187302718,0.24490182813429318,0.24490182813429318
phase_jump_k_max_abs doppler_centroid,1.0172109641516718,-0.24075668851628967,-0.24490034325161875,0.24490034325161875
mag_max phase_unwrap_m_var,1.002883364709452,-0.2441341108966989,-0.24483803857643185,0.24483803857643185
pdp_los_ratio^2,-0.5006068462688976,-0.4871582999246088,0.24387478015897615,0.24387478015897615
pdp_papr_linear pdp_los_ratio,-0.5006068494944093,-0.4871581009523412,0.24387468212343089,0.24387468212343089
pdp_papr_linear^2,-0.5006068527199282,-0.4871579019796652,0.24387458408768348,0.24387458408768348
mag_entropy_normalized phase_unwrap_m_slope_rms,-1.3056764685098798,-0.18669457910188195,0.24376271873168365,0.24376271873168365
mag_entropy phase_jump_m_rms_abs,-1.305676468509876,-0.18669457910187703,0.24376271873167651,0.24376271873167651
mag_entropy phase_unwrap_m_slope_rms,-1.305676468509876,-0.18669457910173876,0.24376271873149596,0.24376271873149596
mag_entropy_normalized phase_jump_m_rms_abs,-1.3056764685098798,-0.18669457910164067,0.2437627187313686,0.2437627187313686
pdp_los_ratio svd_energy_ratio_mode1,-0.46129308015923587,-0.5251172042518897,0.24223293259396078,0.24223293259396078
pdp_papr_linear svd_energy_ratio_mode1,-0.46129308415911086,-0.5251170040549149,0.24223284234488401,0.24223284234488401
mag_dynamic_range_linear phase_jump_m_mean_abs,1.0616497815354993,-0.2275663460495762,-0.2415957615683644,0.2415957615683644
pdp_rms_delay_spread pdp_los_ratio,0.4262776664429127,0.5664596371007474,0.24146909223740579,0.24146909223740579
pdp_papr_linear pdp_rms_delay_spread,0.4262776722787744,0.566459436238035,0.24146900991989637,0.24146900991989637
mag_min mag_dynamic_range_linear,-0.36132322976031606,0.6676430183353174,-0.2412349317118428,0.2412349317118428
mag_min pdp_total_energy,-0.324966321368446,0.74043304023146,-0.2406158013036721,0.2406158013036721
mag_energy_total mag_min,-0.32496632136844605,0.7404330402309691,-0.24061580130351265,0.24061580130351265
mag_var phase_jump_k_var_abs,0.9244697479724578,-0.25980564129351164,-0.2401824557284355,0.2401824557284355
mag_percentile_25 phase_jump_m_var_abs,1.0707121679132798,-0.22314630701331764,-0.23892546614407165,0.23892546614407165
phase_jump_k_max_abs,-1.5758206101565697,0.15123182212501504,-0.23831422221613102,0.23831422221613102
mag_percentile_25 phase_jump_m_mean_abs,1.0945539183265431,-0.21586263254540905,-0.23627329027286026,0.23627329027286026
mag_rms dH_dt_max,0.8264092727194705,-0.28556826813990377,-0.23599626478525662,0.23599626478525662
phase_jump_m_mean_abs pdp_los_ratio,0.4536968374306193,0.5149578010437263,0.2336347257437647,0.2336347257437647
phase_jump_m_mean_abs pdp_papr_linear,0.4536968418602924,0.5149576006742412,0.23363463711785684,0.23363463711785684
mag_percentile_99 phase_unwrap_k_mean,1.0363348046960035,-0.2250810715913144,-0.233259348368352,0.233259348368352
phase_jump_m_max_abs pdp_rms_delay_spread,0.86748031082092,-0.2681145333883414,-0.23258407875932435,0.23258407875932435
mag_percentile_25 phase_jump_k_rms_abs,1.0492815001719908,-0.2216004701183757,-0.23252127372462766,0.23252127372462766
mag_percentile_25 phase_unwrap_k_slope_rms,1.0492815001719915,-0.2216004701183141,-0.2325212737245632,0.2325212737245632
mag_rms svd_sigma_ratio,-1.5553093622299317,-0.14869733462635024,0.23127035668299953,0.23127035668299953
mag_percentile_25 svd_energy_ratio_mode1,-1.0530750234888873,0.21888367023622662,-0.2305009261753482,0.2305009261753482
mag_percentile_1 pdp_los_peak_idx,0.6722352571472764,0.3402840665969319,0.22875094701190943,0.22875094701190943
mag_dynamic_range_linear svd_sigma_ratio,-1.4404271180505648,-0.15824796014405676,0.2279446531676843,0.2279446531676843
phase_unwrap_k_mean pdp_los_ratio,0.4523287693810758,0.5008566126756211,0.22655185524793783,0.22655185524793783
phase_unwrap_k_mean pdp_papr_linear,0.45232877363856105,0.5008564130216614,0.22655176707109673,0.22655176707109673
phase_jump_k_var_abs pdp_los_ratio,0.4576189152835505,0.49468508618898654,0.2263772525487537,0.2263772525487537
phase_jump_k_var_abs pdp_papr_linear,0.45761891951248457,0.49468488625853796,0.22637716314878847,0.22637716314878847
mag_skewness svd_sigma_2,-0.48368468189892966,0.4674084433894051,-0.2260783042576783,0.2260783042576783
phase_jump_k_var_abs svd_sigma_2,0.7034801431718288,-0.3207014627317993,-0.22560711091798108,0.22560711091798108
mag_percentile_99 mag_skewness,-0.32000769739564194,0.7049910016829093,-0.22560254713319494,0.22560254713319494
mag_max phase_jump_m_mean_abs,1.0489499439232366,-0.21496424147282175,-0.22548672903841746,0.22548672903841746
phase_coherence phase_jump_m_max_abs,1.5799691251854235,0.14238612901849532,0.2249656877038909,0.2249656877038909
phase_circular_variance phase_jump_m_max_abs,-1.5799691251852848,-0.14238612901787637,0.2249656877028932,0.2249656877028932
mag_dynamic_range_linear phase_jump_k_mean_abs,1.0048699928581861,-0.22327162399391187,-0.22435895520819785,0.22435895520819785
mag_max svd_sigma_ratio,-1.4561918288940954,-0.15366119040243129,0.22376016988216024,0.22376016988216024
mag_rms phase_unwrap_m_var,1.0028034395577397,-0.22295338973849071,-0.22357842609081574,0.22357842609081574
phase_jump_m_rms_abs pdp_los_ratio,0.4467420204699049,0.4997845773005871,0.22327477186296166,0.22327477186296166
phase_unwrap_m_slope_rms pdp_los_ratio,0.44674202046990497,0.49978457730039216,0.2232747718628746,0.2232747718628746
phase_jump_m_rms_abs pdp_papr_linear,0.44674202529669504,0.4997843771155154,0.22327468484423255,0.22327468484423255
phase_unwrap_m_slope_rms pdp_papr_linear,0.44674202529669504,0.4997843771147505,0.22327468484389085,0.22327468484389085
phase_unwrap_m_slope_var pdp_los_ratio,0.4622589354889007,0.4815547351189061,0.22260297923570507,0.22260297923570507
phase_unwrap_m_slope_var pdp_papr_linear,0.4622589394446714,0.48155453511762153,0.2226028886882435,0.2226028886882435
phase_unwrap_k_slope_rms pdp_los_ratio,0.4628444682929782,0.480730601839299,0.22250349980047376,0.22250349980047376
phase_jump_k_rms_abs pdp_los_ratio,0.46284446829297815,0.4807306018392229,0.22250349980043851,0.22250349980043851
phase_unwrap_k_slope_rms pdp_papr_linear,0.4628444722874362,0.48073040175966486,0.22250340911497926,0.22250340911497926
phase_jump_k_rms_abs pdp_papr_linear,0.4628444722874362,0.48073040175884285,0.22250340911459882,0.22250340911459882
mag_var phase_coherence,1.145578950809419,-0.19409462240538986,-0.22235071389291686,0.22235071389291686
mag_var phase_circular_variance,-1.1455789508093008,0.19409462240516095,-0.2223507138926317,0.2223507138926317
mag_dynamic_range_linear pdp_los_peak_power,1.434189955024223,-0.15500727369849285,-0.22230987489406887,0.22230987489406887
pdp_los_ratio svd_spectral_flatness,0.34296932059335683,0.6409247714041698,0.21981753339994065,0.21981753339994065
pdp_papr_linear svd_spectral_flatness,0.3429693303687289,0.6409245718957262,0.21981747123994144,0.21981747123994144
mag_rms phase_circular_variance,-1.2662726783357545,0.17286121946741348,-0.21888943935538632,0.21888943935538632
mag_rms phase_coherence,1.2662726783359026,-0.17286121946673672,-0.21888943935455496,0.21888943935455496
mag_dynamic_range_linear phase_jump_k_rms_abs,1.0231008905494807,-0.2126423097432507,-0.21755453646681833,0.21755453646681833
mag_dynamic_range_linear phase_unwrap_k_slope_rms,1.0231008905494814,-0.21264230974302545,-0.217554536466588,0.217554536466588
mag_dynamic_range_linear phase_jump_m_var_abs,1.0426878969869198,-0.20729658200349874,-0.21614563714180465,0.21614563714180465
phase_unwrap_k_slope_var pdp_los_ratio,0.46216403318677796,0.46765989617942094,0.21613558377799102,0.21613558377799102
phase_unwrap_k_slope_var pdp_papr_linear,0.46216403714794324,0.4676596961642801,0.2161354931906642,0.2161354931906642
mag_dynamic_range_linear phase_unwrap_k_slope_var,1.0261639785645043,-0.21036742205773967,-0.21587147077912838,0.21587147077912838
phase_jump_k_mean_abs pdp_los_ratio,0.46694333144041233,0.4611244108446176,0.21531896860828315,0.21531896860828315
phase_jump_k_mean_abs pdp_papr_linear,0.4669433352096628,0.4611242108304402,0.21531887695108945,0.21531887695108945
mag_percentile_25 pdp_rms_delay_spread,1.2285934692476983,-0.17228537827670792,-0.21166869059763263,0.21166869059763263
pdp_mean_delay pdp_los_ratio,0.46196023569328193,0.45794636319840915,0.21155300987801837,0.21155300987801837
pdp_papr_linear pdp_mean_delay,0.4619602396709104,0.45794616334195803,0.2115529193738248,0.2115529193738248
mag_mean mag_skewness,-0.31114669262775246,0.6788587287130964,-0.21122464820056058,0.21122464820056058
mag_mean pdp_los_ratio,-0.9063355097083976,-0.2323429425088015,0.21058065922586353,0.21058065922586353
mag_mean pdp_papr_linear,-0.9063354957056221,-0.23234274497147703,0.21058047693732856,0.21058047693732856
mag_max phase_jump_k_mean_abs,0.99185904795108,-0.21192943838127123,-0.21020413098565477,0.21020413098565477
mag_dynamic_range_linear phase_unwrap_m_slope_var,1.0258996419540087,-0.20477471727667707,-0.21007830913537637,0.21007830913537637
mag_percentile_75 mag_percentile_95,0.9230990271546732,0.22592781009379245,0.20855374170476557,0.20855374170476557
phase_unwrap_m_var pdp_los_ratio,0.46351604081408987,0.4497824352136137,0.20848137359793412,0.20848137359793412
phase_unwrap_m_var pdp_papr_linear,0.46351604465851126,0.44978223471183926,0.20848128239129787,0.20848128239129787
mag_dynamic_range_linear phase_unwrap_k_slope_mean,1.0440438923066666,-0.19960889401496607,-0.20840044664641405,0.20840044664641405
mag_mean phase_unwrap_m_var,1.006864139065148,-0.20653233717927455,-0.20795000386312312,0.20795000386312312
phase_circular_variance doppler_spread,-1.256414235687996,0.1652639437461918,-0.20763997156865552,0.20763997156865552
phase_coherence doppler_spread,1.2564142356879253,-0.16526394374610637,-0.20763997156853653,0.20763997156853653
mag_percentile_1^2,0.7049902641510251,0.29428577265665484,0.2074686046011036,0.2074686046011036
mag_skewness svd_sigma_1,-0.29745817535171243,0.6968217972919194,-0.20727534036775516,0.20727534036775516
mag_rms pdp_rms_delay_spread,1.1748543057886511,-0.176324673333315,-0.20715580168242248,0.20715580168242248
mag_max phase_jump_k_rms_abs,1.0102778781179644,-0.2037344627775989,-0.20582842075445604,0.20582842075445604
mag_max phase_unwrap_k_slope_rms,1.0102778781179649,-0.20373446277702784,-0.2058284207538792,0.2058284207538792
mag_dynamic_range_linear svd_energy_ratio_mode1,-1.0289212919386563,0.19981157543749417,-0.2055903843434448,0.2055903843434448
mag_max phase_jump_m_var_abs,1.0295386689613202,-0.19967598743270337,-0.20557415032500273,0.20557415032500273
phase_jump_m_var_abs pdp_los_ratio,0.4584598136922273,0.44823028460417935,0.2054955727708461,0.2054955727708461
phase_jump_m_var_abs pdp_papr_linear,0.4584598178787127,0.4482300849810096,0.20549548312815358,0.20549548312815358
phase_unwrap_k_var pdp_los_ratio,-0.44732171296827317,-0.4568939332669526,0.20437857687378513,0.20437857687378513
phase_unwrap_k_var pdp_papr_linear,-0.4473217174529639,-0.45689373322234855,0.20437848943851727,0.20437848943851727
pdp_rms_delay_spread,-0.6913689635064746,0.2955829598258691,-0.20435688456498702,0.20435688456498702
mag_rms mag_skewness,-0.30804487192388197,0.6620742969581981,-0.20394859201058232,0.20394859201058232
mag_percentile_25 phase_jump_k_var_abs,1.0747023980014128,-0.1887835163936795,-0.20288609777142635,0.20288609777142635
mag_max phase_unwrap_k_slope_var,1.012602669709542,-0.2002727590938706,-0.20279673052854932,0.20279673052854932
phase_jump_m_mean_abs phase_jump_k_max_abs,0.6641134485398084,-0.30503625028298015,-0.20257867610508204,0.20257867610508204
mag_rms phase_unwrap_k_slope_mean,1.0287403029522435,-0.1966359232560789,-0.2022872992617527,0.2022872992617527
mag_rms pdp_mean_delay,1.0145809526366203,-0.19807367660589112,-0.20096177950304286,0.20096177950304286
mag_dynamic_range_linear pdp_mean_delay,1.0264198070121457,-0.19507284448718062,-0.20022663139184227,0.20022663139184227
mag_entropy phase_circular_variance,2.130107702232785,-0.09395774170507473,-0.20014010929037826,0.20014010929037826
mag_entropy_normalized phase_circular_variance,2.130107702232791,-0.0939577417049675,-0.2001401092901504,0.2001401092901504
mag_entropy phase_coherence,-2.130107702233078,0.09395774170469104,-0.20014010928958847,0.20014010928958847
mag_entropy_normalized phase_coherence,-2.1301077022330834,0.09395774170451668,-0.20014010928921758,0.20014010928921758
mag_mean phase_coherence,1.273296477170673,-0.15696977962811523,-0.199869067422736,0.199869067422736
mag_mean phase_circular_variance,-1.273296477170525,0.1569697796277542,-0.1998690674222531,0.1998690674222531
phase_unwrap_k_slope_mean svd_sigma_1,1.0273607456908753,-0.19407393690713304,-0.19938394454007607,0.19938394454007607
mag_percentile_99 pdp_total_energy,1.2446003157211074,0.159952524252094,0.19907696218454426,0.19907696218454426
mag_energy_total mag_percentile_99,1.2446003157211079,0.15995252425089276,0.1990769621830493,0.1990769621830493
mag_var phase_unwrap_m_var,0.9087139340970517,-0.218748684769918,-0.198779977915828,0.198779977915828
mag_entropy svd_energy_ratio_mode1,1.0939977375912853,-0.18154859294908868,-0.19861374994918418,0.19861374994918418
mag_entropy_normalized svd_energy_ratio_mode1,1.0939977375912888,-0.18154859294862455,-0.19861374994867706,0.19861374994867706
mag_entropy_normalized doppler_centroid,-2.208465022395961,0.08949917351349021,-0.19765579423789015,0.19765579423789015
mag_entropy doppler_centroid,-2.2084650223959597,0.08949917351342088,-0.1976557942377369,0.1976557942377369
mag_rms phase_jump_k_mean_abs,0.9930123774862563,-0.19826369392944113,-0.19687830207808177,0.19687830207808177
mag_percentile_95 mag_skewness,-0.30863724071738396,0.63758392697267,-0.1967821439465989,0.1967821439465989
pdp_total_energy svd_sigma_2,0.9131661037233867,0.21488672947882284,0.19622727750003807,0.19622727750003807
mag_energy_total svd_sigma_2,0.9131661037233874,0.2148867294782075,0.1962272774994763,0.1962272774994763
mag_percentile_75 dH_dt_max,0.694662305878822,-0.2822912813783164,-0.19609711245174863,0.19609711245174863
mag_percentile_1 svd_sigma_1,0.8615495775038171,-0.2274515541617007,-0.19596079039059983,0.19596079039059983
mag_max phase_unwrap_k_slope_mean,1.029355822285099,-0.19029247906997895,-0.19587867126774816,0.19587867126774816
mag_max phase_unwrap_m_slope_var,1.0123209937372504,-0.1934692954135175,-0.1958530293906577,0.1958530293906577
phase_coherence svd_sigma_2,0.8198704247880342,-0.23565945888783324,-0.19321022066368612,0.19321022066368612
phase_circular_variance svd_sigma_2,-0.8198704247879481,0.23565945888735157,-0.19321022066327093,0.19321022066327093
mag_percentile_75 pdp_los_ratio,-0.8864731822350209,-0.21734404325165013,0.19266966566111632,0.19266966566111632
mag_percentile_75 pdp_papr_linear,-0.8864731688703229,-0.21734384633285103,0.19266948819314697,0.19266948819314697
mag_percentile_50 mag_percentile_99,0.9838073168690248,0.19432492908344667,0.19117828708234919,0.19117828708234919
mag_max svd_energy_ratio_mode1,-1.0153797945689491,0.18718993995766312,-0.1900688827795859,0.1900688827795859
mag_dynamic_range_linear mag_skewness,-0.4245842209395943,0.44720101807106666,-0.18987449586109728,0.18987449586109728
mag_rms phase_unwrap_k_slope_var,1.0137710015534347,-0.1865398760634869,-0.1891087169865347,0.1891087169865347
phase_coherence dH_dt_max,0.4228446608782914,0.44596609855146896,0.1885743837052106,0.1885743837052106
phase_circular_variance dH_dt_max,-0.42284466087824635,-0.4459660985514908,0.18857438370519972,0.18857438370519972
mag_mean pdp_mean_delay,1.0188477552451165,-0.18506522674852738,-0.1885532908466656,0.1885532908466656
mag_mean phase_unwrap_k_slope_mean,1.0330002312395485,-0.18240653440708443,-0.1884259922221229,0.1884259922221229
mag_var svd_sigma_ratio,-1.0866959862128545,0.17308089749342254,-0.18808631659622077,0.18808631659622077
phase_unwrap_k_slope_mean dH_dt_max,0.4091331673617418,0.4580314228671196,0.18739584678882998,0.18739584678882998
mag_mean mag_percentile_99,1.0069518052086412,0.18599719236247061,0.18729020861312867,0.18729020861312867
mag_max pdp_mean_delay,1.0129784551537193,-0.18401483296706495,-0.18640306122434716,0.18640306122434716
mag_rms phase_jump_m_var_abs,1.0329601098059353,-0.18043555800728683,-0.1863827338121022,0.1863827338121022
mag_rms pdp_los_ratio,-0.9018062503709032,-0.20658294467537558,0.1862977907282802,0.1862977907282802
mag_rms pdp_papr_linear,-0.9018062364952834,-0.20658274733346454,0.18629760989764768,0.18629760989764768
mag_var svd_energy_ratio_mode1,-0.9148384868351211,0.20361497289732486,-0.18627481370236287,0.18627481370236287
mag_dynamic_range_linear phase_unwrap_m_slope_rms,1.0921994114211742,-0.17044628892517816,-0.18616133644300298,0.18616133644300298
mag_dynamic_range_linear phase_jump_m_rms_abs,1.0921994114211737,-0.17044628892492877,-0.18616133644273053,0.18616133644273053
mag_rms phase_jump_m_mean_abs,1.0542675657755463,-0.17523545862324696,-0.18474506040029204,0.18474506040029204
mag_dynamic_range_linear phase_unwrap_k_var,-1.0928169729601351,0.1684215251860262,-0.1840539013351223,0.1840539013351223
mag_rms mag_percentile_99,0.9920508083205629,0.18527831536644418,0.18380550252355313,0.18380550252355313
mag_rms phase_unwrap_m_slope_var,1.0132742933610017,-0.17993723218150706,-0.18232577178805107,0.18232577178805107
pdp_rms_delay_spread doppler_centroid,0.891892245183602,0.2040704955171089,0.18200889242248444,0.18200889242248444
mag_mean phase_jump_k_mean_abs,0.9970451314246236,-0.18244756086472652,-0.18190845230047326,0.18190845230047326
mag_skewness doppler_centroid,-0.6167365502991156,0.2935606266056326,-0.1810495681564046,0.1810495681564046
mag_mean pdp_rms_delay_spread,1.1816648541258814,-0.1524680214631485,-0.18016610234111313,0.18016610234111313
phase_circular_mean dH_dt_max,0.5343857845744423,-0.3367770551291573,-0.1799688708318649,0.1799688708318649
mag_percentile_99 doppler_spread,2.5240059966336403,-0.07123064761016625,-0.17978658171215728,0.17978658171215728
mag_rms phase_jump_k_rms_abs,1.013201774956075,-0.17738964178735586,-0.17973149991777132,0.17973149991777132
mag_rms phase_unwrap_k_slope_rms,1.0132017749560756,-0.17738964178695968,-0.17973149991736997,0.17973149991736997
svd_sigma_ratio doppler_spread,-1.26905383179852,-0.1410385078079233,0.17898545876479055,0.17898545876479055
phase_circular_mean phase_unwrap_k_mean,0.24267348052582335,-0.736396161643405,-0.17870381959186193,0.17870381959186193
mag_dynamic_range_linear phase_jump_k_var_abs,1.0457902445565914,-0.17005937056019585,-0.17784643072728723,0.17784643072728723
mag_percentile_95 phase_circular_mean,1.009788989168283,-0.175814143918874,-0.1775351866693268,0.1775351866693268
mag_max phase_jump_m_rms_abs,1.080306065934909,-0.16333582079196995,-0.17645267798602238,0.17645267798602238
mag_max phase_unwrap_m_slope_rms,1.0803060659349093,-0.16333582079168868,-0.17645267798571856,0.17645267798571856
phase_jump_k_max_abs doppler_spread,1.3224246868317133,-0.13308508572866404,-0.17599500281670025,0.17599500281670025
mag_percentile_5 phase_unwrap_k_mean,1.0944826767153424,0.15994618086911896,0.1750583241680296,0.1750583241680296
mag_var phase_unwrap_m_slope_var,0.9134893458341282,-0.19122875939744136,-0.1746854343266406,0.1746854343266406
mag_rms phase_unwrap_k_var,-1.0758081860388755,0.1619547869381625,-0.17423228555625717,0.17423228555625717
mag_max phase_unwrap_k_var,-1.0767231879805277,0.16142422623290115,-0.17380920748677925,0.17380920748677925
mag_mean phase_unwrap_k_slope_var,1.0180048952135665,-0.17068440435044263,-0.17375755916536237,0.17375755916536237
mag_percentile_95 svd_sigma_1,0.9683802658755224,0.17900914513578678,0.1733489235607432,0.1733489235607432
mag_var phase_unwrap_k_slope_var,0.912257106841668,-0.18977712243514847,-0.17312552865742556,0.17312552865742556
phase_coherence svd_sigma_1,1.2582116260069975,-0.13695881237521002,-0.1723231700146003,0.1723231700146003
phase_circular_variance svd_sigma_1,-1.2582116260068499,0.13695881237372745,-0.1723231700127147,0.1723231700127147
mag_percentile_75 phase_circular_mean,1.0134467675532657,-0.1686698139458521,-0.17093787772723454,0.17093787772723454
mag_percentile_5 phase_jump_k_max_abs,4.107221981740167,-0.04149157864660266,-0.1704151238744274,0.1704151238744274
phase_circular_mean pdp_rms_delay_spread,0.33537928937063216,-0.5071062833839832,-0.1700729449567027,0.1700729449567027
mag_mean phase_jump_m_var_abs,1.0375189076575435,-0.1635099130464115,-0.16964462637509278,0.16964462637509278
mag_max phase_jump_k_var_abs,1.0326852377250368,-0.16384389509842875,-0.1691991717595169,0.1691991717595169
phase_jump_k_var_abs dH_dt_max,0.3960537505111785,0.42646965427098193,0.16890490605322805,0.16890490605322805
mag_var phase_jump_k_mean_abs,0.8933406959285258,-0.18792600612861446,-0.16788194909800486,0.16788194909800486
mag_mean phase_unwrap_m_slope_var,1.0174935111462846,-0.16414934046715488,-0.16702088878427232,0.16702088878427232
phase_unwrap_k_slope_mean pdp_los_ratio,0.45796529999032076,0.36327099417264724,0.16636550982405846,0.16636550982405846
phase_unwrap_k_slope_mean pdp_papr_linear,0.4579653040513808,0.36327079491068687,0.1663654200442595,0.1663654200442595
mag_mean phase_jump_m_mean_abs,1.0591633274643353,-0.15704010939889057,-0.16633112481629217,0.16633112481629217
mag_percentile_75 phase_unwrap_m_var,0.9870473625373408,-0.16812956238555768,-0.165951841117222,0.165951841117222
mag_rms svd_energy_ratio_mode1,-1.0170966039750498,0.16303283574997735,-0.16582014357772404,0.16582014357772404
phase_jump_k_max_abs pdp_papr_linear,-0.2285389767834158,-0.7230568701182235,0.165246677253038,0.165246677253038
phase_jump_k_max_abs pdp_los_ratio,-0.22853900654018322,-0.7230567274733319,0.16524666616895128,0.16524666616895128
pdp_mean_delay dH_dt_max,0.3918230217382354,0.41872596940492607,0.16406647461251003,0.16406647461251003
mag_percentile_50 pdp_los_peak_idx,0.7020536528400348,-0.23341189281216881,-0.16386767196508978,0.16386767196508978
mag_kurtosis dH_dt_max,0.3959030467673571,-0.4128820727908529,-0.1634612705735204,0.1634612705735204
mag_excess_kurtosis dH_dt_max,0.3959030467673571,-0.41288207279074385,-0.1634612705734772,0.1634612705734772
mag_var mag_percentile_1,0.9061647718904855,0.17998057185789273,0.1630920538423265,0.1630920538423265
mag_mean phase_jump_k_rms_abs,1.0175458780468005,-0.16023624637116884,-0.16304773200867445,0.16304773200867445
mag_mean phase_unwrap_k_slope_rms,1.0175458780468012,-0.16023624637111192,-0.16304773200861664,0.16304773200861664
mag_percentile_50 mag_skewness,-0.3014410273303751,0.5367069864028556,-0.16178550535666647,0.16178550535666647
phase_unwrap_k_mean svd_spectral_flatness,-0.22002032886285244,-0.7315668587953194,0.1609595808573101,0.1609595808573101
mag_percentile_75 mag_skewness,-0.29383495792016723,0.5470537569401894,-0.16074351765058995,0.16074351765058995
phase_jump_k_max_abs svd_energy_ratio_mode1,-0.6008564351142827,0.2662413175129495,-0.15997280892096066,0.15997280892096066
pdp_los_peak_idx svd_sigma_2,0.5280032136759332,0.30230738730072865,0.15961927201275972,0.15961927201275972
mag_mean phase_unwrap_k_var,-1.0804967807575643,0.14705511539197008,-0.1588925787749558,0.1588925787749558
mag_mean doppler_variance_energy,0.359973119405872,-0.4376866481927226,-0.15755542807223483,0.15755542807223483
mag_mean dH_dt_mean,0.3602079661261207,-0.43641647664217215,-0.1572006914352045,0.1572006914352045
mag_percentile_50 svd_sigma_ratio,-1.552273208441788,0.10108663933710836,-0.15691408197441106,0.15691408197441106
mag_percentile_25 pdp_los_peak_power,1.524147104092605,0.10286774919056697,0.15678558203332704,0.15678558203332704
phase_circular_mean svd_sigma_2,0.7582357167585039,-0.20633039766732864,-0.15644707696435406,0.15644707696435406
dH_dt_mean doppler_centroid,0.8697102298159699,0.17961235173597656,0.156210699706083,0.156210699706083
mag_percentile_75 pdp_rms_delay_spread,1.1501827369654158,-0.13517249062421496,-0.15547306522859158,0.15547306522859158
mag_percentile_99 pdp_los_peak_power,1.2961939400547045,-0.11957026591097182,-0.1549862540845313,0.1549862540845313
pdp_papr_linear doppler_centroid,-0.461197042795448,-0.334557064197172,0.15429672865406258,0.15429672865406258
pdp_los_ratio doppler_centroid,-0.46119706437613694,-0.33455702955566297,0.15429671989747223,0.15429671989747223
dH_dt_mean,-0.3212416650018596,0.47742345459551633,-0.1533683054652034,0.1533683054652034
phase_unwrap_k_var dH_dt_max,-0.42657197978060585,-0.35897042160914533,0.1531267234284919,0.1531267234284919
mag_percentile_25 pdp_los_peak_idx,0.7269229212405639,-0.2087062763025255,-0.1517133760510721,0.1517133760510721
doppler_variance_energy,-0.3210461267647775,0.4714323713297442,-0.15135153684694871,0.15135153684694871
mag_min phase_circular_mean,0.14681075677225688,-1.0301745037710355,-0.1512406985061099,0.1512406985061099
mag_percentile_25 phase_jump_m_rms_abs,1.1330691463514393,-0.13249113332800153,-0.1501216153390934,0.1501216153390934
mag_percentile_25 phase_unwrap_m_slope_rms,1.1330691463514395,-0.13249113332778772,-0.15012161533885118,0.15012161533885118
mag_mean svd_energy_ratio_mode1,-1.0213813404020788,0.14662451418143965,-0.14975954283044246,0.14975954283044246
mag_rms phase_jump_k_var_abs,1.0364231472081946,-0.1444698317695749,-0.14973187771926125,0.14973187771926125
phase_jump_m_max_abs pdp_papr_linear,-0.22207425721600574,-0.67228178105303,0.14929647716720504,0.14929647716720504
phase_jump_m_max_abs pdp_los_ratio,-0.22207428680370447,-0.6722816370940595,0.14929646508889013,0.14929646508889013
pdp_los_peak_idx doppler_centroid,0.6051006719677486,0.24532925713968176,0.14844889834857003,0.14844889834857003
pdp_mean_delay svd_sigma_1,1.0139308104960079,-0.14418103575883004,-0.14618959444510443,0.14618959444510443
mag_percentile_75 mag_percentile_99,0.9310481872901214,0.15371027864105788,0.1431116762966164,0.1431116762966164
phase_unwrap_k_mean,-0.5041299734820526,0.28370076192410654,-0.14302205758563794,0.14302205758563794
mag_percentile_75 phase_coherence,1.238023976367927,-0.11539894982050053,-0.14286666672545895,0.14286666672545895
mag_percentile_75 phase_circular_variance,-1.2380239763677843,0.11539894982051024,-0.1428666667254545,0.1428666667254545
mag_skewness doppler_variance_energy,-0.1949512972822402,0.7319210777173599,-0.14268896360921468,0.14268896360921468
mag_skewness dH_dt_mean,-0.19495923896607245,0.7300140577734175,-0.14232298513803993,0.14232298513803993
mag_percentile_75 phase_unwrap_k_slope_mean,1.0121205354887475,-0.14028298188650673,-0.14198328674692945,0.14198328674692945
mag_max^2,1.0538201446982645,0.1345575108881913,0.14179941559443204,0.14179941559443204
mag_skewness phase_circular_mean,-0.5869974892527787,-0.24116315388954368,0.14156216583344364,0.14156216583344364
mag_percentile_75 phase_jump_k_mean_abs,0.9775151868777198,-0.14401433322821378,-0.1407761978586476,0.1407761978586476
mag_percentile_75 pdp_mean_delay,0.9981928917144419,-0.14102227266533227,-0.1407674301479505,0.1407674301479505
phase_jump_m_max_abs doppler_centroid,1.0523191043883158,0.13371492305012186,0.1407107680674568,0.1407107680674568
svd_sigma_2 doppler_centroid,1.5469353037839306,0.09092008841067088,0.14064749458562298,0.14064749458562298
mag_max mag_percentile_95,0.9977395867800721,0.13920363942261094,0.138888981675798,0.138888981675798
mag_dynamic_range_linear svd_spectral_flatness,1.4466053001998904,-0.09551272782488418,-0.138169218308027,0.138169218308027
phase_unwrap_m_slope_rms doppler_centroid,0.7985523075570967,0.17192402960666459,0.1372903305669166,0.1372903305669166
phase_jump_m_rms_abs doppler_centroid,0.7985523075570967,0.1719240296064776,0.1372903305667673,0.1372903305667673
mag_percentile_1 doppler_centroid,3.08696429030233,-0.04417611937617049,-0.13637010299837116,0.13637010299837116
mag_dynamic_range_db phase_unwrap_k_mean,0.1681199618280549,-0.8105136613323515,-0.13626352580431195,0.13626352580431195
mag_max phase_jump_k_max_abs,3.200651801433819,0.04215558254759061,0.13492534122143796,0.13492534122143796
phase_unwrap_m_var svd_sigma_1,1.0021365136623945,-0.13456175552227875,-0.13484924855138788,0.13484924855138788
mag_energy_total mag_percentile_1,1.139682051763255,0.11805843579638818,0.1345490803363882,0.1345490803363882
mag_percentile_1 pdp_total_energy,1.1396820517632547,0.11805843579586217,0.13454908033578866,0.13454908033578866
mag_mean mag_percentile_1,0.8887184172635675,-0.15130413288536762,-0.1344667695033204,0.1344667695033204
mag_percentile_75 phase_jump_m_var_abs,1.0156500220946167,-0.1316215572381312,-0.13368143751703582,0.13368143751703582
mag_max mag_skewness,-0.3897223404418014,0.34176273595258366,-0.13319257333123427,0.13319257333123427
mag_mean phase_jump_k_var_abs,1.0410458491808545,-0.1279078880497024,-0.13315797593163212,0.13315797593163212
mag_percentile_5 phase_coherence,1.3320995300350083,0.09988074949427753,0.13305109946087149,0.13305109946087149
mag_percentile_5 phase_circular_variance,-1.3320995300348488,-0.09988074949358292,0.13305109945993027,0.13305109945993027
mag_entropy pdp_mean_delay,-1.0296006785565204,0.12870983750564793,-0.13251973603271458,0.13251973603271458
mag_entropy_normalized pdp_mean_delay,-1.0296006785565235,0.12870983750472637,-0.13251973603176614,0.13251973603176614
mag_percentile_75 phase_unwrap_k_slope_var,0.9974733888869614,-0.13283130296300674,-0.132495689916781,0.132495689916781
mag_dynamic_range_linear phase_circular_variance,-1.305162508119313,0.10092070691045034,-0.13171792295241744,0.13171792295241744
mag_dynamic_range_linear phase_coherence,1.3051625081194609,-0.100920706910131,-0.1317179229520156,0.1317179229520156
mag_var phase_unwrap_k_var,-0.9746790587288555,0.13416171405439178,-0.13076461317198446,0.13076461317198446
phase_jump_k_max_abs pdp_mean_delay,0.5947144192728819,-0.21921108756650035,-0.13036799464028812,0.13036799464028812
pdp_rms_delay_spread svd_sigma_1,1.17383740195885,-0.110758424396105,-0.13001238113817962,0.13001238113817962
mag_entropy phase_unwrap_k_mean,-1.1106344106679893,0.11669503974689194,-0.1296055266971669,0.1296055266971669
mag_entropy_normalized phase_unwrap_k_mean,-1.1106344106679922,0.11669503974685047,-0.1296055266971212,0.1296055266971212
mag_var pdp_mean_delay,0.9114550411119997,-0.1421387072864016,-0.12955304129333367,0.12955304129333367
mag_var phase_unwrap_k_slope_mean,0.9327154018828636,-0.1388525747097834,-0.12950993502290598,0.12950993502290598
mag_percentile_75 phase_jump_m_mean_abs,1.0358093468047,-0.12381166083399656,-0.12824527553526704,0.12824527553526704
mag_min phase_coherence,0.09634911157138726,1.32438780055455,0.1276035879594145,0.1276035879594145
mag_min phase_circular_variance,-0.09634911157142909,-1.324387800553943,0.1276035879594114,0.1276035879594114
mag_percentile_75 phase_jump_k_rms_abs,0.9966754079134154,-0.12783882336895128,-0.12741381142842056,0.12741381142842056
mag_percentile_75 phase_unwrap_k_slope_rms,0.9966754079134154,-0.12783882336796018,-0.12741381142743277,0.12741381142743277
mag_rms phase_unwrap_m_slope_rms,1.0890710329539974,-0.11675306829743454,-0.12715238469123563,0.12715238469123563
mag_rms phase_jump_m_rms_abs,1.0890710329539974,-0.11675306829695922,-0.127152384690718,0.127152384690718
phase_unwrap_k_slope_mean pdp_los_peak_power,1.1267483460068077,-0.11278808741734683,-0.12708379094676678,0.12708379094676678
phase_jump_m_var_abs svd_sigma_1,1.0320915639532016,-0.12164484678596535,-0.12554862016617457,0.12554862016617457
mag_percentile_75 phase_unwrap_m_slope_var,0.9970115809486255,-0.1253394221002063,-0.12496485538331377,0.12496485538331377
mag_percentile_95 mag_dynamic_range_linear,1.047871438872248,0.11758878840325422,0.12321793289936232,0.12321793289936232
svd_energy_ratio_mode1 svd_spectral_flatness,0.24761564206891698,0.4966966478743057,0.12298985937687497,0.12298985937687497
mag_max mag_dynamic_range_linear,1.102288062755342,0.11136612468420638,0.12275754983472373,0.12275754983472373
mag_percentile_1 mag_percentile_50,0.8690229787160535,-0.14076598679198699,-0.12232887714387718,0.12232887714387718
mag_var^2,0.14626054261303403,-0.8249066710849315,-0.12065129731799368,0.12065129731799368
mag_percentile_5 pdp_los_peak_idx,0.7283363473101893,0.16486540388317963,0.12007746606209414,0.12007746606209414
mag_percentile_75 svd_spectral_flatness,1.4565879065487608,0.0818922831962271,0.11928330934329069,0.11928330934329069
mag_dynamic_range_db phase_circular_variance,-0.7824676447798703,0.1521791909717665,-0.11907529314418423,0.11907529314418423
mag_dynamic_range_db phase_coherence,0.7824676447800218,-0.1521791909713941,-0.1190752931439159,0.1190752931439159
phase_unwrap_m_slope_rms,-0.5771634439284329,0.20590265923648948,-0.11883948791895482,0.11883948791895482
phase_jump_m_rms_abs,-0.5771634439284329,0.20590265923610118,-0.11883948791873071,0.11883948791873071
mag_energy_total dH_dt_max,0.6873547771634385,-0.17216590252574693,-0.11833905556572706,0.11833905556572706
pdp_total_energy dH_dt_max,0.6873547771634378,-0.1721659025257383,-0.11833905556572101,0.11833905556572101
phase_jump_k_rms_abs svd_spectral_flatness,-0.2522060094203435,-0.4672619357993451,0.11784626818197756,0.11784626818197756
phase_unwrap_k_slope_rms svd_spectral_flatness,-0.25220600942034327,-0.4672619357993023,0.11784626818196667,0.11784626818196667
phase_unwrap_m_slope_rms^2,-0.38464289101898,-0.30564141789601523,0.11756279859466352,0.11756279859466352
phase_unwrap_m_slope_rms phase_jump_m_rms_abs,-0.38464289101897997,-0.3056414178959127,0.11756279859462407,0.11756279859462407
phase_jump_m_rms_abs^2,-0.38464289101897997,-0.3056414178955083,0.11756279859446851,0.11756279859446851
phase_jump_m_mean_abs svd_spectral_flatness,-0.2275840329773705,-0.5146797586161723,0.11713289515768806,0.11713289515768806
phase_jump_k_mean_abs svd_sigma_1,0.992537051840053,-0.11789966630225947,-0.11701978720457065,0.11701978720457065
phase_unwrap_m_slope_var phase_jump_k_max_abs,0.5930031123280964,-0.1971913779750954,-0.11693510086349762,0.11693510086349762
phase_unwrap_k_slope_var svd_sigma_1,1.0131351102492188,-0.11469518979208657,-0.11620172375506069,0.11620172375506069
phase_jump_k_mean_abs svd_spectral_flatness,-0.26303641980845704,-0.440187732602145,0.11578540522727064,0.11578540522727064
phase_unwrap_m_slope_rms svd_energy_ratio_mode1,0.41283519611703823,0.2799862887218016,0.11558819441454665,0.11558819441454665
phase_jump_m_rms_abs svd_energy_ratio_mode1,0.41283519611703823,0.2799862887206674,0.11558819441407842,0.11558819441407842
phase_unwrap_k_var svd_sigma_1,-1.0743076423616484,0.10753313455336344,-0.11552366825778179,0.11552366825778179
mag_dynamic_range_linear pdp_los_ratio,-0.883674025425842,-0.1302093083007837,0.11506258361406803,0.11506258361406803
mag_dynamic_range_linear pdp_papr_linear,-0.8836740111525966,-0.13020911630591164,0.1150624120946799,0.1150624120946799
mag_percentile_75 phase_unwrap_k_var,-1.0574602069818144,0.1087914134674154,-0.11504259060309724,0.11504259060309724
mag_var doppler_centroid,0.9229270098482736,-0.12423682467500632,-0.1146615211103478,0.1146615211103478
phase_jump_k_var_abs svd_spectral_flatness,-0.23778950328069207,-0.4817037593227272,0.11454409765779333,0.11454409765779333
phase_jump_m_rms_abs pdp_rms_delay_spread,-0.349907788422884,-0.3267474073300966,0.11433146267178534,0.11433146267178534
phase_unwrap_m_slope_rms pdp_rms_delay_spread,-0.3499077884228839,-0.32674740732992624,0.1143314626717257,0.1143314626717257
phase_unwrap_m_slope_var svd_spectral_flatness,-0.24966228093819182,-0.4569142363655618,0.11407425044415827,0.11407425044415827
pdp_rms_delay_spread^2,-0.3131405637340771,-0.36314776559647405,0.11371629603765038,0.11371629603765038
pdp_papr_linear svd_sigma_ratio,-0.3128323735743109,0.3619338842589841,-0.11322463608970791,0.11322463608970791
pdp_los_ratio svd_sigma_ratio,-0.31283236217296145,0.36193369013761945,-0.11322457123572817,0.11322457123572817
mag_percentile_25 dH_dt_max,0.9234975515917168,-0.12227921864241899,-0.11292455902682215,0.11292455902682215
mag_entropy phase_unwrap_k_slope_mean,-1.0508483076256063,0.10743113211508203,-0.11289382336943687,0.11289382336943687
mag_entropy_normalized phase_unwrap_k_slope_mean,-1.05084830762561,0.10743113211472764,-0.11289382336906488,0.11289382336906488
phase_unwrap_m_slope_rms phase_jump_k_max_abs,0.7216868430062773,-0.15532446830982366,-0.1120956251761452,0.1120956251761452
phase_jump_m_rms_abs phase_jump_k_max_abs,0.7216868430062773,-0.15532446830968283,-0.11209562517604356,0.11209562517604356
phase_unwrap_k_mean pdp_rms_delay_spread,-0.3647404529617001,-0.30681957094869927,0.11190950928534306,0.11190950928534306
phase_unwrap_m_slope_rms phase_jump_m_mean_abs,-0.39833748062136143,-0.2803382120708205,0.11166921711818757,0.11166921711818757
phase_jump_m_mean_abs phase_jump_m_rms_abs,-0.39833748062136143,-0.2803382120703486,0.1116692171179996,0.1116692171179996
mag_rms doppler_variance_energy,0.30390402604563704,-0.36632332883160146,-0.11132713446636347,0.11132713446636347
mag_rms dH_dt_mean,0.3040477592941799,-0.36608823719938305,-0.11130830822442865,0.11130830822442865
phase_unwrap_k_slope_var dH_dt_max,0.39268374594763594,0.28288065979559507,0.11108263714467309,0.11108263714467309
mag_percentile_95^2,0.9243628520823691,0.1192413875741258,0.1102223091042781,0.1102223091042781
phase_unwrap_k_slope_var svd_spectral_flatness,-0.24934699990441503,-0.4415934950140746,0.11011001315906475,0.11011001315906475
phase_unwrap_m_slope_rms svd_spectral_flatness,-0.20751970657939586,-0.5252888948210809,0.10900779732268584,0.10900779732268584
phase_jump_m_rms_abs svd_spectral_flatness,-0.20751970657939586,-0.5252888948210477,0.10900779732267896,0.10900779732267896
mag_percentile_75 svd_energy_ratio_mode1,-1.000627024619489,0.10888798271524498,-0.10895625816117394,0.10895625816117394
mag_rms mag_percentile_1,0.8766434436036996,-0.12344173970492245,-0.10821439177935475,0.10821439177935475
phase_unwrap_m_var svd_spectral_flatness,-0.25401470888073435,-0.423555246063848,0.10758926252381615,0.10758926252381615
phase_unwrap_m_slope_var svd_sigma_1,1.0126080738504635,-0.106117117693442,-0.10745505015011923,0.10745505015011923
pdp_rms_delay_spread svd_energy_ratio_mode1,0.3797587370194377,0.2824366204466109,0.10725777426884324,0.10725777426884324
pdp_mean_delay svd_spectral_flatness,-0.24946007083964267,-0.42899883643734993,0.10701808012778559,0.10701808012778559
mag_entropy pdp_los_peak_idx,-0.7449043041757522,0.14362212409947772,-0.10698473841656497,0.10698473841656497
mag_entropy_normalized pdp_los_peak_idx,-0.744904304175754,0.14362212409920627,-0.10698473841636304,0.10698473841636304
phase_jump_m_mean_abs pdp_rms_delay_spread,-0.36459901275102663,-0.2930480398475076,0.10684502601702478,0.10684502601702478
svd_energy_ratio_mode1^2,-0.44009261880837136,-0.2417618932074101,0.10639762470971892,0.10639762470971892
phase_jump_m_var_abs dH_dt_max,0.3850166359281424,0.27582590169322463,0.10619756077177187,0.10619756077177187
mag_percentile_25 doppler_variance_energy,0.4111293345164702,-0.2575661063515796,-0.10589298189832332,0.10589298189832332
pdp_los_peak_power pdp_los_ratio,-0.9647126654153938,-0.1096113183548294,0.10574342708978275,0.10574342708978275
pdp_los_peak_power pdp_papr_linear,-0.964712648745158,-0.10961112661083845,0.10574324028468285,0.10574324028468285
phase_jump_m_rms_abs phase_jump_k_var_abs,-0.4053102975548299,-0.2602834794741841,0.10549557451428802,0.10549557451428802
phase_unwrap_m_slope_rms phase_jump_k_var_abs,-0.4053102975548299,-0.260283479473699,0.1054955745140914,0.1054955745140914
mag_mean phase_jump_m_rms_abs,1.094512374930527,-0.09630939315078756,-0.10541182262558632,0.10541182262558632
mag_mean phase_unwrap_m_slope_rms,1.0945123749305268,-0.09630939315057642,-0.1054118226253552,0.1054118226253552
phase_unwrap_k_slope_rms svd_sigma_1,1.0126923240511305,-0.10400876401769187,-0.10532887695476198,0.10532887695476198
phase_jump_k_rms_abs svd_sigma_1,1.01269232405113,-0.10400876401708063,-0.10532887695414293,0.10532887695414293
phase_jump_m_var_abs svd_spectral_flatness,-0.23963097740045108,-0.4385248181955073,0.10508413079854453,0.10508413079854453
phase_coherence svd_sigma_ratio,-0.3199454773810789,-0.3267609540278513,0.10454568942593767,0.10454568942593767
phase_circular_variance svd_sigma_ratio,0.3199454773809932,0.3267609540269345,0.10454568942561633,0.10454568942561633
phase_unwrap_m_var phase_jump_k_max_abs,0.5758312562007711,-0.18132267847512507,-0.10441126572401979,0.10441126572401979
phase_jump_m_mean_abs svd_sigma_1,1.0535140858857155,-0.09890760502171847,-0.10420055509160114,0.10420055509160114
phase_jump_k_mean_abs phase_jump_k_max_abs,0.5476212269165394,-0.19000028787790282,-0.10404819076219282,0.10404819076219282
phase_unwrap_m_slope_rms phase_unwrap_k_slope_rms,-0.4137659416817563,-0.2510873453703272,0.1038913919015258,0.1038913919015258
phase_unwrap_m_slope_rms phase_jump_k_rms_abs,-0.41376594168175596,-0.25108734536993604,0.10389139190136387,0.10389139190136387
phase_unwrap_k_slope_rms phase_jump_m_rms_abs,-0.41376594168175623,-0.251087345369783,0.10389139190130062,0.10389139190130062
phase_jump_m_rms_abs phase_jump_k_rms_abs,-0.4137659416817559,-0.2510873453692608,0.10389139190108447,0.10389139190108447
mag_percentile_25 dH_dt_mean,0.4111350708127746,-0.2524724400190023,-0.10380027450548651,0.10380027450548651
phase_jump_m_mean_abs svd_energy_ratio_mode1,0.4260114595606791,0.24340908441433112,0.10369505932167775,0.10369505932167775
mag_max pdp_los_peak_power,1.37412876004081,-0.0753706817983537,-0.10356902152300222,0.10356902152300222
phase_circular_variance pdp_los_peak_power,-1.4724708533969337,0.07017387196802169,-0.10332898114292006,0.10332898114292006
phase_coherence pdp_los_peak_power,1.4724708533971043,-0.07017387196777312,-0.10332898114256603,0.10332898114256603
phase_unwrap_m_slope_var dH_dt_max,0.39450522488298223,0.25974866659764295,0.1024722061291579,0.1024722061291579
phase_unwrap_m_slope_rms phase_unwrap_k_mean,-0.4014098411493938,-0.2548664022318283,0.10230588203419572,0.10230588203419572
phase_unwrap_k_mean phase_jump_m_rms_abs,-0.40140984114939376,-0.25486640223148926,0.1023058820340596,0.1023058820340596
phase_jump_k_var_abs svd_sigma_1,1.0358114141677341,-0.09851607173043506,-0.10204407157735187,0.10204407157735187
phase_unwrap_k_slope_var phase_jump_k_max_abs,0.5941319042862045,-0.17089501252446238,-0.10153417922417361,0.10153417922417361
phase_unwrap_m_slope_var phase_jump_m_rms_abs,-0.4143537888790837,-0.2445166610559689,0.1013164049526034,0.1013164049526034
phase_unwrap_m_slope_var phase_unwrap_m_slope_rms,-0.4143537888790837,-0.24451666105529704,0.10131640495232502,0.10131640495232502
phase_jump_m_mean_abs^2,-0.41175380505746517,-0.24566040114886387,0.10115160492498798,0.10115160492498798
mag_dynamic_range_linear^2,1.1509975082139785,0.087380156446564,0.10057434233734276,0.10057434233734276
phase_jump_k_var_abs pdp_rms_delay_spread,-0.3721221384727521,-0.2700293832383298,0.10048391154112561,0.10048391154112561
mag_percentile_75 dH_dt_mean,0.24280537916533204,-0.41334103951123574,-0.10036142782311809,0.10036142782311809
mag_percentile_75 doppler_variance_energy,0.242722515356221,-0.4131086465212987,-0.1002707697990536,0.1002707697990536
phase_circular_mean phase_unwrap_m_slope_rms,0.27044463283286724,-0.3700202689346396,-0.10006999577274739,0.10006999577274739
phase_circular_mean phase_jump_m_rms_abs,0.27044463283286724,-0.37002026893438067,-0.10006999577267738,0.10006999577267738
mag_percentile_5 dH_dt_mean,0.381971368169407,0.26060254034296476,0.09954270888322533,0.09954270888322533
phase_jump_m_max_abs dH_dt_mean,0.44158156310357644,0.22407796524738982,0.09894869815101127,0.09894869815101127
phase_circular_mean phase_jump_m_mean_abs,0.2463195096971652,-0.40134238547714846,-0.09885845961142188,0.09885845961142188
phase_unwrap_k_slope_rms pdp_rms_delay_spread,-0.38158263709761225,-0.2587647107395961,0.09874012071181591,0.09874012071181591
phase_jump_k_rms_abs pdp_rms_delay_spread,-0.3815826370976125,-0.2587647107391506,0.09874012071164597,0.09874012071164597
mag_percentile_5 doppler_variance_energy,0.38206548475245294,0.2583249510095889,0.09869704763113224,0.09869704763113224
phase_circular_mean doppler_variance_energy,0.2565352116510298,0.38468937427563377,0.09868637004970193,0.09868637004970193
phase_jump_m_mean_abs phase_jump_m_max_abs,0.6569449280915604,-0.14959590251074992,-0.09827626941771668,0.09827626941771668
phase_jump_k_rms_abs dH_dt_max,0.38871371049484055,0.2516794675689025,0.09783125969407398,0.09783125969407398
phase_unwrap_k_slope_rms dH_dt_max,0.3887137104948406,0.25167946756858744,0.09783125969395152,0.09783125969395152
mag_percentile_75 phase_jump_k_var_abs,1.0188804319820342,-0.09585010469572797,-0.09765979607790651,0.09765979607790651
phase_jump_k_var_abs svd_energy_ratio_mode1,0.43261097895393247,0.2254009716000554,0.0975109349810675,0.0975109349810675
svd_sigma_ratio svd_spectral_flatness,-0.11725217584411506,-0.8293478649289793,0.09724284169459406,0.09724284169459406
phase_jump_m_rms_abs phase_jump_k_mean_abs,-0.42137360139359836,-0.2294918679397485,0.0967018148843159,0.0967018148843159
phase_unwrap_m_slope_rms phase_jump_k_mean_abs,-0.42137360139359836,-0.22949186793958476,0.09670181488424691,0.09670181488424691
mag_percentile_99 svd_sigma_1,0.9769346289242808,0.09895100140698432,0.09666865984121821,0.09666865984121821
phase_unwrap_k_slope_var phase_jump_m_rms_abs,-0.4141477687755725,-0.23204503210780927,0.0961009323029053,0.0961009323029053
phase_unwrap_m_slope_rms phase_unwrap_k_slope_var,-0.4141477687755725,-0.23204503210687072,0.0961009323025166,0.0961009323025166
mag_max svd_spectral_flatness,1.444865048539256,-0.06648133770004062,-0.09605656122292387,0.09605656122292387
phase_jump_k_rms_abs svd_energy_ratio_mode1,0.44022901346127064,0.21773180601499276,0.09585185816112102,0.09585185816112102
phase_unwrap_k_slope_rms svd_energy_ratio_mode1,0.4402290134612707,0.2177318060148587,0.09585185816106201,0.09585185816106201
mag_percentile_75 pdp_los_peak_power,1.2917076013773883,0.07396419329817647,0.09554011071300102,0.09554011071300102
mag_max pdp_los_ratio,-0.8839946153271133,-0.10784545757086056,0.0953348037801294,0.0953348037801294
mag_max pdp_papr_linear,-0.8839946014069371,-0.1078452642071182,0.09533463134639726,0.09533463134639726
mag_entropy phase_unwrap_m_slope_var,-1.0225605496685715,0.0931537661700063,-0.09525536633849922,0.09525536633849922
mag_entropy_normalized phase_unwrap_m_slope_var,-1.0225605496685741,0.09315376616998505,-0.09525536633847774,0.09525536633847774
phase_jump_m_max_abs doppler_variance_energy,0.4414142510914099,0.2154640251717289,0.09510889130831941,0.09510889130831941
pdp_rms_delay_spread svd_spectral_flatness,-0.15602167594787084,-0.609296819160512,0.09506351087512986,0.09506351087512986
phase_jump_m_mean_abs phase_jump_k_var_abs,-0.4185216802741913,-0.22628679763152876,0.0947059307686133,0.0947059307686133
phase_unwrap_m_slope_var pdp_rms_delay_spread,-0.3812981335885201,-0.24645374816063828,0.09397235418954655,0.09397235418954655
phase_unwrap_m_slope_var svd_energy_ratio_mode1,0.44162416454688935,0.21115828122254565,0.09325259953206384,0.09325259953206384
phase_unwrap_k_slope_rms phase_jump_m_mean_abs,-0.42654717643689744,-0.21748964759297032,0.09276959508503736,0.09276959508503736
phase_jump_m_mean_abs phase_jump_k_rms_abs,-0.4265471764368975,-0.21748964759215786,0.09276959508469082,0.09276959508469082
mag_entropy phase_unwrap_k_var,1.1838980870878006,-0.07822272322325328,-0.09260773239080804,0.09260773239080804
mag_entropy_normalized phase_unwrap_k_var,1.1838980870878033,-0.07822272322307633,-0.09260773239059876,0.09260773239059876
phase_jump_m_var_abs doppler_centroid,0.7223556406041912,0.12773874089977816,0.09227280001263205,0.09227280001263205
mag_mean mag_dynamic_range_db,2.4831876992422073,0.03702293290332124,0.09193489157539687,0.09193489157539687
phase_unwrap_m_var doppler_centroid,0.6764120199469149,0.13580232341244186,0.09185832389289401,0.09185832389289401
phase_circular_mean dH_dt_mean,0.25673159269405876,0.3573445183335789,0.091741627332271,0.091741627332271
pdp_los_peak_idx svd_sigma_1,0.7016227804477342,-0.13047515641800445,-0.0915443420253533,0.0915443420253533
phase_jump_m_mean_abs doppler_centroid,0.7526544344934136,0.12133514453075642,0.09132343459097308,0.09132343459097308
phase_unwrap_m_slope_rms phase_jump_m_var_abs,-0.40674554676187913,-0.22431942289253431,0.09124092631373305,0.09124092631373305
phase_jump_m_var_abs phase_jump_m_rms_abs,-0.40674554676187913,-0.22431942289218876,0.0912409263135925,0.0912409263135925
mag_entropy_normalized doppler_spread,-2.3245601733245245,-0.039162271978966136,0.09103505773920768,0.09103505773920768
mag_entropy doppler_spread,-2.324560173324524,-0.039162271978875215,0.09103505773899633,0.09103505773899633
phase_jump_k_mean_abs dH_dt_max,0.3834747233452308,0.23715472140486446,0.09094284118074568,0.09094284118074568
phase_jump_k_mean_abs pdp_rms_delay_spread,-0.3895365874050862,-0.23096248411963172,0.08996833788256275,0.08996833788256275
phase_unwrap_m_slope_var phase_jump_m_mean_abs,-0.427500514892059,-0.20973968534631138,0.08966382347884655,0.08966382347884655
svd_energy_ratio_mode1 dH_dt_max,-0.3947358199470233,-0.22641566220457915,0.0893743720691728,0.0893743720691728
mag_dynamic_range_linear svd_sigma_2,0.6013922199964216,0.14852327341168736,0.08932074111819016,0.08932074111819016
phase_unwrap_m_var phase_jump_m_rms_abs,-0.4173530288764512,-0.2139558619677077,0.08929512703809471,0.08929512703809471
phase_unwrap_m_var phase_unwrap_m_slope_rms,-0.4173530288764512,-0.21395586196757968,0.0892951270380413,0.0892951270380413
mag_min pdp_rms_delay_spread,0.36935762309809816,0.24160777064360145,0.08923967188695109,0.08923967188695109
phase_unwrap_k_slope_var pdp_rms_delay_spread,-0.38107229156003813,-0.23367258281505132,0.0890461466080844,0.0890461466080844
mag_max svd_sigma_2,0.604163871871485,0.1466450691824959,0.08859765278815851,0.08859765278815851
phase_jump_k_mean_abs svd_energy_ratio_mode1,0.44759593776663886,0.1972089566668948,0.08826992789529924,0.08826992789529924
pdp_los_peak_idx dH_dt_max,0.29122261348744233,0.30282526737280024,0.08818956579434038,0.08818956579434038
phase_jump_k_max_abs phase_jump_k_rms_abs,0.5863547877233654,-0.150281311276472,-0.08811816637230474,0.08811816637230474
phase_unwrap_k_slope_rms phase_jump_k_max_abs,0.5863547877233661,-0.15028131127575875,-0.08811816637188663,0.08811816637188663
phase_unwrap_k_slope_var svd_energy_ratio_mode1,0.44141229865053316,0.199205336572466,0.08793168551990534,0.08793168551990534
phase_jump_m_var_abs pdp_rms_delay_spread,-0.3735444304367888,-0.23418462259999803,0.0874783614661706,0.0874783614661706
phase_unwrap_m_slope_rms pdp_mean_delay,-0.41376237328198384,-0.21012468494071,0.0869416883261973,0.0869416883261973
phase_jump_m_rms_abs pdp_mean_delay,-0.41376237328198384,-0.2101246849404475,0.08694168832608869,0.08694168832608869
phase_jump_k_var_abs^2,-0.4251095129707925,-0.20427618997027844,0.08683975162979415,0.08683975162979415
mag_rms pdp_los_peak_idx,0.7032097066303776,-0.12244048066993228,-0.0861013344915855,0.0861013344915855
mag_mean pdp_los_peak_idx,0.7059206064585962,-0.12177588724229599,-0.08596410817411522,0.08596410817411522
phase_jump_k_var_abs phase_jump_k_rms_abs,-0.43297269891657775,-0.19841935988048007,0.08591016576475118,0.08591016576475118
phase_unwrap_k_slope_rms phase_jump_k_var_abs,-0.4329726989165779,-0.1984193598800239,0.08591016576455371,0.08591016576455371
mag_skewness pdp_rms_delay_spread,-0.8027862495909921,0.1065355731318065,-0.0855252932025098,0.0855252932025098
mag_energy_total pdp_los_ratio,-0.9296890986812976,-0.0919086574063093,0.08544647686507985,0.08544647686507985
pdp_total_energy pdp_los_ratio,-0.9296890986812978,-0.09190865740553816,0.08544647686436296,0.08544647686436296
mag_energy_total pdp_papr_linear,-0.9296890823894939,-0.09190846586317016,0.08544629729215679,0.08544629729215679
pdp_total_energy pdp_papr_linear,-0.9296890823894939,-0.091908465862906,0.08544629729191121,0.08544629729191121
phase_jump_m_mean_abs phase_jump_k_mean_abs,-0.43400461532600865,-0.19527029297644702,0.08474820838783989,0.08474820838783989
phase_circular_mean phase_jump_m_var_abs,0.23203575666110987,-0.36414634379670435,-0.08449497241824494,0.08449497241824494
phase_unwrap_k_slope_var phase_jump_m_mean_abs,-0.42728919538320276,-0.19763134867854065,0.08444573995935083,0.08444573995935083
phase_jump_m_var_abs svd_energy_ratio_mode1,0.4340776824064608,0.19423434982069593,0.08431279641389344,0.08431279641389344
mag_var svd_sigma_2,0.11896239048194736,-0.7082830160236766,-0.08425904072394,0.08425904072394
phase_unwrap_k_slope_rms^2,-0.44046665050366485,-0.19085978646308402,0.08406737085923933,0.08406737085923933
phase_unwrap_k_slope_rms phase_jump_k_rms_abs,-0.4404666505036647,-0.19085978646247706,0.08406737085897195,0.08406737085897195
phase_jump_k_rms_abs^2,-0.4404666505036646,-0.19085978646237758,0.08406737085892813,0.08406737085892813
phase_unwrap_m_slope_rms phase_unwrap_k_var,0.393174259528379,0.21373664106202783,0.08403574558364571,0.08403574558364571
phase_unwrap_k_var phase_jump_m_rms_abs,0.3931742595283791,0.21373664106184712,0.08403574558357468,0.08403574558357468
svd_sigma_1 svd_energy_ratio_mode1,-1.01643087589996,0.08262918479100963,-0.08398685467202557,0.08398685467202557
pdp_los_peak_power pdp_los_peak_idx,0.770590507382489,-0.1082327906695223,-0.08340316107744991,0.08340316107744991
phase_jump_k_var_abs phase_jump_k_max_abs,0.6356742375645631,-0.13094827697480124,-0.08324044612635001,0.08324044612635001
phase_unwrap_k_mean phase_jump_m_mean_abs,-0.41601748193455934,-0.19979704590083402,0.08311906393362854,0.08311906393362854
phase_unwrap_m_slope_var phase_jump_k_var_abs,-0.4340822654210219,-0.1914140451915248,0.08308944237013895,0.08308944237013895
phase_unwrap_k_slope_mean dH_dt_mean,0.1170133862388967,0.7098339665192592,0.08306007608980616,0.08306007608980616
phase_unwrap_k_slope_mean doppler_variance_energy,0.11695353031649465,0.7092734393596295,0.08295203269283086,0.08295203269283086
phase_circular_mean phase_jump_k_var_abs,0.2353791778296528,-0.3519978738845657,-0.08285297015273489,0.08285297015273489
phase_unwrap_m_var pdp_rms_delay_spread,-0.38441026529479605,-0.21519646401062312,0.08272372982082567,0.08272372982082567
phase_unwrap_k_var svd_spectral_flatness,0.20511219826372457,0.40330624008973515,0.08272302947828306,0.08272302947828306
pdp_los_peak_idx pdp_los_ratio,0.32802054694138494,0.2518291973952064,0.08260515106538559,0.08260515106538559
pdp_los_peak_idx pdp_papr_linear,0.3280205495909566,0.2518290559461491,0.0826051053344276,0.0826051053344276
phase_unwrap_m_slope_var phase_unwrap_k_slope_rms,-0.4416693299745512,-0.1843297902149691,0.08141281493859498,0.08141281493859498
phase_unwrap_m_slope_var phase_jump_k_rms_abs,-0.44166932997455094,-0.18432979021432228,0.08141281493830925,0.08141281493830925
phase_jump_m_mean_abs phase_jump_m_var_abs,-0.41997785611931077,-0.19338893975201457,0.08121907231423764,0.08121907231423764
phase_unwrap_m_slope_mean^2,-0.2379540081023311,0.33991040727392474,-0.08088304380652615,0.08088304380652615
phase_circular_mean phase_unwrap_m_slope_var,0.21616172447536727,-0.3716205812930748,-0.08033014570284946,0.08033014570284946
phase_unwrap_m_var svd_energy_ratio_mode1,0.44454417260913504,0.18060964796723253,0.08028896652082053,0.08028896652082053
pdp_los_peak_power dH_dt_mean,0.18710853445529835,-0.42853767900304496,-0.08018305707713481,0.08018305707713481
pdp_los_peak_power doppler_variance_energy,0.18710138848153848,-0.426908492817405,-0.07987517176069737,0.07987517176069737
phase_jump_m_max_abs svd_energy_ratio_mode1,-0.5936475587411492,0.13434820210092405,-0.07975548219847609,0.07975548219847609
pdp_mean_delay pdp_rms_delay_spread,-0.3808683198166318,-0.20776534629321258,0.07913123835881654,0.07913123835881654
phase_unwrap_m_slope_var^2,-0.44309476645555834,-0.1779405019296985,0.07884450514552459,0.07884450514552459
phase_jump_m_rms_abs dH_dt_max,0.4143747943718963,0.18955485492069069,0.07854675402995584,0.07854675402995584
phase_unwrap_m_slope_rms dH_dt_max,0.4143747943718963,0.18955485492053872,0.07854675402989286,0.07854675402989286
phase_jump_m_mean_abs dH_dt_max,0.40637556131569225,0.1932326061906025,0.0785250088052002,0.0785250088052002
phase_unwrap_k_var svd_energy_ratio_mode1,-0.4245058902205734,-0.18494674546168782,0.07851098282561159,0.07851098282561159
phase_unwrap_k_mean dH_dt_max,0.42013512790348856,0.1862288643572068,0.0782412877460365,0.0782412877460365
phase_jump_k_mean_abs phase_jump_k_var_abs,-0.44032578997427685,-0.1769173558140978,0.07790127445900283,0.07790127445900283
phase_circular_mean phase_unwrap_k_var,-0.2578752574767077,0.3009888911731196,-0.07761758780889698,0.07761758780889698
pdp_mean_delay svd_energy_ratio_mode1,0.44091215362897873,0.17593286756603105,0.07757093953266066,0.07757093953266066
svd_sigma_1 svd_spectral_flatness,1.4959298344887888,0.051588195767268995,0.07717232115570594,0.07717232115570594
phase_unwrap_k_slope_var phase_jump_k_var_abs,-0.4338600765949376,-0.1778596590736678,0.077166205308851,0.077166205308851
phase_unwrap_m_var phase_jump_m_mean_abs,-0.4304382845931638,-0.17848922991923813,0.07682859794479167,0.07682859794479167
mag_percentile_75 phase_unwrap_m_slope_rms,1.068876363652948,-0.07187614455350706,-0.07682671202374626,0.07682671202374626
mag_percentile_75 phase_jump_m_rms_abs,1.068876363652948,-0.07187614455317802,-0.07682671202339456,0.07682671202339456
phase_circular_mean svd_energy_ratio_mode1,-0.21955470207161715,0.34945927630778617,-0.07672542729591893,0.07672542729591893
mag_min phase_jump_m_mean_abs,0.32350300412135824,0.23570334332271925,0.07625073964634756,0.07625073964634756
phase_unwrap_k_slope_rms phase_jump_k_mean_abs,-0.4475996843899159,-0.16997788018508572,0.07608204552411131,0.07608204552411131
phase_jump_k_mean_abs phase_jump_k_rms_abs,-0.4475996843899158,-0.1699778801848627,0.07608204552401147,0.07608204552401147
mag_min svd_energy_ratio_mode1,-0.3007342619684225,-0.25242064218223226,0.07591153553226888,0.07591153553226888
phase_unwrap_k_slope_var phase_jump_k_rms_abs,-0.44145820061647806,-0.17194153696035264,0.07590500151774893,0.07590500151774893
phase_unwrap_k_slope_var phase_unwrap_k_slope_rms,-0.441458200616478,-0.171941536960031,0.07590500151760693,0.07590500151760693
phase_unwrap_k_mean svd_energy_ratio_mode1,0.43176409004174965,0.17491839944014373,0.07552348356583295,0.07552348356583295
phase_unwrap_k_slope_mean svd_spectral_flatness,-0.23683590416197206,-0.3188673365676404,0.07551923396371697,0.07551923396371697
phase_circular_mean phase_jump_k_rms_abs,0.21802418177765853,-0.3435780956982301,-0.07490833319133268,0.07490833319133268
phase_circular_mean phase_unwrap_k_slope_rms,0.21802418177765873,-0.3435780956981933,-0.07490833319132473,0.07490833319132473
phase_circular_mean phase_unwrap_k_slope_var,0.21660497684236524,-0.3443378863572277,-0.0745852999003563,0.0745852999003563
mag_energy_total dH_dt_mean,0.18856316510855511,-0.3941876939590028,-0.07432927921975205,0.07432927921975205
pdp_total_energy dH_dt_mean,0.1885631651085548,-0.3941876939586569,-0.07432927921968668,0.07432927921968668
phase_jump_m_mean_abs pdp_mean_delay,-0.4268639155888651,-0.17407098381986977,0.07430462174375559,0.07430462174375559
phase_unwrap_k_var pdp_rms_delay_spread,0.3552657822547366,0.20828794110943824,0.07399757833247309,0.07399757833247309
phase_unwrap_k_var phase_jump_m_mean_abs,0.4082559269954259,0.18124139404542677,0.07399287333595897,0.07399287333595897
phase_unwrap_m_slope_var phase_jump_k_mean_abs,-0.4490340411140032,-0.16453170573891998,0.07388033671932727,0.07388033671932727
mag_energy_total doppler_variance_energy,0.18854386180423144,-0.3918381286820111,-0.07387867398384976,0.07387867398384976
pdp_total_energy doppler_variance_energy,0.18854386180423147,-0.3918381286818164,-0.07387867398381305,0.07387867398381305
phase_jump_m_var_abs phase_jump_k_var_abs,-0.4266161261844107,-0.17302759612225882,0.07381636278067882,0.07381636278067882
phase_unwrap_m_slope_var phase_unwrap_k_slope_var,-0.44290537312224065,-0.16630734199510455,0.07365841535930986,0.07365841535930986
phase_unwrap_m_mean phase_unwrap_m_slope_mean,-0.22399536828627034,-0.327841842109292,0.07343505416292016,0.07343505416292016
mag_excess_kurtosis,-0.2112221275136128,0.34549916828637134,-0.0729770693796311,0.0729770693796311
mag_kurtosis,-0.21122212751361277,0.34549916828631844,-0.07297706937961991,0.07297706937961991
phase_unwrap_m_var pdp_los_peak_idx,-0.3181105763788607,-0.22897851803242505,0.07284048834967208,0.07284048834967208
phase_jump_m_var_abs phase_jump_k_rms_abs,-0.4343979581070241,-0.16650952817207684,0.07233139904331418,0.07233139904331418
phase_unwrap_k_slope_rms phase_jump_m_var_abs,-0.43439795810702425,-0.16650952817184259,0.07233139904321245,0.07233139904321245
pdp_los_peak_power pdp_mean_delay,1.1076592768561027,-0.06518494559684587,-0.0722027097017067,0.0722027097017067
mag_entropy phase_unwrap_k_slope_var,-1.0242528806590525,0.07038654076405694,-0.07209361713721114,0.07209361713721114
mag_entropy_normalized phase_unwrap_k_slope_var,-1.0242528806590554,0.07038654076374644,-0.07209361713689331,0.07209361713689331
phase_circular_mean pdp_mean_delay,0.21771654316162856,-0.33008061457814664,-0.07186401037061994,0.07186401037061994
svd_sigma_2 svd_spectral_flatness,0.9125575152013348,-0.07817535253766886,-0.07133950546176346,0.07133950546176346
phase_jump_m_rms_abs doppler_spread,0.9597534804007272,-0.07420961679208896,-0.07122293799541163,0.07122293799541163
phase_unwrap_m_slope_rms doppler_spread,0.9597534804007272,-0.0742096167920683,-0.0712229379953918,0.0712229379953918
mag_percentile_50 pdp_los_ratio,-0.8995323665177558,-0.07860766477181858,0.07071013871862838,0.07071013871862838
mag_percentile_50 pdp_papr_linear,-0.8995323527228438,-0.0786074674990858,0.07070996018103713,0.07070996018103713
mag_percentile_99,-1.5097069115775714,-0.046805636316888916,0.07066279264839338,0.07066279264839338
phase_unwrap_m_var phase_jump_k_var_abs,-0.43698980747383115,-0.15954916910651093,0.06972136069046395,0.06972136069046395
mag_entropy_normalized phase_jump_k_mean_abs,-0.9634227387551209,0.07214638924776927,-0.06950747192037887,0.06950747192037887
mag_entropy phase_jump_k_mean_abs,-0.9634227387551184,0.07214638924749435,-0.06950747192011383,0.06950747192011383
phase_jump_m_var_abs pdp_los_peak_power,1.1268967269426118,-0.061516162553485944,-0.06932236223559297,0.06932236223559297
svd_spectral_flatness^2,0.07110597808159999,-0.9724730577566478,-0.06914864792979072,0.06914864792979072
phase_unwrap_m_slope_var phase_jump_m_var_abs,-0.4354821757168598,-0.1582090994815634,0.06889724286043634,0.06889724286043634
phase_jump_k_mean_abs^2,-0.45468958101987367,-0.1506733136382275,0.06850958584904168,0.06850958584904168
phase_unwrap_m_var phase_unwrap_k_slope_rms,-0.4444702771240283,-0.15401193153297021,0.06845372588886614,0.06845372588886614
phase_unwrap_m_var phase_jump_k_rms_abs,-0.4444702771240285,-0.1540119315327994,0.06845372588879026,0.06845372588879026
phase_unwrap_k_slope_var phase_jump_k_mean_abs,-0.4488248122172468,-0.15250116151886595,0.06844630518161703,0.06844630518161703
mag_max phase_circular_variance,-1.281004786357796,0.053417078562765154,-0.06842753331215258,0.06842753331215258
mag_max phase_coherence,1.2810047863579386,-0.05341707856274815,-0.06842753331213842,0.06842753331213842
phase_unwrap_k_slope_var^2,-0.44267934259123304,-0.1542305209715815,0.06827466563120307,0.06827466563120307
mag_percentile_95 phase_unwrap_m_var,0.9867210451002665,-0.06918624461301656,-0.06826752359111839,0.06826752359111839
mag_dynamic_range_linear mag_excess_kurtosis,0.2638342972761763,-0.2582205888043989,-0.06812744758944907,0.06812744758944907
mag_dynamic_range_linear mag_kurtosis,0.26383429727617624,-0.25822058880408943,-0.0681274475893674,0.0681274475893674
phase_circular_mean phase_jump_k_mean_abs,0.20197614032778902,-0.33670319924647996,-0.06800601261982255,0.06800601261982255
pdp_los_peak_power pdp_rms_delay_spread,1.2745227881978323,-0.05310995669565345,-0.06768985008881037,0.06768985008881037
phase_unwrap_k_mean phase_unwrap_k_var,0.4155128393213827,0.16154622141909025,0.06712452914348696,0.06712452914348696
phase_jump_k_rms_abs doppler_centroid,0.6862165873215808,0.09682860686405098,0.06644539615735205,0.06644539615735205
phase_unwrap_k_slope_rms doppler_centroid,0.6862165873215808,0.09682860686392576,0.06644539615726612,0.06644539615726612
phase_jump_k_var_abs pdp_mean_delay,-0.4334235408833453,-0.15286226737571434,0.06625410519343879,0.06625410519343879
phase_jump_k_var_abs doppler_centroid,0.7242146162730457,0.09145020501018834,0.06622957512954492,0.06622957512954492
phase_circular_mean phase_unwrap_k_slope_mean,0.2254863469534863,-0.2935208722980638,-0.06618494924909116,0.06618494924909116
svd_sigma_1 dH_dt_mean,0.20211420984608075,-0.32717816716609616,-0.06612735673566444,0.06612735673566444
phase_unwrap_k_var phase_unwrap_k_slope_rms,0.4244671399499529,0.15545817669039994,0.0659868876416085,0.0659868876416085
phase_unwrap_k_var phase_jump_k_rms_abs,0.4244671399499527,0.15545817668985182,0.06598688764137581,0.06598688764137581
phase_unwrap_m_var phase_unwrap_m_slope_var,-0.4460298896584202,-0.14755126163398324,0.06581227294556624,0.06581227294556624
mag_percentile_99 phase_unwrap_m_slope_rms,1.065311646870363,0.06170299294161546,0.06573291702746274,0.06573291702746274
mag_percentile_99 phase_jump_m_rms_abs,1.0653116468703627,0.06170299294146762,0.06573291702730523,0.06573291702730523
svd_sigma_1 doppler_variance_energy,0.20207605555585428,-0.3249140464557486,-0.06565734890246928,0.06565734890246928
phase_unwrap_k_slope_rms pdp_mean_delay,-0.4410019260398369,-0.1486298693884131,0.06554605866733958,0.06554605866733958
phase_jump_k_rms_abs pdp_mean_delay,-0.4410019260398367,-0.1486298693881167,0.06554605866720883,0.06554605866720883
phase_jump_m_max_abs,-1.5732222123800086,-0.041568162516172666,0.0653959565982649,0.0653959565982649
phase_unwrap_k_mean phase_jump_k_rms_abs,-0.4316207551053608,-0.15117052177440263,0.06524833475793905,0.06524833475793905
phase_unwrap_k_mean phase_unwrap_k_slope_rms,-0.43162075510536074,-0.15117052177395104,0.06524833475774412,0.06524833475774412
phase_unwrap_k_var^2,-0.4072120900318946,-0.15922571029636653,0.06483863427659638,0.06483863427659638
phase_unwrap_k_mean phase_jump_k_var_abs,-0.42329514331484114,-0.15288503758686223,0.06471549389602572,0.06471549389602572
phase_unwrap_k_mean dH_dt_mean,0.12108143552348037,0.5321857475114502,0.06443781427382286,0.06443781427382286
phase_unwrap_k_var phase_jump_k_var_abs,0.4158259686320404,0.15494575822737358,0.06443047000032356,0.06443047000032356
phase_jump_m_var_abs phase_jump_k_mean_abs,-0.4417441770259719,-0.14573393305778223,0.0643771163233681,0.0643771163233681
phase_unwrap_k_mean doppler_variance_energy,0.1210193410103979,0.531795917393415,0.06435759147497108,0.06435759147497108
phase_unwrap_m_slope_var phase_unwrap_k_var,0.42622525689870605,0.1507725730833149,0.06426307869571483,0.06426307869571483
phase_unwrap_k_slope_var phase_jump_m_var_abs,-0.43537275240297496,-0.14688992988889998,0.0639518730760104,0.0639518730760104
phase_unwrap_m_slope_var pdp_mean_delay,-0.44238634523325454,-0.1424523820490825,0.06301898866446488,0.06301898866446488
phase_unwrap_m_slope_var doppler_centroid,0.6910705938606448,0.09067122497357613,0.06266021728856139,0.06266021728856139
mag_min pdp_mean_delay,0.3017789790778741,0.20703955853442177,0.06248018660325156,0.06248018660325156
mag_max mag_percentile_1,0.9046939986434903,0.06888157877384839,0.062316750933789467,0.062316750933789467
mag_min phase_unwrap_m_slope_var,0.29919751473456774,0.20759656070038063,0.06211237502899772,0.06211237502899772
mag_kurtosis pdp_los_peak_power,0.22068945284064817,-0.28090782936999253,-0.06199339516231781,0.06199339516231781
mag_excess_kurtosis pdp_los_peak_power,0.22068945284064823,-0.28090782936977254,-0.061993395162269274,0.061993395162269274
svd_energy_ratio_mode1 doppler_centroid,-0.7040748321188847,-0.08752731712293772,0.06162578110914876,0.06162578110914876
svd_energy_ratio_mode1,0.47523860759520564,0.12951638804826981,0.06155118791682008,0.06155118791682008
phase_unwrap_m_var dH_dt_max,0.39464132784063155,0.15536479410617246,0.06131336864574623,0.06131336864574623
phase_unwrap_m_var phase_jump_k_mean_abs,-0.45182519075383654,-0.13505294742463994,0.0610203237320058,0.0610203237320058
phase_unwrap_m_var phase_unwrap_k_slope_var,-0.4458261308246336,-0.13671445682078054,0.06095087731220003,0.06095087731220003
mag_max mag_percentile_99,0.998994254244607,0.060587747801748484,0.06052681193156805,0.06052681193156805
phase_unwrap_k_var phase_unwrap_k_slope_var,0.4259689743754194,0.14192722740784897,0.06045659549486834,0.06045659549486834
phase_jump_k_mean_abs doppler_centroid,0.6546581023287984,0.09192642275999713,0.06018037747793458,0.06018037747793458
mag_min^2,-0.6295400782287367,0.09539666588664988,-0.06005602450504222,0.06005602450504222
phase_unwrap_k_var phase_jump_k_mean_abs,0.4329335675004563,0.1384163374341344,0.05992507876570676,0.05992507876570676
mag_percentile_99 phase_jump_k_var_abs,1.0175614085606501,0.058804662151627295,0.05983735484894302,0.05983735484894302
phase_unwrap_k_slope_mean doppler_centroid,0.7211625222369265,0.08286755341592494,0.05976097383303166,0.05976097383303166
mag_min phase_jump_k_mean_abs,0.303750590549984,0.19556445390949906,0.05940281836559547,0.05940281836559547
pdp_los_ratio dH_dt_max,-0.32007722937552197,-0.18537476583740609,0.0593342414453731,0.0593342414453731
pdp_papr_linear dH_dt_max,-0.3200772251878134,-0.18537469207287707,0.05933421705873184,0.05933421705873184
phase_circular_mean phase_coherence,0.5594630370166294,-0.10588092490305998,-0.0592364638083956,0.0592364638083956
phase_circular_mean phase_circular_variance,-0.5594630370165655,0.10588092490272773,-0.05923646380820296,0.05923646380820296
phase_unwrap_k_var phase_jump_k_max_abs,-0.7408934021811614,0.07958422662227492,-0.058963428422133826,0.058963428422133826
phase_jump_k_mean_abs pdp_mean_delay,-0.44832765641703887,-0.12947602967026742,0.05804768494425398,0.05804768494425398
mag_percentile_99 dH_dt_max,0.33385612656891467,0.17333927876999897,0.05787038019240116,0.05787038019240116
phase_unwrap_k_slope_var pdp_mean_delay,-0.44217734141325943,-0.1307817193082058,0.05782871294915758,0.05782871294915758
phase_unwrap_k_slope_var doppler_centroid,0.6910977226025015,0.08365532137103486,0.05781400208310256,0.05781400208310256
mag_mean svd_spectral_flatness,1.5097691585888189,0.03825914819570935,0.057762481979761034,0.057762481979761034
phase_unwrap_m_var doppler_spread,0.776607538461727,0.07390677374698873,0.057396557635296705,0.057396557635296705
phase_unwrap_m_var phase_jump_m_var_abs,-0.4384675367831053,-0.1306210842190868,0.057273105049481535,0.057273105049481535
phase_jump_m_var_abs^2,-0.4275956123024475,-0.1337336174227556,0.05718390802730445,0.05718390802730445
phase_unwrap_m_slope_var phase_unwrap_k_mean,-0.4334134448318781,-0.13191567795069303,0.057174028407942494,0.057174028407942494
mag_max mag_excess_kurtosis,0.250694609476147,-0.22779665273041905,-0.057107392896225885,0.057107392896225885
mag_max mag_kurtosis,0.25069460947614697,-0.22779665273025804,-0.05710739289618551,0.05710739289618551
mag_min phase_unwrap_m_var,0.2934873549565799,0.19428042468364473,0.05701884796024393,0.05701884796024393
mag_percentile_99 pdp_los_peak_idx,0.6938884115127427,0.08156067463754903,0.05659400696615654,0.05659400696615654
phase_jump_k_max_abs dH_dt_mean,0.44714213242312956,0.12651983092516245,0.05657234699369095,0.05657234699369095
phase_unwrap_k_mean phase_unwrap_k_slope_var,-0.4331881918000058,-0.12956183360156506,0.0561246564241552,0.0561246564241552
phase_coherence pdp_los_ratio,0.22671825870480924,0.24753525928687498,0.05612076295356375,0.05612076295356375
phase_circular_variance pdp_los_ratio,-0.22671825870481965,-0.2475352592863023,0.056120762953436494,0.056120762953436494
phase_coherence pdp_papr_linear,0.22671826586105834,0.24753510058261638,0.056120728743833434,0.056120728743833434
phase_circular_variance pdp_papr_linear,-0.22671826586107027,-0.24753510058247213,0.05612072874380369,0.05612072874380369
phase_unwrap_k_slope_mean svd_sigma_ratio,0.1685368682884155,-0.3296153885683169,-0.05555234532897332,0.05555234532897332
phase_unwrap_m_var phase_unwrap_k_var,0.4296871763715917,0.12876506094066598,0.055328695450910695,0.055328695450910695
mag_min mag_kurtosis,-0.097130855797787,0.5685857139741894,-0.055227216992708765,0.055227216992708765
mag_min mag_excess_kurtosis,-0.09713085579778703,0.5685857139739314,-0.055227216992683716,0.055227216992683716
mag_mean pdp_los_peak_power,1.3832351280986293,0.03978618373172257,0.05503364695070487,0.05503364695070487
mag_skewness pdp_los_peak_idx,-0.47981891420613987,0.11300995902364751,-0.05422431583320691,0.05422431583320691
phase_unwrap_k_mean phase_jump_k_mean_abs,-0.4398327875181992,-0.12283772588108127,0.05402805938667242,0.05402805938667242
mag_min doppler_spread,-0.1854488499740653,-0.290187332345121,0.053814907060444575,0.053814907060444575
mag_percentile_75 pdp_los_peak_idx,0.6924217256669679,-0.07749552993496328,-0.053659588569043445,0.053659588569043445
phase_unwrap_m_slope_rms svd_sigma_ratio,0.14765740142462117,-0.36231881393349125,-0.05349905455267014,0.05349905455267014
phase_jump_m_rms_abs svd_sigma_ratio,0.14765740142462117,-0.3623188139331921,-0.05349905455262597,0.05349905455262597
phase_jump_k_max_abs doppler_variance_energy,0.44697008259073956,0.11844696762346706,0.052942250901283724,0.052942250901283724
phase_jump_m_var_abs pdp_mean_delay,-0.43487207156931756,-0.12172084593661704,0.052932996425626405,0.052932996425626405
phase_jump_m_var_abs svd_sigma_ratio,0.17654764405433412,-0.29813829507564854,-0.052635613597981634,0.052635613597981634
phase_unwrap_m_var pdp_mean_delay,-0.4452890731619894,-0.11693846538111437,0.052071420866541804,0.052071420866541804
phase_jump_m_max_abs pdp_mean_delay,0.5875395381037666,-0.08767648826821621,-0.05151340341966806,0.05151340341966806
mag_entropy_normalized phase_unwrap_m_var,-0.9829491069232887,-0.05211802322665101,0.05122936438524383,0.05122936438524383
mag_entropy phase_unwrap_m_var,-0.9829491069232856,-0.052118023226468434,0.0512293643850642,0.0512293643850642
phase_unwrap_k_var phase_jump_m_var_abs,0.4176208254324118,0.12251647358808723,0.05116543082892527,0.05116543082892527
mag_var mag_min,-0.04064838432491633,1.2505629941285148,-0.050833365207853955,0.050833365207853955
mag_entropy_normalized dH_dt_mean,-0.7216114194612012,0.06995204629132386,-0.050478195418497865,0.050478195418497865
mag_entropy dH_dt_mean,-0.7216114194612017,0.06995204629118962,-0.050478195418401026,0.050478195418401026
phase_unwrap_k_slope_mean phase_jump_k_max_abs,0.6337090402529993,-0.07912948859732806,-0.05014507227472342,0.05014507227472342
phase_unwrap_m_var^2,-0.44785254247416567,-0.11129023934516905,0.04984161664329238,0.04984161664329238
mag_min phase_unwrap_k_slope_var,0.2995738291979141,0.1661425336480343,0.049771954997584925,0.049771954997584925
mag_percentile_99 phase_unwrap_k_var,-1.0585815622272647,-0.046764773577090905,0.0495043270704412,0.0495043270704412
phase_unwrap_m_var pdp_los_peak_power,1.0958599836467215,-0.04508530330531426,-0.049407179742869164,0.049407179742869164
phase_jump_m_var_abs phase_jump_m_max_abs,0.6208920203173809,0.07914440904952343,0.0491401320315838,0.0491401320315838
mag_energy_total mag_kurtosis,0.2235066349842401,-0.21917859212860408,-0.04898786958724755,0.04898786958724755
mag_kurtosis pdp_total_energy,0.2235066349842401,-0.21917859212857638,-0.048987869587241356,0.048987869587241356
mag_energy_total mag_excess_kurtosis,0.22350663498424014,-0.2191785921285547,-0.04898786958723653,0.04898786958723653
mag_excess_kurtosis pdp_total_energy,0.22350663498424012,-0.21917859212842572,-0.04898786958720769,0.04898786958720769
mag_entropy doppler_variance_energy,-0.7212749871994885,0.06790183450194712,-0.04897589481121369,0.04897589481121369
mag_entropy_normalized doppler_variance_energy,-0.7212749871994882,0.06790183450181839,-0.04897589481112082,0.04897589481112082
pdp_mean_delay doppler_centroid,0.6929336977578411,0.07055694815838601,0.04889128698989871,0.04889128698989871
mag_percentile_95 mag_percentile_99,0.9302305160230808,0.05224763264498959,0.04860234227633303,0.04860234227633303
phase_jump_k_var_abs doppler_spread,0.8427884212803948,-0.05744565355884411,-0.048414531672278716,0.048414531672278716
mag_skewness phase_unwrap_k_mean,-0.694253605607821,-0.06959687223335546,0.04831787948703387,0.04831787948703387
phase_unwrap_m_slope_rms phase_unwrap_k_slope_mean,-0.4092642863554593,-0.11799250490051862,0.04829011831340379,0.04829011831340379
phase_unwrap_k_slope_mean phase_jump_m_rms_abs,-0.40926428635545936,-0.11799250490011153,0.048290118313237186,0.048290118313237186
mag_skewness svd_energy_ratio_mode1,0.7174889483991629,0.06698662880856975,0.04806216586066578,0.04806216586066578
mag_rms pdp_los_peak_power,1.365284225781704,0.03512641387404404,0.04795753877051192,0.04795753877051192
phase_unwrap_k_var pdp_mean_delay,0.42535746578095796,0.11242200470928312,0.04781953902115559,0.04781953902115559
phase_circular_mean phase_jump_k_max_abs,0.8619103791749124,0.055056568049641263,0.04745382744373567,0.04745382744373567
phase_unwrap_k_slope_rms svd_sigma_ratio,0.19041321269069203,-0.24471781920291083,-0.04659750615708618,0.04659750615708618
phase_jump_k_rms_abs svd_sigma_ratio,0.19041321269069234,-0.2447178192024482,-0.04659750615699816,0.04659750615699816
mag_percentile_95 phase_circular_variance,-1.2428476673416624,0.03724470804720654,-0.04628949851729189,0.04628949851729189
mag_percentile_95 phase_coherence,1.2428476673418047,-0.03724470804623521,-0.04628949851608998,0.04628949851608998
phase_jump_m_rms_abs svd_sigma_1,1.0882001818854679,-0.04237478426230308,-0.04611224794159567,0.04611224794159567
phase_unwrap_m_slope_rms svd_sigma_1,1.0882001818854679,-0.04237478426161752,-0.04611224794084964,0.04611224794084964
phase_unwrap_m_var phase_unwrap_k_mean,-0.4367674192784753,-0.10480622752674423,0.04577594552116878,0.04577594552116878
mag_percentile_1 mag_percentile_99,0.8390405873017274,-0.05429288413827231,-0.045553933393680635,0.045553933393680635
phase_jump_k_var_abs svd_sigma_ratio,0.17504680772974285,-0.2592869471204495,-0.04538735237942532,0.04538735237942532
pdp_los_peak_idx^2,-0.2888470253042148,0.15643514340498174,-0.04518582582556723,0.04518582582556723
mag_kurtosis dH_dt_mean,0.24496439701236725,-0.18313602121300082,-0.04486180500768684,0.04486180500768684
mag_excess_kurtosis dH_dt_mean,0.2449643970123673,-0.18313602121290729,-0.044861805007663944,0.044861805007663944
pdp_mean_delay svd_sigma_ratio,0.18552040652272223,-0.2418089550060907,-0.0448604956335646,0.0448604956335646
mag_percentile_25 svd_spectral_flatness,1.5873241217167084,0.02817141071981999,0.04471715977835893,0.04471715977835893
mag_excess_kurtosis doppler_variance_energy,0.24498167373636542,-0.18243508014404514,-0.044693251281916146,0.044693251281916146
mag_kurtosis doppler_variance_energy,0.24498167373636534,-0.18243508014401513,-0.04469325128190878,0.04469325128190878
phase_jump_k_mean_abs svd_sigma_ratio,0.20041246927955464,-0.22097140308324473,-0.04428542453208087,0.04428542453208087
mag_percentile_5 mag_kurtosis,0.184894276037882,-0.2391734069255453,-0.044221793921012456,0.044221793921012456
mag_percentile_5 mag_excess_kurtosis,0.18489427603788205,-0.23917340692546663,-0.04422179392099792,0.04422179392099792
phase_unwrap_m_mean,0.044717093978394726,-0.9886367529940631,-0.044208962594130534,0.044208962594130534
mag_percentile_95 pdp_rms_delay_spread,1.1444691915145269,-0.03846559182076258,-0.04402268477223595,0.04402268477223595
svd_spectral_flatness dH_dt_mean,0.12969982487927553,0.33840489113023703,0.04389105511788204,0.04389105511788204
mag_percentile_1 mag_excess_kurtosis,0.15940962862968944,-0.2742642369991253,-0.04372036016643569,0.04372036016643569
mag_percentile_1 mag_kurtosis,0.15940962862968938,-0.2742642369990501,-0.043720360166423694,0.043720360166423694
phase_unwrap_k_mean pdp_mean_delay,-0.43256686520901866,-0.10098508966376202,0.04368280366870521,0.04368280366870521
pdp_mean_delay^2,-0.4416686491035673,-0.09885010470161337,0.04365899220730776,0.04365899220730776
svd_spectral_flatness doppler_variance_energy,0.1296591836392786,0.3344969394514175,0.043370600099108,0.043370600099108
phase_unwrap_k_mean svd_sigma_ratio,0.14793142760371675,0.2927158651764855,0.04330187581781458,0.04330187581781458
phase_jump_k_mean_abs pdp_los_peak_power,1.0829258233264316,-0.0399846278306838,-0.04330038601394421,0.04330038601394421
phase_unwrap_k_slope_mean doppler_spread,0.8237214390317174,0.05232570768102525,0.0431018072293671,0.0431018072293671
phase_unwrap_k_slope_var svd_sigma_ratio,0.18489971780992964,-0.23299978162399756,-0.04308159387205238,0.04308159387205238
phase_unwrap_k_slope_mean pdp_rms_delay_spread,-0.37444952795958747,-0.11417301735602983,0.04275203245468716,0.04275203245468716
mag_dynamic_range_db mag_excess_kurtosis,0.13076314426956281,-0.3265908599514205,-0.04270604773694819,0.04270604773694819
mag_dynamic_range_db mag_kurtosis,0.1307631442695628,-0.32659085995140485,-0.042706047736946126,0.042706047736946126
pdp_los_peak_power^2,1.7222815287770903,-0.024640281456556615,-0.042437501616496114,0.042437501616496114
pdp_los_peak_idx svd_spectral_flatness,-0.1839680789412016,-0.22994115940613286,0.04230183336545887,0.04230183336545887
phase_jump_m_mean_abs svd_sigma_ratio,0.16599573729428177,-0.2543467836189834,-0.0422204818752623,0.0422204818752623
mag_min phase_unwrap_k_slope_mean,0.2837842643428094,0.14846611510818924,0.042132347255812344,0.042132347255812344
phase_jump_k_max_abs pdp_los_peak_idx,0.434975013354771,-0.09676535638571175,-0.042090512186154144,0.042090512186154144
pdp_rms_delay_spread svd_sigma_ratio,0.09910258166385001,-0.4246896977776717,-0.04208784545580749,0.04208784545580749
phase_unwrap_m_var svd_sigma_ratio,0.1889745469853839,-0.2219792075901891,-0.04194842019453048,0.04194842019453048
mag_min pdp_los_peak_idx,0.2279675591110783,0.18366222150475497,0.041869028337357186,0.041869028337357186
mag_min svd_sigma_ratio,-0.5193965640161313,0.07961680994312463,-0.041352697522384296,0.041352697522384296
mag_dynamic_range_linear phase_jump_m_max_abs,3.0756793268847225,0.013324512986112435,0.040981929132193035,0.040981929132193035
mag_percentile_25 mag_excess_kurtosis,0.1875760368441323,-0.21798746671703934,-0.04088922508847443,0.04088922508847443
mag_percentile_25 mag_kurtosis,0.18757603684413227,-0.2179874667168964,-0.04088922508844761,0.04088922508844761
phase_unwrap_m_var,-0.4557396216174334,-0.08946640935136681,0.040773387545262316,0.040773387545262316
phase_unwrap_k_mean phase_jump_m_var_abs,-0.42494143473092677,-0.09589928567907693,0.04075158004613797,0.04075158004613797
phase_unwrap_k_slope_mean svd_energy_ratio_mode1,0.4380413450619166,0.0925513299989913,0.04054130908002746,0.04054130908002746
mag_min phase_jump_k_rms_abs,0.3124475937391206,0.12888632287488802,0.04027022144814214,0.04027022144814214
mag_min phase_unwrap_k_slope_rms,0.31244759373912045,0.12888632287446142,0.040270221448008826,0.040270221448008826
mag_percentile_95 phase_jump_k_mean_abs,0.9768568269201842,-0.04099211368228294,-0.04004342610042638,0.04004342610042638
phase_unwrap_m_slope_var phase_jump_m_max_abs,0.5858196834552984,-0.06827138678796113,-0.03999472219717763,0.03999472219717763
phase_unwrap_m_slope_var,-0.46961416458953237,-0.084588184731423,0.03972380970679225,0.03972380970679225
mag_min doppler_centroid,-0.11620225542818241,-0.34148716385118644,0.039681578639281144,0.039681578639281144
phase_unwrap_k_var doppler_variance_energy,-0.12117202659026823,-0.32726847275989335,0.03965578408341827,0.03965578408341827
phase_unwrap_m_slope_var svd_sigma_ratio,0.18519796980570274,-0.21393859561553064,-0.03962099357107949,0.03962099357107949
phase_unwrap_k_var dH_dt_mean,-0.12125101914684677,-0.3265408292518651,0.03959340833984512,0.03959340833984512
mag_percentile_95 pdp_los_peak_power,1.2913640134812117,-0.030472511832750612,-0.03935110518119454,0.03935110518119454
phase_coherence phase_unwrap_k_mean,-0.17009941753145724,0.22782812746126022,-0.03875343177844296,0.03875343177844296
phase_circular_variance phase_unwrap_k_mean,0.17009941753147684,-0.2278281274606243,-0.03875343177833926,0.03875343177833926
svd_sigma_ratio doppler_centroid,-0.9620642762197988,0.040121961046237685,-0.038599905414467624,0.038599905414467624
phase_unwrap_m_mean^2,-0.2454774743344759,0.15720671868738664,-0.038590708251790125,0.038590708251790125
phase_unwrap_k_mean^2,-0.42322400311465636,-0.0893261446066895,0.037804968503241804,0.037804968503241804
pdp_rms_delay_spread dH_dt_max,0.43643397153296776,0.08660039830253231,0.03779535576751106,0.03779535576751106
phase_unwrap_k_slope_mean phase_jump_m_mean_abs,-0.423118575270328,-0.08879838481372469,0.03757224606868952,0.03757224606868952
mag_min phase_jump_m_rms_abs,0.3424179640067668,0.10744030686136134,0.036789491127729605,0.036789491127729605
mag_min phase_unwrap_m_slope_rms,0.3424179640067668,0.1074403068607901,0.036789491127534005,0.036789491127534005
phase_jump_k_var_abs pdp_los_peak_power,1.1308836473977648,-0.03249043922460864,-0.03674290641588082,0.03674290641588082
mag_percentile_99 svd_energy_ratio_mode1,-1.0004786931183067,-0.036615371121857775,0.03663289864803806,0.03663289864803806
phase_jump_k_rms_abs pdp_los_peak_power,1.1045835567302436,-0.03308819382800028,-0.03654867482431225,0.03654867482431225
phase_unwrap_k_slope_rms pdp_los_peak_power,1.1045835567302442,-0.03308819382760686,-0.0365486748238777,0.0365486748238777
pdp_mean_delay,-0.47252761779827335,-0.07729346702535138,0.03652329784485868,0.03652329784485868
phase_unwrap_k_var phase_unwrap_k_slope_mean,0.42251225949662163,0.08617375384279721,0.03640946744542593,0.03640946744542593
phase_unwrap_k_var doppler_spread,-0.9134151741050108,0.03980240851898027,-0.03635612390716313,0.03635612390716313
pdp_los_peak_power svd_sigma_1,1.3442191750866277,-0.027012365824924976,-0.036310540106318866,0.036310540106318866
phase_unwrap_k_slope_var pdp_los_peak_power,1.1074366839721965,-0.03270620099862157,-0.036220046779241614,0.036220046779241614
phase_jump_m_var_abs phase_jump_k_max_abs,0.6282180981026726,-0.05703088305211282,-0.03582783288411426,0.03582783288411426
phase_unwrap_k_var svd_sigma_ratio,-0.13186564216224178,0.2712869187736972,-0.03577342375430951,0.03577342375430951
phase_jump_k_var_abs dH_dt_mean,0.09514014164711734,0.37158725474368187,0.035352864050577366,0.035352864050577366
phase_jump_k_var_abs doppler_variance_energy,0.09503045652041223,0.36932438671154333,0.03509706507331923,0.03509706507331923
mag_dynamic_range_db pdp_papr_linear,0.07525681719122834,-0.4645085723433164,-0.034957436712599425,0.034957436712599425
mag_dynamic_range_db pdp_los_ratio,0.07525679748403262,-0.464508385218612,-0.034957413476032095,0.034957413476032095
phase_jump_m_var_abs doppler_spread,0.8406791403244501,-0.040984554393060146,-0.03445485995373847,0.03445485995373847
phase_jump_m_max_abs phase_jump_k_mean_abs,0.5406745027485581,-0.06347840809844368,-0.03432115673389608,0.03432115673389608
doppler_variance_energy doppler_centroid,0.18262582039091696,0.18409238715324083,0.03362002323158291,0.03362002323158291
phase_unwrap_k_var phase_jump_m_max_abs,-0.7328297620960683,-0.045761776895046354,0.03353559207509017,0.03353559207509017
phase_jump_m_mean_abs pdp_los_peak_power,1.1495687129967778,-0.02903595639826008,-0.03337882702737839,0.03337882702737839
pdp_los_peak_idx svd_sigma_ratio,0.13955647828023265,-0.2349629968777697,-0.03279060837043084,0.03279060837043084
svd_sigma_ratio svd_energy_ratio_mode1,-0.1833595003385835,0.17747012820708283,-0.03254083403307506,0.03254083403307506
phase_unwrap_m_var phase_jump_m_max_abs,0.5687208675207334,-0.05676907150227787,-0.03228575559312201,0.03228575559312201
phase_jump_k_mean_abs,-0.44725000283247535,-0.07157691923872958,0.03201277733226166,0.03201277733226166
phase_jump_m_var_abs,-0.4981152174227711,0.06383544122309902,-0.03179740468412249,0.03179740468412249
mag_percentile_95 dH_dt_max,0.430161665924807,0.0738785966554856,0.03177974021351056,0.03177974021351056
mag_percentile_99 mag_dynamic_range_linear,1.0479005093175555,0.030068898454714905,0.031509214005313604,0.031509214005313604
phase_unwrap_k_slope_rms doppler_spread,0.7966273211958184,-0.03925081347321067,-0.03126827039192055,0.03126827039192055
phase_jump_k_rms_abs doppler_spread,0.7966273211958185,-0.03925081347319846,-0.03126827039191083,0.03126827039191083
mag_dynamic_range_linear pdp_los_peak_idx,0.716212230425033,-0.04316567304485654,-0.030915782969254426,0.030915782969254426
mag_dynamic_range_db pdp_rms_delay_spread,0.34797494212421826,-0.08837699083834949,-0.03075297827208723,0.03075297827208723
mag_percentile_1 dH_dt_max,0.6210510154177826,0.04938661777730211,0.030671609118643393,0.030671609118643393
mag_percentile_95 phase_unwrap_k_slope_mean,1.011930534344898,-0.030002358907504956,-0.030360303080878902,0.030360303080878902
mag_mean mag_excess_kurtosis,0.1801250305929843,-0.16797563591671333,-0.03025661655837398,0.03025661655837398
mag_mean mag_kurtosis,0.1801250305929843,-0.16797563591668363,-0.03025661655836863,0.03025661655836863
mag_percentile_1 mag_percentile_95,0.8303499417592196,-0.03626220974771435,-0.03011032375207522,0.03011032375207522
mag_percentile_50 mag_kurtosis,0.17808378137261,-0.16731425365005126,-0.029795954967537144,0.029795954967537144
mag_percentile_50 mag_excess_kurtosis,0.17808378137261005,-0.16731425364972158,-0.02979595496747844,0.02979595496747844
phase_circular_variance phase_unwrap_k_slope_mean,0.18085150669302164,-0.16427733721376586,-0.02970980395062715,0.02970980395062715
phase_coherence phase_unwrap_k_slope_mean,-0.18085150669300165,0.16427733721356846,-0.029709803950588167,0.029709803950588167
mag_rms mag_kurtosis,0.17939151159714412,-0.16452355327112625,-0.029514128914640603,0.029514128914640603
mag_rms mag_excess_kurtosis,0.17939151159714417,-0.16452355327105675,-0.029514128914628145,0.029514128914628145
mag_entropy_normalized phase_jump_m_mean_abs,-1.179636212947022,-0.02468352468438724,0.029117579580874898,0.029117579580874898
mag_entropy phase_jump_m_mean_abs,-1.1796362129470188,-0.02468352468409886,0.02911757958053464,0.02911757958053464
mag_percentile_1 mag_percentile_75,0.8247252099107987,-0.035300830293041735,-0.029113484673454326,0.029113484673454326
mag_excess_kurtosis svd_sigma_1,0.17759819943289581,-0.16345979753483758,-0.029030165721852855,0.029030165721852855
mag_kurtosis svd_sigma_1,0.1775981994328958,-0.16345979753478448,-0.029030165721843422,0.029030165721843422
mag_min phase_jump_m_var_abs,0.31052439426940215,0.09341497008027923,0.029007626999873033,0.029007626999873033
mag_percentile_99 phase_unwrap_m_var,0.9876796688360342,-0.029233268009247436,-0.02887310446636854,0.02887310446636854
mag_kurtosis svd_sigma_2,0.23387757776298432,-0.12313671490323005,-0.028798916615258616,0.028798916615258616
mag_excess_kurtosis svd_sigma_2,0.23387757776298437,-0.12313671490307637,-0.028798916615222683,0.028798916615222683
phase_unwrap_k_slope_mean phase_jump_m_max_abs,0.6262604074296199,0.04559763060299934,0.02855599071925967,0.02855599071925967
mag_rms svd_spectral_flatness,1.497870866126665,0.019054537182612075,0.028541236113361894,0.028541236113361894
mag_percentile_95 phase_unwrap_k_slope_var,0.9967758022716292,-0.028471398134619283,-0.028379600717430103,0.028379600717430103
phase_circular_mean pdp_papr_linear,-0.1245552549440525,-0.22499833058332244,0.02802472442779193,0.02802472442779193
phase_circular_mean pdp_los_ratio,-0.12455526413437246,-0.22499830477294583,0.028024723280780303,0.028024723280780303
phase_unwrap_m_slope_var pdp_los_peak_power,1.1067798862392777,-0.024872766423788852,-0.02752867759297715,0.02752867759297715
phase_circular_mean phase_unwrap_m_var,0.2088000633433854,-0.13177721248532173,-0.027515090314149938,0.027515090314149938
phase_circular_mean pdp_los_peak_idx,0.16135704987203223,0.16972561468867095,0.027386424473881205,0.027386424473881205
phase_unwrap_k_slope_var,-0.47043482763396643,-0.058181066943602304,0.027370400199173812,0.027370400199173812
mag_percentile_95 phase_jump_m_var_abs,1.014265533116279,-0.026606757203694667,-0.02698631677970077,0.02698631677970077
doppler_variance_energy doppler_spread,0.1762918329063922,0.1525621364035526,0.02689545865869731,0.02689545865869731
mag_dynamic_range_db phase_jump_m_mean_abs,0.16994442860184697,-0.15787781596457207,-0.02683045522300675,0.02683045522300675
mag_min phase_unwrap_k_var,-0.2711777379561482,-0.09881387045571864,0.026796121868873642,0.026796121868873642
phase_unwrap_k_slope_mean phase_jump_k_rms_abs,-0.43793580766378254,-0.061036255348243834,0.02672996178270603,0.02672996178270603
phase_unwrap_k_slope_mean phase_unwrap_k_slope_rms,-0.4379358076637824,-0.06103625534789681,0.026729961782554046,0.026729961782554046
mag_percentile_95 phase_unwrap_m_slope_rms,1.0659969105932257,0.024598340555447424,0.026221755037827005,0.026221755037827005
mag_percentile_95 phase_jump_m_rms_abs,1.0659969105932257,0.024598340555193762,0.026221755037556603,0.026221755037556603
pdp_rms_delay_spread doppler_spread,1.105731636091541,0.02365802452962891,0.026159426169840384,0.026159426169840384
mag_max pdp_los_peak_idx,0.7054771028698265,-0.03671213531402053,-0.02589957086150025,0.02589957086150025
mag_percentile_99 pdp_mean_delay,0.9979629459046695,0.025877663956066842,0.02582494975472755,0.02582494975472755
mag_entropy dH_dt_max,-1.8424352541494695,0.014012362488194314,-0.025816870642170784,0.025816870642170784
mag_entropy_normalized dH_dt_max,-1.8424352541494684,0.014012362488010294,-0.025816870641831722,0.025816870641831722
mag_dynamic_range_db svd_energy_ratio_mode1,-0.11902341380639385,0.21681649587670546,-0.0258062395087854,0.0258062395087854
phase_unwrap_k_slope_mean pdp_los_peak_idx,-0.3137983849074567,0.0819213219765313,-0.025706778525719263,0.025706778525719263
svd_sigma_ratio dH_dt_mean,-0.11354972824503044,-0.2257825981979252,0.02563755266783131,0.02563755266783131
mag_percentile_99 phase_coherence,1.2482667738647981,0.020456991025709904,0.02553578219064403,0.02553578219064403
mag_percentile_99 phase_circular_variance,-1.2482667738646556,-0.020456991025612416,0.025535782190519423,0.025535782190519423
mag_percentile_95 phase_jump_k_rms_abs,0.9954617105515147,-0.025605268313682015,-0.025489064194668395,0.025489064194668395
mag_percentile_95 phase_unwrap_k_slope_rms,0.995461710551515,-0.02560526831346812,-0.025489064194455482,0.025489064194455482
svd_sigma_ratio doppler_variance_energy,-0.1135401616764456,-0.2217639651963966,0.025179116462408523,0.025179116462408523
mag_percentile_95 pdp_mean_delay,0.9973592239954557,-0.025133529787393482,-0.025067157765021435,0.025067157765021435
pdp_mean_delay dH_dt_mean,0.09987433046850248,0.25068177125078384,0.02503667406433033,0.02503667406433033
phase_unwrap_k_var doppler_centroid,-0.802795812872331,-0.031143882779248754,0.025002178691767594,0.025002178691767594
phase_unwrap_k_var,0.5322026755595797,0.04687731435873145,0.02494823212476438,0.02494823212476438
pdp_mean_delay doppler_variance_energy,0.09978996736140783,0.24897643982677645,0.024845350804073543,0.024845350804073543
phase_unwrap_k_slope_var phase_jump_m_max_abs,0.5869421168446631,-0.04185035154144876,-0.024563733924431248,0.024563733924431248
mag_percentile_95 phase_jump_m_mean_abs,1.0338878165312557,-0.023382371761072256,-0.02417474928537709,0.02417474928537709
phase_circular_variance phase_unwrap_m_var,0.19296443816112177,0.12308362728416693,0.02375076298572219,0.02375076298572219
phase_coherence phase_unwrap_m_var,-0.19296443816110798,-0.12308362728262587,0.023750762985423123,0.023750762985423123
mag_min phase_jump_k_var_abs,0.31308049846322294,0.07568666163594702,0.023696017751999587,0.023696017751999587
phase_unwrap_k_slope_mean phase_jump_k_var_abs,-0.4300177944165121,-0.054987469182443696,0.023645590218380367,0.023645590218380367
phase_unwrap_k_slope_mean^2,-0.43608505782683865,0.053747941225600754,-0.02343867405743963,0.02343867405743963
mag_entropy phase_jump_m_var_abs,-1.0979050061237179,-0.02117701379973701,0.02325034946548232,0.02325034946548232
mag_entropy_normalized phase_jump_m_var_abs,-1.0979050061237208,-0.021177013799129507,0.0232503494648154,0.0232503494648154
mag_dynamic_range_db phase_unwrap_k_var,-0.20107449411302977,0.11532948830011266,-0.02318981851625974,0.02318981851625974
mag_percentile_75 mag_kurtosis,0.17561059534809126,-0.13108367072740804,-0.023019681456853288,0.023019681456853288
mag_percentile_75 mag_excess_kurtosis,0.1756105953480913,-0.13108367072737576,-0.023019681456847622,0.023019681456847622
mag_percentile_1 mag_dynamic_range_linear,0.9549905892487162,0.02398453918428283,0.022905009208457183,0.022905009208457183
phase_unwrap_m_slope_var phase_unwrap_k_slope_mean,-0.4396062226642481,-0.05191903753161892,0.022823931973638318,0.022823931973638318
mag_percentile_1 dH_dt_mean,0.27692341212645116,0.08220737049497659,0.022765145539412262,0.022765145539412262
phase_jump_k_var_abs,-0.5040834908272688,0.04513730862954904,-0.022752972100530882,0.022752972100530882
mag_percentile_99 phase_unwrap_m_slope_var,0.997122388292541,0.02252825391823353,0.02246342635100981,0.02246342635100981
phase_unwrap_m_mean dH_dt_max,-0.02488675565549123,0.8894351903277106,-0.02213515625308107,0.02213515625308107
phase_unwrap_k_slope_mean phase_unwrap_k_slope_var,-0.43939360503536157,-0.049523282778624764,0.021760213753285573,0.021760213753285573
mag_percentile_95 mag_excess_kurtosis,0.17854443779842283,-0.12024138183540507,-0.02146842991990789,0.02146842991990789
mag_percentile_95 mag_kurtosis,0.17854443779842277,-0.12024138183508498,-0.02146842991985073,0.02146842991985073
mag_skewness phase_jump_k_var_abs,-0.6997477863987016,-0.03064749915541635,0.02144551969265867,0.02144551969265867
mag_percentile_99 mag_kurtosis,0.18094370655804148,-0.11806244292351831,-0.021362656027878617,0.021362656027878617
mag_percentile_99 mag_excess_kurtosis,0.18094370655804154,-0.11806244292345208,-0.02136265602786664,0.02136265602786664
phase_unwrap_m_slope_rms pdp_los_peak_idx,-0.29622225721780404,-0.07191361500051606,0.021302413360145,0.021302413360145
phase_jump_m_rms_abs pdp_los_peak_idx,-0.296222257217804,-0.0719136150003025,0.02130241336008173,0.02130241336008173
mag_percentile_1 doppler_variance_energy,0.2769855109795811,0.07651714541752368,0.021194140622171707,0.021194140622171707
mag_percentile_95 phase_unwrap_m_slope_var,0.9963704601597112,-0.021037725160230857,-0.020961367898612752,0.020961367898612752
pdp_los_peak_idx svd_energy_ratio_mode1,0.3150582602457435,0.06644324708164157,0.020933493830620067,0.020933493830620067
phase_unwrap_k_slope_mean phase_jump_k_mean_abs,-0.445722871887275,-0.04574033862987477,0.020387515095204246,0.020387515095204246
phase_unwrap_m_mean pdp_los_peak_power,-0.028072144090375114,-0.7238667015371251,0.020320490347774733,0.020320490347774733
mag_dynamic_range_db phase_unwrap_k_slope_mean,0.13462348554764575,-0.15052844068431162,-0.020264663358974075,0.020264663358974075
mag_percentile_95 pdp_los_peak_idx,0.6927812506329101,0.028930236134554695,0.02004232517040221,0.02004232517040221
pdp_los_peak_power svd_spectral_flatness,1.6005007076743103,-0.012390770694517576,-0.019831437265205486,0.019831437265205486
mag_skewness pdp_mean_delay,-0.6823896845342958,0.02879975348905941,-0.019652654698064737,0.019652654698064737
mag_kurtosis doppler_centroid,0.09577921395358244,-0.20429855427303856,-0.019567554940124934,0.019567554940124934
mag_excess_kurtosis doppler_centroid,0.09577921395358246,-0.20429855427293053,-0.01956755494011459,0.01956755494011459
mag_dynamic_range_db phase_unwrap_m_mean,-0.055166718132807734,-0.34739592271020076,0.019164692948640306,0.019164692948640306
mag_dynamic_range_db phase_unwrap_m_slope_var,0.1128347111456173,-0.16745274802470117,-0.018894482453906996,0.018894482453906996
phase_coherence svd_spectral_flatness,0.1912226106910146,0.0985783994366867,0.018850418898024874,0.018850418898024874
phase_circular_variance svd_spectral_flatness,-0.1912226106909454,-0.09857839943669201,0.01885041889801907,0.01885041889801907
mag_dynamic_range_db pdp_mean_delay,0.11481076530997184,-0.159876141721424,-0.01835550218584221,0.01835550218584221
dH_dt_max doppler_variance_energy,-0.026352022611997046,0.694441691495547,-0.01829994315700413,0.01829994315700413
mag_percentile_99 phase_jump_m_var_abs,1.014514631260571,0.0180048087637623,0.01826614192388541,0.01826614192388541
dH_dt_mean dH_dt_max,-0.02635295353941666,0.6924023934401367,-0.018246848104908814,0.018246848104908814
mag_percentile_99 phase_unwrap_k_slope_mean,1.0130575142407268,0.017744839479706297,0.017976542973911974,0.017976542973911974
mag_skewness^2,-0.06187885516796819,-0.2877391766080074,0.017804970835477312,0.017804970835477312
mag_percentile_50 pdp_los_peak_power,1.3544053431382703,-0.013096300592892901,-0.017737699498359044,0.017737699498359044
phase_unwrap_k_slope_mean svd_sigma_2,0.7468192783894404,0.023514898919385123,0.01756137984237583,0.01756137984237583
mag_percentile_99 phase_jump_m_mean_abs,1.033817503909014,0.016599827693813126,0.01716119243173761,0.01716119243173761
mag_min dH_dt_max,0.038858560411411266,0.4393616434040427,0.01707296096267293,0.01707296096267293
phase_unwrap_m_slope_mean phase_jump_k_max_abs,0.06646408465682152,0.2552818789197899,0.016967076411877374,0.016967076411877374
mag_percentile_99 phase_jump_k_rms_abs,0.9957876631613656,0.01700764855794069,0.01693600661338153,0.01693600661338153
mag_percentile_99 phase_unwrap_k_slope_rms,0.9957876631613661,0.017007648557678105,0.016936006613120058,0.016936006613120058
mag_kurtosis svd_sigma_ratio,-0.15366329458512404,0.10973578271829214,-0.01686236190637009,0.01686236190637009
mag_excess_kurtosis svd_sigma_ratio,-0.15366329458512412,0.10973578271820335,-0.016862361906356454,0.016862361906356454
dH_dt_max^2,-0.0178824561200969,0.935779650188881,-0.01673403853258229,0.01673403853258229
mag_dynamic_range_db doppler_variance_energy,0.3927808480413037,0.04256824118273674,0.016719989871382086,0.016719989871382086
phase_jump_m_mean_abs pdp_los_peak_idx,-0.30528637403602754,-0.054439230432720136,0.016619555264116893,0.016619555264116893
phase_unwrap_m_slope_mean phase_jump_m_max_abs,0.06589551778913764,0.2483647041285924,0.016366120779099567,0.016366120779099567
mag_skewness phase_unwrap_k_slope_rms,-0.6852183458576417,-0.02373331143452521,0.01626250040288962,0.01626250040288962
mag_skewness phase_jump_k_rms_abs,-0.6852183458576415,-0.023733311434493053,0.01626250040286758,0.01626250040286758
mag_dynamic_range_db phase_unwrap_k_slope_var,0.11348487059507376,-0.14287899701316087,-0.016214604486792492,0.016214604486792492
mag_entropy phase_jump_k_rms_abs,-1.039080566671711,-0.015590325960788716,0.016199604733933025,0.016199604733933025
mag_entropy_normalized phase_unwrap_k_slope_rms,-1.0390805666717142,-0.015590325960649055,0.016199604733787957,0.016199604733787957
mag_entropy_normalized phase_jump_k_rms_abs,-1.0390805666717138,-0.015590325960585185,0.016199604733721583,0.016199604733721583
mag_entropy phase_unwrap_k_slope_rms,-1.0390805666717116,-0.01559032596046777,0.016199604733599545,0.016199604733599545
phase_jump_m_mean_abs,-0.5289129094221554,0.03041959929323108,-0.01608931876563899,0.01608931876563899
mag_energy_total pdp_los_peak_power,1.654741161615755,0.009720896931314463,0.016085568280070323,0.016085568280070323
pdp_los_peak_power pdp_total_energy,1.6547411616157548,0.009720896931175319,0.016085568279840073,0.016085568279840073
mag_dynamic_range_db dH_dt_mean,0.39257429015882384,0.04078712018435576,0.0160119747539961,0.0160119747539961
mag_entropy_normalized phase_jump_k_var_abs,-1.1147317764686533,-0.014233605268304476,0.01586665208629063,0.01586665208629063
mag_entropy phase_jump_k_var_abs,-1.11473177646865,-0.014233605267966016,0.015866652085913292,0.015866652085913292
mag_percentile_99 phase_unwrap_k_slope_var,0.9974826570962049,0.015264302589311687,0.015225877105507102,0.015225877105507102
mag_dynamic_range_db phase_jump_k_var_abs,0.14584990044557775,-0.10354150885897426,-0.015101518759066302,0.015101518759066302
mag_skewness phase_unwrap_m_var,-0.6733650230036153,0.022281563148681148,-0.01500362528216819,0.01500362528216819
phase_unwrap_k_slope_var dH_dt_mean,0.10070454892000966,0.1489506417515013,0.015000007188930896,0.015000007188930896
phase_unwrap_k_slope_var doppler_variance_energy,0.10061378491905193,0.14688177273597736,0.014778331090586691,0.014778331090586691
phase_unwrap_m_var phase_unwrap_k_slope_mean,-0.442746902692386,-0.03259900165217582,0.014433107012364818,0.014433107012364818
mag_percentile_1 phase_unwrap_m_mean,-0.020362964308022733,-0.6885285899407443,0.014020483102016597,0.014020483102016597
pdp_los_peak_power doppler_centroid,2.6416826537283513,-0.005274655505194864,-0.013933965952466026,0.013933965952466026
phase_circular_variance pdp_los_peak_idx,0.1458182044483338,-0.09437661366505297,-0.013761828346552107,0.013761828346552107
phase_coherence pdp_los_peak_idx,-0.14581820444832255,0.09437661366499592,-0.013761828346542727,0.013761828346542727
phase_unwrap_k_slope_mean,-0.4811329098115554,-0.028504531303324965,0.013714468088783308,0.013714468088783308
pdp_los_peak_idx pdp_mean_delay,-0.31552391296813775,0.04221271417475703,-0.013319120753424911,0.013319120753424911
mag_dynamic_range_db phase_jump_k_rms_abs,0.1125092098462916,-0.11334791437780622,-0.012752684284372094,0.012752684284372094
mag_dynamic_range_db phase_unwrap_k_slope_rms,0.11250920984629206,-0.11334791437718089,-0.01275268428430179,0.01275268428430179
mag_skewness phase_unwrap_k_var,0.7071546277675279,0.017937157500618,0.012684343935557044,0.012684343935557044
mag_dynamic_range_db phase_jump_k_mean_abs,0.0840798347569387,-0.1489542505668013,-0.012524048774000297,0.012524048774000297
phase_unwrap_k_var pdp_los_peak_power,-1.183528558023376,0.010495449527661078,-0.01242166424527984,0.01242166424527984
mag_percentile_95 phase_jump_k_var_abs,1.0173756494237427,0.012157783637095975,0.01236903302334387,0.01236903302334387
mag_rms mag_dynamic_range_db,2.4600190554805748,-0.00499521997743817,-0.012288336330815145,0.012288336330815145
mag_percentile_99^2,0.9343110743311539,-0.013069315141889486,-0.012210805870991184,0.012210805870991184
mag_skewness phase_jump_m_mean_abs,-0.7125368214097104,0.016833020385303696,-0.011994146840069154,0.011994146840069154
mag_skewness phase_unwrap_k_slope_mean,-0.6844979356604242,0.017514697757574235,-0.011988774458775824,0.011988774458775824
mag_percentile_99 doppler_variance_energy,0.09395687521173939,0.12437528275631222,0.011685912921359629,0.011685912921359629
phase_unwrap_m_slope_var pdp_los_peak_idx,-0.31608789515898167,-0.03658195676685696,0.011563113715232682,0.011563113715232682
mag_percentile_99 dH_dt_mean,0.09394016391793625,0.1229235659435597,0.011547459934115245,0.011547459934115245
pdp_los_peak_idx doppler_variance_energy,0.08461676456727382,0.1345781588864554,0.011387568386392367,0.011387568386392367
phase_unwrap_m_slope_mean,-0.02982395630921275,0.38131747433467533,-0.011372395694496712,0.011372395694496712
pdp_los_peak_idx dH_dt_mean,0.084659894504685,0.13261047398495118,0.011226788737782241,0.011226788737782241
mag_dynamic_range_db doppler_centroid,1.3604285774785876,-0.00797376040934898,-0.010847731530845712,0.010847731530845712
mag_max dH_dt_max,0.24772191571214597,0.042792157691843045,0.010600555280879602,0.010600555280879602
phase_jump_m_var_abs dH_dt_mean,0.08256592232933391,0.12826207905391473,0.01059007685696441,0.01059007685696441
phase_coherence phase_jump_m_var_abs,-0.17094466887251006,0.06183711156227522,-0.0105707245600456,0.0105707245600456
phase_circular_variance phase_jump_m_var_abs,0.17094466887252924,-0.061837111562163885,-0.010570724560027755,0.010570724560027755
phase_jump_k_rms_abs dH_dt_mean,0.09721231801199515,0.108577051109846,0.010555026821295,0.010555026821295
phase_unwrap_k_slope_rms dH_dt_mean,0.09721231801199522,0.10857705110977246,0.01055502682128786,0.01055502682128786
phase_unwrap_m_mean svd_sigma_2,-0.021438768422807498,0.4920548272780521,-0.010549049493338701,0.010549049493338701
mag_var phase_unwrap_m_mean,-0.029782992810352682,0.34928169788594166,-0.010402654296924777,0.010402654296924777
phase_jump_m_var_abs doppler_variance_energy,0.08247731324872891,0.12529732043195355,0.010334186346492594,0.010334186346492594
phase_jump_k_rms_abs doppler_variance_energy,0.09712579249084718,0.10634009279277576,0.010328365786048573,0.010328365786048573
phase_unwrap_k_slope_rms doppler_variance_energy,0.09712579249084728,0.10634009279265202,0.010328365786036565,0.010328365786036565
mag_dynamic_range_db phase_jump_m_var_abs,0.14054285179865672,-0.07316557833384056,-0.010282899032535963,0.010282899032535963
phase_unwrap_m_mean pdp_total_energy,-0.029068991550593982,-0.35365347186644996,0.01028034978552406,0.01028034978552406
mag_energy_total phase_unwrap_m_mean,-0.029068991550593993,-0.3536534718663452,0.01028034978552102,0.01028034978552102
phase_unwrap_k_slope_rms pdp_los_peak_idx,-0.315023624842481,-0.03256067828645185,0.010257382901127925,0.010257382901127925
phase_jump_k_rms_abs pdp_los_peak_idx,-0.31502362484248103,-0.03256067828636216,0.010257382901099671,0.010257382901099671
mag_kurtosis mag_excess_kurtosis,-0.023855183901235456,-0.42568554375440365,0.01015480693035871,0.01015480693035871
mag_excess_kurtosis^2,-0.023855183901235456,-0.4256855437543914,0.01015480693035842,0.01015480693035842
mag_kurtosis^2,-0.023855183901235456,-0.42568554375428813,0.010154806930355956,0.010154806930355956
mag_var pdp_los_peak_idx,0.6575295728439625,-0.015229523554316013,-0.010013862117286474,0.010013862117286474
phase_unwrap_m_slope_rms phase_jump_m_max_abs,0.7146104553413755,0.013980184067115625,0.00999038570195774,0.00999038570195774
phase_jump_m_max_abs phase_jump_m_rms_abs,0.7146104553413752,0.013980184066971383,0.009990385701854659,0.009990385701854659
pdp_los_peak_idx pdp_rms_delay_spread,-0.2734565321567991,-0.036098250788236114,0.009871302477477487,0.009871302477477487
phase_unwrap_m_slope_var dH_dt_mean,0.09826313311358624,0.09853904919104453,0.00968275570754583,0.00968275570754583
mag_entropy phase_unwrap_m_mean,0.10532690262281286,0.0908625496999496,0.009570270924307085,0.009570270924307085
mag_entropy_normalized phase_unwrap_m_mean,0.10532690262281308,0.09086254969990845,0.009570270924302772,0.009570270924302772
mag_dynamic_range_db phase_unwrap_m_slope_mean,0.02931273817795729,0.32368687418667924,0.009488148594675531,0.009488148594675531
phase_unwrap_m_slope_var doppler_variance_energy,0.09817587568899602,0.09615805284240547,0.00944040104235191,0.00944040104235191
mag_var dH_dt_max,0.024966219375458173,0.3762767353536068,0.009394207520719365,0.009394207520719365
dH_dt_mean^2,-0.030432990363419392,0.30545884180122185,-0.009296025988957833,0.009296025988957833
dH_dt_mean doppler_variance_energy,-0.030421854851457843,0.30500725556693103,-0.009278886457498683,0.009278886457498683
doppler_variance_energy^2,-0.030419556307476895,0.30432383034313143,-0.009257395892829931,0.009257395892829931
mag_dynamic_range_db phase_unwrap_m_var,0.09993384530757775,-0.09220525221237,-0.009214425411137175,0.009214425411137175
phase_jump_m_max_abs phase_jump_k_rms_abs,0.5792464411392984,-0.015659664335515574,-0.009070804835783392,0.009070804835783392
phase_unwrap_k_slope_rms phase_jump_m_max_abs,0.5792464411392992,-0.01565966433523621,-0.009070804835621586,0.009070804835621586
phase_jump_k_mean_abs pdp_los_peak_idx,-0.3201483219410371,-0.026937013870553892,0.008623839788760268,0.008623839788760268
pdp_mean_delay doppler_spread,0.799833886995054,0.010691958280085642,0.00855179055074985,0.00855179055074985
phase_unwrap_k_slope_var pdp_los_peak_idx,-0.31600204255919356,-0.026970560486369866,0.008522752202659155,0.008522752202659155
phase_coherence pdp_mean_delay,-0.18434241949379537,0.04591454285487314,-0.00846399791981887,0.00846399791981887
phase_circular_variance pdp_mean_delay,0.18434241949380994,-0.04591454285447475,-0.008463997919746098,0.008463997919746098
phase_unwrap_k_slope_mean pdp_mean_delay,-0.4388080118874996,-0.0187935660878068,0.008246767371266837,0.008246767371266837
mag_dynamic_range_linear dH_dt_max,0.24401296934808872,0.03342501415886316,0.008156136955406108,0.008156136955406108
mag_excess_kurtosis doppler_spread,0.09458457649451307,0.08509650322316478,0.008048816718527007,0.008048816718527007
mag_kurtosis doppler_spread,0.09458457649451306,0.08509650322293849,0.008048816718505603,0.008048816718505603
phase_unwrap_k_mean phase_unwrap_k_slope_mean,-0.4297814621096327,-0.018574827431953055,0.007983116492138898,0.007983116492138898
phase_circular_variance dH_dt_mean,-0.10964188704407349,-0.07137758319917614,0.007825972914603027,0.007825972914603027
phase_coherence dH_dt_mean,0.1096418870440876,0.07137758319891796,0.007825972914575728,0.007825972914575728
phase_coherence doppler_variance_energy,0.10952035312442493,0.0710624753408639,0.007782787393227154,0.007782787393227154
phase_circular_variance doppler_variance_energy,-0.10952035312441073,-0.07106247534060009,0.007782787393197252,0.007782787393197252
pdp_los_peak_power svd_energy_ratio_mode1,-1.1107514520939923,-0.00682175545515038,0.007577274777638397,0.007577274777638397
mag_min dH_dt_mean,0.11549818096973909,-0.06484627970924552,-0.007489627349072758,0.007489627349072758
pdp_papr_linear doppler_variance_energy,-0.06987267869335753,0.10583719637889633,-0.007395128416388406,0.007395128416388406
pdp_los_ratio doppler_variance_energy,-0.06987268001556968,0.10583717121655938,-0.007395126798167714,0.007395126798167714
mag_entropy_normalized phase_unwrap_m_slope_mean,-0.06975975634971734,-0.1054602971319854,0.0073568846324960965,0.0073568846324960965
mag_entropy phase_unwrap_m_slope_mean,-0.06975975634971718,-0.10546029713189144,0.007356884632489524,0.007356884632489524
pdp_papr_linear dH_dt_mean,-0.06992295828020664,0.10384523178616406,-0.007261165809782338,0.007261165809782338
pdp_los_ratio dH_dt_mean,-0.06992295960333521,0.10384520660249281,-0.007261164186266104,0.007261164186266104
phase_jump_m_var_abs pdp_los_peak_idx,-0.31078514094881143,0.022380751438463117,-0.006955604990343074,0.006955604990343074
mag_min doppler_variance_energy,0.11538222612208669,-0.05865319659386202,-0.006767536392176193,0.006767536392176193
phase_coherence^2,-0.06345609365019222,0.1060262994999373,-0.00672801479045135,0.00672801479045135
phase_circular_variance phase_coherence,0.0634560936502196,-0.10602629949938307,-0.006728014790419084,0.006728014790419084
phase_circular_variance^2,-0.0634560936502461,0.1060262994987658,-0.006728014790382724,0.006728014790382724
svd_energy_ratio_mode1 doppler_spread,-0.815259772723555,-0.008022535620404708,0.006540450566557766,0.006540450566557766
mag_percentile_5 phase_unwrap_m_mean,-0.029256189596346367,-0.22221978344753449,0.0065013041166001005,0.0065013041166001005
dH_dt_mean doppler_spread,0.9910906382510222,0.006503731454379524,0.006445787358134251,0.006445787358134251
phase_unwrap_m_mean svd_spectral_flatness,-0.023887314332791135,-0.2695046505879419,0.0064377423027432105,0.0064377423027432105
phase_unwrap_m_mean svd_sigma_ratio,0.02636482181744274,0.24206363037368556,0.00638196448328554,0.00638196448328554
phase_coherence phase_jump_k_mean_abs,-0.19718739158532322,0.03203374184278628,-0.006316649996696652,0.006316649996696652
phase_circular_variance phase_jump_k_mean_abs,0.19718739158533885,-0.03203374184272385,-0.006316649996684841,0.006316649996684841
mag_skewness phase_unwrap_m_slope_var,-0.6807416880847635,-0.009240152866702976,0.006290157260640652,0.006290157260640652
phase_jump_k_var_abs pdp_los_peak_idx,-0.3098302693536043,-0.01976697470342772,0.006124407096668893,0.006124407096668893
mag_percentile_95 svd_energy_ratio_mode1,-0.9998327439086999,0.006005782627416946,-0.006004778123689486,0.006004778123689486
mag_excess_kurtosis phase_circular_mean,0.15538738228320853,-0.03860924240249973,-0.00599938910886229,0.00599938910886229
mag_kurtosis phase_circular_mean,0.15538738228320853,-0.03860924240238449,-0.005999389108844383,0.005999389108844383
phase_jump_m_rms_abs pdp_los_peak_power,1.1866175828394927,-0.004982268762654232,-0.005912047716197475,0.005912047716197475
phase_unwrap_m_slope_rms pdp_los_peak_power,1.1866175828394927,-0.004982268762049948,-0.005912047715480421,0.005912047715480421
phase_jump_k_mean_abs dH_dt_mean,0.09780059540152476,0.059958096564897305,0.005863937543189073,0.005863937543189073
svd_energy_ratio_mode1 dH_dt_mean,-0.10111435090431443,-0.05790423561723884,0.00585494919904759,0.00585494919904759
phase_jump_m_max_abs phase_jump_k_var_abs,0.6283653127447784,0.009166787891585778,0.005760091540361345,0.005760091540361345
mag_excess_kurtosis svd_spectral_flatness,0.12250426515891259,-0.04698137946328829,-0.0057554193673021595,0.0057554193673021595
mag_kurtosis svd_spectral_flatness,0.12250426515891258,-0.046981379463122204,-0.005755419367281812,0.005755419367281812
phase_jump_m_mean_abs dH_dt_mean,0.10262175486127283,0.05531489763598832,0.005676511865376793,0.005676511865376793
phase_jump_k_mean_abs doppler_variance_energy,0.09771623797060705,0.05761699254463891,0.005630115754642628,0.005630115754642628
svd_energy_ratio_mode1 doppler_variance_energy,-0.10103042227705343,-0.05564786638328616,0.005622127439520446,0.005622127439520446
mag_excess_kurtosis pdp_los_peak_idx,0.025696195450166267,0.21390394465462284,0.005496517569406736,0.005496517569406736
mag_kurtosis pdp_los_peak_idx,0.02569619545016626,0.21390394465455928,0.0054965175694051014,0.0054965175694051014
mag_skewness phase_jump_m_var_abs,-0.6957985320374802,-0.007894688709682024,0.0054931128150896204,0.0054931128150896204
phase_jump_m_mean_abs doppler_variance_energy,0.10254409425754549,0.05323991844185534,0.0054594392149656485,0.0054594392149656485
phase_coherence phase_unwrap_m_slope_var,-0.18608543864475457,0.028457385877455187,-0.005295505133689292,0.005295505133689292
phase_circular_variance phase_unwrap_m_slope_var,0.18608543864477,-0.02845738587726001,-0.005295505133653412,0.005295505133653412
phase_unwrap_k_var pdp_los_peak_idx,0.3048345851598338,-0.016968423774886717,-0.005172562422233853,0.005172562422233853
phase_coherence phase_unwrap_k_slope_var,-0.185649829400124,0.026750671161183185,-0.004966257537412476,0.004966257537412476
phase_circular_variance phase_unwrap_k_slope_var,0.1856498294001406,-0.026750671160435068,-0.004966257537274032,0.004966257537274032
mag_dynamic_range_linear phase_unwrap_m_slope_mean,0.026384908380392653,0.18781165429575766,0.004955393291363544,0.004955393291363544
mag_excess_kurtosis mag_skewness,-0.03063864381146109,-0.16038576582708555,0.004914002351604482,0.004914002351604482
mag_kurtosis mag_skewness,-0.03063864381146109,-0.16038576582696495,0.004914002351600787,0.004914002351600787
phase_circular_variance svd_energy_ratio_mode1,-0.18298330240681693,-0.025981664088469088,0.004754210696932675,0.004754210696932675
phase_coherence svd_energy_ratio_mode1,0.18298330240679994,0.025981664087737687,0.004754210696798399,0.004754210696798399
phase_unwrap_k_slope_var doppler_spread,0.7960346910795834,-0.00590343687567897,-0.00469934054963893,0.00469934054963893
phase_jump_m_rms_abs dH_dt_mean,0.10091350087441799,0.046165409999760605,0.004658713142378707,0.004658713142378707
phase_unwrap_m_slope_rms dH_dt_mean,0.10091350087441799,0.046165409999758114,0.0046587131423784555,0.0046587131423784555
mag_var doppler_variance_energy,-0.012961832891615017,0.3568962546807042,-0.0046260296128145615,0.0046260296128145615
phase_unwrap_m_slope_mean dH_dt_mean,-0.00891227041306044,-0.518636314856861,0.004622227084037501,0.004622227084037501
mag_max phase_unwrap_m_slope_mean,0.025482462989653665,0.18104481549257626,0.004613467810258251,0.004613467810258251
phase_unwrap_m_mean phase_jump_k_max_abs,-0.09374025313537514,0.04886572824874497,-0.0045806857356818055,0.0045806857356818055
mag_var dH_dt_mean,-0.012958249524248178,0.3525134619368335,-0.0045679574004340515,0.0045679574004340515
phase_unwrap_k_mean pdp_los_peak_idx,-0.3097127611805789,-0.014408696821817134,0.004462557277698816,0.004462557277698816
phase_jump_m_rms_abs doppler_variance_energy,0.10083721024079,0.043953448824438045,0.004432143159917663,0.004432143159917663
phase_unwrap_m_slope_rms doppler_variance_energy,0.10083721024079,0.043953448824312034,0.004432143159904957,0.004432143159904957
phase_unwrap_m_slope_mean doppler_variance_energy,-0.008594200274523296,-0.506129760209826,0.004349780524139697,0.004349780524139697
mag_entropy mag_excess_kurtosis,-0.024943328912904586,0.16841758086952452,-0.004200895114344258,0.004200895114344258
mag_entropy_normalized mag_excess_kurtosis,-0.024943328912904666,0.16841758086945943,-0.004200895114342647,0.004200895114342647
mag_entropy_normalized mag_kurtosis,-0.024943328912904652,0.16841758086941397,-0.004200895114341511,0.004200895114341511
mag_entropy mag_kurtosis,-0.02494332891290456,0.16841758086926495,-0.0042008951143377785,0.0042008951143377785
mag_max doppler_variance_energy,0.06475254224155086,0.06415454785496714,0.004154170069966356,0.004154170069966356
mag_max dH_dt_mean,0.06473885966709433,0.06209258888976509,0.0040198033985010834,0.0040198033985010834
pdp_rms_delay_spread dH_dt_mean,0.10391188672852647,0.03868147879292588,0.004019465442822413,0.004019465442822413
mag_dynamic_range_linear doppler_variance_energy,0.06171065271759188,0.06428641188794369,0.003967156438476963,0.003967156438476963
phase_coherence phase_unwrap_m_mean,-0.024478073313104223,-0.16115700165918112,0.003944812901533494,0.003944812901533494
phase_circular_variance phase_unwrap_m_mean,0.024478073313100947,0.1611570016589974,0.00394481290152847,0.00394481290152847
phase_unwrap_m_mean svd_sigma_1,-0.024867376352927056,-0.1584906605867455,0.003941246905234623,0.003941246905234623
pdp_los_peak_idx,-0.3471713502861368,-0.011328502553234051,0.003932931528126214,0.003932931528126214
mag_percentile_25 phase_unwrap_m_mean,-0.02791755317572163,-0.13997622505432575,0.003907793706290917,0.003907793706290917
phase_unwrap_m_mean pdp_los_ratio,0.013889973280993546,-0.2796262016364858,-0.003884000469396502,0.003884000469396502
phase_unwrap_m_mean pdp_papr_linear,0.01388997298658865,-0.27962619780406567,-0.0038840003338409665,0.0038840003338409665
mag_dynamic_range_linear dH_dt_mean,0.06169599435690477,0.06236708330726655,0.0038477992197817265,0.0038477992197817265
pdp_rms_delay_spread doppler_variance_energy,0.10385070684140434,0.0369772386717108,0.0038401123731004777,0.0038401123731004777
phase_coherence phase_unwrap_k_var,0.1559120618829602,-0.024591294768889296,-0.003834079471789183,0.003834079471789183
phase_circular_variance phase_unwrap_k_var,-0.15591206188298123,0.02459129476830342,-0.0038340794716983555,0.0038340794716983555
phase_unwrap_m_slope_var doppler_spread,0.7965638220585239,0.004560546703420395,0.0036327665127529516,0.0036327665127529516
mag_min phase_unwrap_m_mean,0.008815673561017121,0.4031904852727192,0.003554395701072374,0.003554395701072374
mag_excess_kurtosis phase_unwrap_m_var,0.03676933914248225,0.09418396514224348,0.003463082156098877,0.003463082156098877
mag_kurtosis phase_unwrap_m_var,0.03676933914248224,0.09418396514217722,0.0034630821560964397,0.0034630821560964397
mag_percentile_99 phase_unwrap_m_slope_mean,0.02456580993545659,0.13562979294053912,0.0033318557149626163,0.0033318557149626163
phase_unwrap_m_var doppler_variance_energy,0.10289377329627751,-0.032023859500160415,-0.0032950557394813484,0.0032950557394813484
mag_excess_kurtosis phase_unwrap_k_mean,0.04119452766415492,0.07978414596007319,0.003286670207913209,0.003286670207913209
mag_kurtosis phase_unwrap_k_mean,0.041194527664154906,0.07978414595991122,0.0032866702079065355,0.0032866702079065355
phase_jump_k_rms_abs,-0.47560344553363587,0.006877142669748378,-0.0032707927491587158,0.0032707927491587158
phase_unwrap_k_slope_rms,-0.4756034455336357,0.0068771426695181485,-0.003270792749049217,0.003270792749049217
mag_max phase_unwrap_m_mean,-0.027381192727195212,0.11889073319887708,-0.0032553700791959996,0.0032553700791959996
phase_unwrap_m_slope_mean svd_sigma_2,0.014320258674060702,0.22334174373553103,0.003198311543008581,0.003198311543008581
phase_coherence phase_unwrap_k_slope_rms,-0.1822952442322413,0.017439621441807416,-0.003179160050052115,0.003179160050052115
phase_coherence phase_jump_k_rms_abs,-0.18229524423224117,0.017439621441323588,-0.003179160049963913,0.003179160049963913
phase_circular_variance phase_unwrap_k_slope_rms,0.18229524423225726,-0.017439621440235958,-0.003179160049765924,0.003179160049765924
phase_circular_variance phase_jump_k_rms_abs,0.18229524423225746,-0.017439621440196326,-0.0031791600497587027,0.0031791600497587027
mag_dynamic_range_linear phase_unwrap_m_mean,-0.02834714366552115,0.1109797010924523,-0.00314595753082434,0.00314595753082434
mag_percentile_99 pdp_rms_delay_spread,1.1419285169249747,-0.0027414765417463458,-0.003130570241501013,0.003130570241501013
phase_unwrap_m_var dH_dt_mean,0.10297155172197428,-0.029628091518539297,-0.0030508505582246565,0.0030508505582246565
mag_skewness phase_unwrap_k_slope_var,-0.681014215206863,-0.004221243902745601,0.002874727103625051,0.002874727103625051
mag_percentile_95 phase_unwrap_m_slope_mean,0.02470011826952413,0.11034643397933619,0.00272556996990984,0.00272556996990984
mag_skewness phase_jump_k_mean_abs,-0.6701566880290674,-0.004038245684008804,0.0027062573530430155,0.0027062573530430155
mag_dynamic_range_db pdp_los_peak_idx,0.06260269855749713,0.04274267415436091,0.0026758067456267793,0.0026758067456267793
mag_excess_kurtosis pdp_los_ratio,-0.03424589814740655,-0.07776786702631984,0.0026632304533244053,0.0026632304533244053
mag_kurtosis pdp_los_ratio,-0.03424589814740654,-0.07776786702621687,0.0026632304533208786,0.0026632304533208786
mag_kurtosis pdp_papr_linear,-0.03424589674481059,-0.0777678605121204,0.002663230121162908,0.002663230121162908
mag_excess_kurtosis pdp_papr_linear,-0.0342458967448106,-0.07776786051188361,0.0026632301211547997,0.0026632301211547997
mag_kurtosis phase_unwrap_k_slope_mean,0.03900792834682622,0.06428343773488954,0.0025075637330502355,0.0025075637330502355
mag_excess_kurtosis phase_unwrap_k_slope_mean,0.039007928346826225,0.06428343773482291,0.0025075637330476373,0.0025075637330476373
mag_kurtosis phase_jump_m_var_abs,0.04123614801176604,0.06028654593912385,0.002485984931463844,0.002485984931463844
mag_excess_kurtosis phase_jump_m_var_abs,0.041236148011766054,0.06028654593908822,0.0024859849314623757,0.0024859849314623757
phase_jump_m_mean_abs doppler_spread,0.8881426327124964,-0.002779751388941187,-0.0024688157168604443,0.0024688157168604443
mag_excess_kurtosis phase_unwrap_m_slope_rms,0.05019487490635944,0.04492589410137814,0.0022550496344750275,0.0022550496344750275
mag_excess_kurtosis phase_jump_m_rms_abs,0.05019487490635944,0.04492589410132132,0.002255049634472175,0.002255049634472175
mag_kurtosis phase_jump_m_rms_abs,0.050194874906359425,0.044925894101285946,0.002255049634470399,0.002255049634470399
mag_kurtosis phase_unwrap_m_slope_rms,0.050194874906359425,0.044925894101221824,0.00225504963446718,0.00225504963446718
mag_excess_kurtosis phase_jump_k_var_abs,0.04205032762584645,0.052454299997626436,0.0022057205002846284,0.0022057205002846284
mag_kurtosis phase_jump_k_var_abs,0.04205032762584643,0.05245429999761866,0.0022057205002843,0.0022057205002843
mag_energy_total phase_unwrap_m_slope_mean,0.03158022538964543,-0.06770081642515682,-0.002138007041769462,0.002138007041769462
phase_unwrap_m_slope_mean pdp_total_energy,0.031580225389645444,-0.06770081642509694,-0.0021380070417675715,0.0021380070417675715
mag_skewness phase_unwrap_m_mean,0.01675437138140725,0.12631045695919874,0.0021162523052496713,0.0021162523052496713
mag_mean phase_unwrap_m_mean,-0.026228559415109164,-0.07964472698155445,0.0020889664537358486,0.0020889664537358486
mag_min svd_sigma_2,0.03211881807096562,-0.06411053477170933,-0.0020591546027648477,0.0020591546027648477
mag_excess_kurtosis phase_unwrap_k_var,-0.043931827249568615,-0.04661717033245622,0.0020479774739091817,0.0020479774739091817
mag_kurtosis phase_unwrap_k_var,-0.04393182724956861,-0.046617170332365315,0.002047977473905188,0.002047977473905188
mag_percentile_50 phase_unwrap_m_mean,-0.025669734937838154,-0.07942700697269393,0.002038870215894876,0.002038870215894876
mag_kurtosis phase_unwrap_k_slope_rms,0.03891878583801148,0.05138566577984186,0.0019998677216293004,0.0019998677216293004
mag_excess_kurtosis phase_jump_k_rms_abs,0.03891878583801147,0.05138566577968886,0.0019998677216233455,0.0019998677216233455
mag_excess_kurtosis phase_unwrap_k_slope_rms,0.03891878583801149,0.051385665779652985,0.0019998677216219504,0.0019998677216219504
mag_kurtosis phase_jump_k_rms_abs,0.038918785838011456,0.05138566577964969,0.0019998677216218202,0.0019998677216218202
mag_excess_kurtosis pdp_rms_delay_spread,0.06404916148749296,0.031003788862604117,0.0019857666795850665,0.0019857666795850665
mag_kurtosis pdp_rms_delay_spread,0.06404916148749294,0.031003788862376664,0.001985766679570498,0.001985766679570498
mag_kurtosis phase_jump_m_mean_abs,0.04475427965340775,0.04435924637070934,0.0019852661172891388,0.0019852661172891388
mag_excess_kurtosis phase_jump_m_mean_abs,0.04475427965340775,0.044359246370538896,0.0019852661172815107,0.0019852661172815107
phase_coherence phase_unwrap_m_slope_rms,-0.1284531250479843,0.01537167062356335,-0.00197453912880501,0.00197453912880501
phase_coherence phase_jump_m_rms_abs,-0.1284531250479843,0.015371670623447863,-0.0019745391287901756,0.0019745391287901756
phase_circular_variance phase_unwrap_m_slope_rms,0.12845312504800943,-0.015371670622511208,-0.001974539128670245,0.001974539128670245
phase_circular_variance phase_jump_m_rms_abs,0.1284531250480095,-0.015371670622397627,-0.001974539128655656,0.001974539128655656
mag_excess_kurtosis phase_unwrap_m_slope_var,0.03806958926324837,0.051227662330669776,0.001950216063844979,0.001950216063844979
mag_kurtosis phase_unwrap_m_slope_var,0.038069589263248355,0.05122766233049603,0.0019502160638383637,0.0019502160638383637
mag_excess_kurtosis pdp_mean_delay,0.03836694084918838,0.05081577610344963,0.0019496458759666524,0.0019496458759666524
mag_kurtosis pdp_mean_delay,0.03836694084918837,0.05081577610326648,0.0019496458759596248,0.0019496458759596248
mag_excess_kurtosis svd_energy_ratio_mode1,-0.051320583908634906,-0.0377490791745873,0.00193730478525311,0.00193730478525311
mag_kurtosis svd_energy_ratio_mode1,-0.051320583908634886,-0.03774907917436329,0.001937304785241613,0.001937304785241613
mag_excess_kurtosis phase_unwrap_k_slope_var,0.03809905462565735,0.04986699901543817,0.00189988551950678,0.00189988551950678
mag_kurtosis phase_unwrap_k_slope_var,0.038099054625657346,0.04986699901529883,0.0018998855195014712,0.0018998855195014712
mag_percentile_75 phase_unwrap_m_slope_mean,0.025007489424054872,0.07539787802358516,0.0018855116372709852,0.0018855116372709852
mag_skewness phase_unwrap_m_slope_mean,-0.008217747171649406,0.2237993176493046,-0.0018391262096296398,0.0018391262096296398
mag_percentile_1 phase_unwrap_m_slope_mean,0.02482997499483695,0.07354237589265493,0.0018260553544755217,0.0018260553544755217
mag_excess_kurtosis phase_jump_k_mean_abs,0.03574322083218193,0.04954623836858063,0.0017709421394121027,0.0017709421394121027
mag_kurtosis phase_jump_k_mean_abs,0.03574322083218191,0.04954623836828687,0.0017709421394016022,0.0017709421394016022
mag_rms phase_unwrap_m_slope_mean,0.025863483724373193,0.06833353230958174,0.001767343200717797,0.001767343200717797
phase_unwrap_m_mean phase_unwrap_m_var,-0.015182173574444612,0.11384778937523021,-0.001728456899361556,0.001728456899361556
mag_var mag_kurtosis,0.22996239403774663,-0.0075145112648862195,-0.0017280550004968506,0.0017280550004968506
mag_var mag_excess_kurtosis,0.22996239403774665,-0.007514511264784974,-0.0017280550004735683,0.0017280550004735683
mag_mean phase_unwrap_m_slope_mean,0.026170223522637454,0.06392315658337681,0.001672883296059525,0.001672883296059525
mag_percentile_99 phase_jump_k_mean_abs,0.9775276301276586,0.001668814209094593,0.0016313119989396004,0.0016313119989396004
phase_unwrap_m_mean doppler_centroid,-0.014477678069638547,-0.10994079891166773,0.0015916874933619935,0.0015916874933619935
mag_percentile_1 phase_jump_k_max_abs,3.1804318956234963,0.00048083486709656975,0.0015292625478418153,0.0015292625478418153
phase_coherence phase_jump_m_mean_abs,-0.15428998182713352,0.009588935931517384,-0.0014794767506153648,0.0014794767506153648
phase_circular_variance phase_jump_m_mean_abs,0.15428998182715228,-0.009588935931513661,-0.0014794767506149703,0.0014794767506149703
mag_percentile_50 phase_unwrap_m_slope_mean,0.025974472840648265,0.05668688093826564,0.0014724118493520428,0.0014724118493520428
mag_rms phase_unwrap_m_mean,-0.026061352032741986,-0.056496728513972194,0.0014723811305008814,0.0014723811305008814
phase_unwrap_m_mean pdp_rms_delay_spread,-0.017444120705553637,-0.08393592246793044,0.0014641883630625702,0.0014641883630625702
phase_jump_k_mean_abs doppler_spread,0.7548349793088354,0.0018678821995329758,0.0014099428214358156,0.0014099428214358156
phase_unwrap_m_mean doppler_spread,-0.014168582067651293,-0.0923160920435364,0.0013079881262836961,0.0013079881262836961
mag_dynamic_range_db svd_spectral_flatness,0.8348496596551699,-0.001533359237435797,-0.001280124437502386,0.001280124437502386
phase_unwrap_m_slope_mean svd_sigma_1,0.026735886085733514,0.04551845782354199,0.001216976303168484,0.001216976303168484
phase_unwrap_m_mean phase_unwrap_k_slope_mean,-0.015629708961101524,0.07654240425659656,-0.0011963355017135825,0.0011963355017135825
mag_percentile_25 phase_unwrap_m_slope_mean,0.02810046170895814,0.04033584771542508,0.001133455944225669,0.001133455944225669
phase_unwrap_m_mean phase_unwrap_k_var,0.016516151669480332,0.06494981096642087,0.001072720928825484,0.001072720928825484
phase_unwrap_m_slope_mean svd_spectral_flatness,0.01353130237257582,-0.07397038855928643,-0.0010009156942126277,0.0010009156942126277
svd_sigma_2 dH_dt_mean,-0.029501621110006242,0.033815281145071006,-0.0009976056120702228,0.0009976056120702228
svd_sigma_2 doppler_variance_energy,-0.02948086745345935,0.03262911051136099,-0.0009619344821097107,0.0009619344821097107
mag_dynamic_range_db phase_unwrap_m_slope_rms,0.2180515224281368,-0.004401976247550599,-0.000959857622470905,0.000959857622470905
mag_dynamic_range_db phase_jump_m_rms_abs,0.2180515224281368,-0.004401976247349092,-0.000959857622426966,0.000959857622426966
phase_unwrap_m_slope_mean pdp_los_peak_idx,0.008944016125229447,-0.10591867646944725,-0.000947338350305697,0.000947338350305697
phase_circular_mean phase_unwrap_m_slope_mean,0.015026373411195934,0.05988132593875999,0.0008997991639133405,0.0008997991639133405
phase_unwrap_m_mean phase_unwrap_k_mean,-0.0161847850607205,0.05008146835229753,-0.0008105578008072116,0.0008105578008072116
phase_unwrap_m_mean phase_jump_m_max_abs,-0.09299118752575883,-0.008584763834106434,0.0007983073835617437,0.0007983073835617437
mag_percentile_75 phase_unwrap_m_mean,-0.02510533084280508,-0.030455365195379343,0.0007645920191684494,0.0007645920191684494
svd_sigma_2^2,0.02777158756322013,0.0270334873007663,0.0007507628597124307,0.0007507628597124307
phase_circular_variance phase_unwrap_m_slope_mean,-0.005664770494707909,-0.11924250637397939,0.0006754814318223382,0.0006754814318223382
phase_coherence phase_unwrap_m_slope_mean,0.005664770494709279,0.11924250637389597,0.000675481431822029,0.000675481431822029
mag_percentile_5 phase_unwrap_m_slope_mean,0.02834586273186554,0.023150841539284574,0.0006562305763997313,0.0006562305763997313
mag_min,0.2691931152708835,0.0024009604767633547,0.0006463220303821931,0.0006463220303821931
mag_kurtosis phase_unwrap_m_slope_mean,0.011191818163162358,-0.05439830909006699,-0.0006088159837195317,0.0006088159837195317
mag_excess_kurtosis phase_unwrap_m_slope_mean,0.011191818163162354,-0.05439830909000317,-0.0006088159837188173,0.0006088159837188173
phase_circular_mean phase_unwrap_m_mean,-0.03832471143965564,-0.015531619474988975,0.0005952448345694884,0.0005952448345694884
mag_min phase_unwrap_m_slope_mean,-0.008248420826710578,-0.07166220285661129,0.0005911000065304308,0.0005911000065304308
mag_percentile_50 doppler_centroid,2.915938927119002,0.00020026693849901542,0.0005839661617842262,0.0005839661617842262
phase_unwrap_m_mean doppler_variance_energy,-0.010616646443777524,0.050355782137422235,-0.0005346095353528995,0.0005346095353528995
mag_percentile_95 phase_unwrap_k_var,-1.0572961010269233,0.0005041377186399863,-0.0005330228442986656,0.0005330228442986656
mag_percentile_95 dH_dt_mean,0.13068065487215888,-0.0039469922807959775,-0.0005157955360297744,0.0005157955360297744
phase_unwrap_m_mean phase_jump_k_var_abs,-0.015417231344698521,0.033416478954853834,-0.000515189586772231,0.000515189586772231
phase_unwrap_m_slope_mean phase_unwrap_k_var,-0.0037539565490748877,0.13531370504531787,-0.0005079617692344587,0.0005079617692344587
phase_coherence phase_jump_k_var_abs,-0.16761946523595164,0.003010190729554047,-0.0005045665603460685,0.0005045665603460685
phase_circular_variance phase_jump_k_var_abs,0.16761946523597196,-0.0030101907293872215,-0.0005045665603181665,0.0005045665603181665
mag_percentile_99 phase_unwrap_m_mean,-0.025683627044066702,0.01894711541162439,-0.00048663064579304924,0.00048663064579304924
phase_unwrap_m_var phase_unwrap_m_slope_mean,0.00270765726301104,0.17804910324520512,0.0004820959475744822,0.0004820959475744822
phase_unwrap_m_mean pdp_los_peak_idx,-0.003841687927947904,0.12388360504347434,-0.0004759221499661815,0.0004759221499661815
phase_unwrap_m_slope_mean pdp_rms_delay_spread,0.006242421126532321,-0.06328384529419867,-0.00039504441283270877,0.00039504441283270877
phase_unwrap_m_mean phase_jump_k_mean_abs,-0.014888065998032078,0.02630409169362394,-0.00039161705315296063,0.00039161705315296063
phase_unwrap_m_mean dH_dt_mean,-0.011059978051370784,0.034374688469465536,-0.0003801832999949972,0.0003801832999949972
phase_unwrap_m_mean phase_unwrap_k_slope_var,-0.01523233938841706,0.024778946211723274,-0.0003774413183843001,0.0003774413183843001
phase_unwrap_m_mean phase_jump_k_rms_abs,-0.015124423995477124,0.023615223650942065,-0.00035716665524486706,0.00035716665524486706
phase_unwrap_m_mean phase_unwrap_k_slope_rms,-0.015124423995477131,0.023615223650925284,-0.0003571666552446134,0.0003571666552446134
phase_unwrap_m_mean phase_jump_m_var_abs,-0.015624189978889152,0.022549701924855215,-0.00035232082684126027,0.00035232082684126027
mag_percentile_95 doppler_variance_energy,0.1306879828127688,-0.0026418545889109733,-0.00034525864710943167,0.00034525864710943167
mag_var phase_unwrap_m_slope_mean,0.021276298738734482,-0.015998131030042655,-0.0003403810150566055,0.0003403810150566055
phase_unwrap_m_mean pdp_mean_delay,-0.01522395976563411,0.018211414305385053,-0.0002772498386604755,0.0002772498386604755
mag_percentile_95 phase_unwrap_m_mean,-0.02541710061764716,0.010699417629266426,-0.0002719481744332926,0.0002719481744332926
phase_unwrap_m_slope_mean phase_jump_m_rms_abs,0.004499337239305577,-0.05436125911327076,-0.0002445896375038788,0.0002445896375038788
phase_unwrap_m_slope_mean phase_unwrap_m_slope_rms,0.0044993372393055744,-0.05436125911326871,-0.00024458963750386944,0.00024458963750386944
phase_unwrap_m_slope_mean svd_sigma_ratio,-0.017422253782318372,-0.013972239843356871,0.0002434279084583837,0.0002434279084583837
phase_unwrap_m_slope_mean phase_jump_m_mean_abs,0.0038160812347375153,-0.06184921557167341,-0.0002360216309262982,0.0002360216309262982
phase_jump_m_max_abs pdp_los_peak_idx,0.4290235170265496,0.00048478610688647213,0.0002079846405820431,0.0002079846405820431
phase_unwrap_m_slope_mean svd_energy_ratio_mode1,-0.0029591043218748932,0.06641685881540878,-0.00019653441396603072,0.00019653441396603072
phase_unwrap_m_mean phase_unwrap_m_slope_var,-0.015270889096958992,0.012007802486970831,-0.00018336982007671995,0.00018336982007671995
phase_unwrap_m_slope_mean phase_unwrap_k_slope_mean,0.0029914224811226713,0.055675765111084914,0.00016654973540700468,0.00016654973540700468
phase_unwrap_m_slope_mean phase_unwrap_m_slope_var,0.002966561072541408,-0.055781751809610015,-0.0001654799734765553,0.0001654799734765553
phase_unwrap_m_mean phase_jump_m_mean_abs,-0.015790258171934662,-0.01039720303622423,0.00016417452020800352,0.00016417452020800352
phase_unwrap_m_slope_mean phase_jump_k_rms_abs,0.003041565330402804,-0.05237676583442784,-0.0001593073550806218,0.0001593073550806218
phase_unwrap_m_slope_mean phase_unwrap_k_slope_rms,0.0030415653304028015,-0.052376765834416035,-0.00015930735508058578,0.00015930735508058578
phase_unwrap_m_slope_mean phase_unwrap_k_slope_var,0.0029757782678484952,-0.05320567765822711,-0.00015832829930150446,0.00015832829930150446
phase_unwrap_m_slope_mean pdp_mean_delay,0.002992596003685935,-0.05116494792553588,-0.00015311601869075764,0.00015311601869075764
svd_sigma_2 dH_dt_max,-0.0011087605366509742,0.1376652562535134,-0.0001526378034018394,0.0001526378034018394
phase_unwrap_m_slope_mean phase_jump_k_mean_abs,0.0026610114610909246,-0.05636111251246803,-0.00014997756635551254,0.00014997756635551254
phase_unwrap_m_slope_mean doppler_spread,0.0011735412244689662,0.12504178079960115,0.000146741684549344,0.000146741684549344
phase_unwrap_m_slope_mean dH_dt_max,0.0006673636756235307,-0.20791155592284058,-0.00013875262016527413,0.00013875262016527413
doppler_spread^2,0.001798031980701305,-0.07484936071036488,-0.00013458154429228382,0.00013458154429228382
phase_unwrap_k_slope_mean phase_jump_m_var_abs,-0.4315705708690531,-0.0003073298574114756,0.0001326345220081752,0.0001326345220081752
phase_unwrap_m_slope_mean phase_jump_m_var_abs,0.0032833928452740786,-0.03972906708934765,-0.00013044613463057792,0.00013044613463057792
phase_unwrap_m_slope_mean phase_unwrap_k_mean,0.003374295943618242,0.03622639007317502,0.0001222385610758466,0.0001222385610758466
phase_unwrap_m_slope_mean pdp_los_ratio,-0.0017376695578168362,0.06172437960479204,-0.00010725657541437753,0.00010725657541437753
phase_unwrap_m_slope_mean pdp_papr_linear,-0.0017376693500301423,0.06172438218191154,-0.00010725656706705433,0.00010725656706705433
mag_skewness phase_jump_m_rms_abs,-0.7377766984319707,-0.0001380777024893,0.00010187051146962766,0.00010187051146962766
mag_skewness phase_unwrap_m_slope_rms,-0.7377766984319708,-0.00013807770220544902,0.00010187051126020903,0.00010187051126020903
phase_unwrap_m_slope_mean doppler_centroid,0.0022283740656916856,-0.04547283244085466,-0.00010133048050474407,0.00010133048050474407
phase_unwrap_m_slope_mean phase_jump_k_var_abs,0.003463699179082066,-0.027793471389921165,-9.626822403711082e-05,9.626822403711082e-05
doppler_centroid^2,-0.0017212427356931134,0.04179102514855046,-7.19324984541107e-05,7.19324984541107e-05
mag_excess_kurtosis phase_unwrap_m_mean,0.007549628312203135,-0.008199014387920419,-6.189951115520486e-05,6.189951115520486e-05
mag_kurtosis phase_unwrap_m_mean,0.0075496283122031375,-0.008199014387892644,-6.189951115499519e-05,6.189951115499519e-05
phase_unwrap_m_slope_mean pdp_los_peak_power,0.03327965844092431,0.0013278903656273695,4.419173781507295e-05,4.419173781507295e-05
phase_unwrap_m_mean phase_jump_m_rms_abs,-0.01651188328415827,0.001872962049710317,-3.0926130760474593e-05,3.0926130760474593e-05
phase_unwrap_m_mean phase_unwrap_m_slope_rms,-0.016511883284158275,0.0018729620497068711,-3.092613076041771e-05,3.092613076041771e-05
phase_coherence pdp_rms_delay_spread,-0.06173984932352748,0.0003562280694751935,-2.1993467334209526e-05,2.1993467334209526e-05
phase_circular_variance pdp_rms_delay_spread,0.0617398493235625,-0.00035622806909446094,-2.199346731071563e-05,2.199346731071563e-05
doppler_centroid doppler_spread,0.0005561537384306061,-0.030352625544436813,-1.6880726167722844e-05,1.6880726167722844e-05
mag_kurtosis phase_circular_variance,-0.0648188094339181,0.00011252876679673549,-7.293980690831408e-06,7.293980690831408e-06
mag_excess_kurtosis phase_circular_variance,-0.06481880943391811,0.00011252876679671536,-7.293980690830105e-06,7.293980690830105e-06
mag_kurtosis phase_coherence,0.06481880943392924,-0.00011252876662072842,-7.293980679424094e-06,7.293980679424094e-06
mag_excess_kurtosis phase_coherence,0.06481880943392927,-0.00011252876649508961,-7.293980671280339e-06,7.293980671280339e-06
phase_unwrap_m_mean svd_energy_ratio_mode1,0.015361872219171126,-0.00011629010862787304,-1.7864337890949154e-06,1.7864337890949154e-06
